Date,6432.KL,3301.KL,5271.KL,2089.KL,5151.KL,7230.KL,1015.KL,8117.KL,5053.KL,5041.KL,7161.KL,6459.KL,7103.KL,7501.KL,5056.KL,5247.KL,4286.KL,9407.KL,5249.KL,5878.KL,7035.KL,7187.KL,7609.KL,7252.KL,7246.KL,5211.KL,7004.KL,5273.KL,7197.KL,3565.KL
2022-01-03,,,,,,,,,,,,,,,,,,,,,,,,,,,,,,
2022-01-04,0.002751030665294551,-0.0021691445104387607,0.0058651137113246805,0.008534894634416076,-0.026316702981706887,0.005420062216286035,0.003120124318874584,0.00754719816612951,0.0,0.0,0.00809720241664188,-0.008810621353606442,-0.028987509324886983,0.0,0.025316659925300047,-0.0372713589129909,-0.01680720250373277,0.0,0.009302383378101268,0.009389843352046751,0.0,0.03836089687452633,-0.034786083625431376,0.0,-0.007380100155453859,0.01176483002949825,0.0,-0.037883372313109724,0.0,0.0
2022-01-05,0.0027434832539862254,0.0,-0.008810621045141976,-0.0014174333876414613,0.013243920152611832,-0.005420062216286126,0.01851903005057514,0.0512932450904762,0.011427567725640957,0.024692588966579433,0.008032164006342388,0.00881062135360639,0.0,0.0,0.0,0.012578769946411373,0.0,0.06669131084966336,0.009216645991064322,0.0,0.008968661352744326,0.021277378208016763,0.00881062135360639,0.0,0.05055223128012209,0.0,0.0,-0.0393751282655503,-0.02371654170476574,0.015504172207925104
2022-01-06,-0.002743483253986206,-0.0010863910861794355,0.0029455073338171245,0.0,0.0065586884440713795,-0.016438776097217507,0.0030534345971298476,-0.058840443256605764,-0.005697409198900226,-0.024692588966579474,0.0,-0.008810621353606442,-0.004914978995666861,0.021056243945989407,-0.008367903218097675,0.0,0.0,-0.05981843831915876,-0.018519029369165625,-0.028438021020957063,0.01769956029357998,0.0,0.0,0.012902178027582558,0.0,0.0,0.00754719816612951,-0.06213182161680555,-0.016127793246758757,0.030305411084514445
2022-01-07,0.0027434832539862254,-0.0021762254469965287,0.008784820969229577,0.0,0.012985914459660896,0.0,0.006079040349402274,0.0,0.0056974091989001165,0.018576367746392982,-0.00803216400634236,0.00881062135360639,0.0,-0.013989355367032321,0.008367903218097642,0.0,-0.017094417683034165,0.0,0.0,0.009569442282869345,0.0087336717850503,-0.005277052121341222,-0.0176995602935799,0.01904903785282871,0.020906747926708276,-0.005865113711324928,-0.03831891892105419,0.0,-0.008164915151741624,-0.015037862537514927
2022-01-10,0.0,-0.0010899432876237873,-0.014684537287402885,-0.0028409084039009943,0.03174937968284646,-0.005540175253055028,0.01503786334626105,0.05884044325660578,-0.005697409198900226,-0.012345824011753648,-0.02449099617279426,-0.0176995602935799,-0.004937839031510036,-0.014184073723134457,0.008298462088645243,0.06062463496451775,0.0,0.006825958405077651,-0.009389843352046762,0.00947873538604097,0.0,-0.0322608311983702,-0.03636760869192046,0.030961791314175494,-0.07145897920683035,0.011696028347801337,-0.007843170127777188,-0.017241790486774565,-0.024897643381337216,-0.030771720754924653
2022-01-11,0.0,0.0010899432876239033,-0.002963032947646201,0.002840908403900951,-0.025317226265691238,-0.005571039869659899,0.026511170650076576,0.0,0.02259922340705471,0.0,0.016393793756152287,0.008888938939973553,0.004937839031510083,0.007117185144177525,-0.016666365306742724,-0.011834516917728187,0.0,0.0,0.009389843352046751,-0.009478735386040972,0.008658054700508674,0.04800917338361099,0.0800426312573253,-0.024692811779117814,0.00738010015545396,0.017291480476206718,-0.007905172057463813,0.008658054700508674,0.016667951585503122,0.0
2022-01-12,-0.002743483253986206,0.0,0.002963032947646213,0.0,0.006389222786726477,0.011111215122714917,-0.002911207378571679,0.0,0.005572238252971373,0.00619196430619583,-0.02469258836084179,0.0,0.019513764443011082,-0.02877792241488616,0.05715897511744814,0.023530545265529484,0.0,-0.013698830935582187,0.009302383378101268,-0.009569442282869305,0.008583735786265884,-0.010471290063899593,-0.008583735786265919,0.0,-0.007380100155453859,-0.011494368400598594,0.0,0.004301077929864145,0.008229691795834108,0.015504172207925104
2022-01-13,0.0027434832539862254,-0.0010899432876237873,0.0029542089843561685,-0.001419445357219667,0.01265895488218346,0.01098917664011656,0.028737582199734928,-0.036367609480340825,0.005539582133629593,0.0,-0.04255967488727559,0.026202347839165366,-0.029413856841548097,0.014492534483242918,-0.024099464866680437,0.011560811248108576,0.03390162018676702,0.0068728725305045495,-0.01869222673014813,0.009569442282869345,-0.017241790486774565,-0.010582099318558446,0.0,0.012423890456403608,0.00738010015545396,-0.01749314042340947,0.007905172057463819,0.0,-0.024897643381337216,-0.015504172207925054
2022-01-14,0.002735977141819197,-0.007662839145769791,-0.023881780235719116,0.0,-0.025480331086065264,0.005449599457100964,0.01963595613078631,0.036367609480340964,0.0,-0.012422508040835292,0.0,-0.017391726485559075,0.0,0.0,-0.00816298094799995,-0.02325683959591004,-0.05129334667232577,0.04027386046153039,0.0,-0.009569442282869305,0.0,-0.03794496064126942,-0.02620234783916546,-0.012423890456403743,-0.03745761673310772,0.011696028347801337,0.023347342335702286,-0.012959132630372643,-0.034190535682968766,0.0
2022-01-17,0.0,0.0010982181429509345,-0.009104758428402254,-0.005698015889554818,0.03174937968284646,-0.016438776097217507,-0.005571039869659899,0.0,-0.022346784637362383,0.006230543734639389,0.01724179048677462,0.0,0.0,0.02135227651060017,-0.016528626084670203,0.011696028347801337,0.0,0.0,-0.028710079677787007,0.0,0.008658054700508674,-0.03371102572879777,-0.008888938939973515,0.0062299992893282505,0.0,0.0057971120756082056,0.0,0.0,0.0,0.015504172207925104
2022-01-19,-0.0027359771418190757,-0.0021977486097707476,-0.003053434597129846,0.0,-0.025317226265691238,-0.011111215122715005,-0.016901794910049166,-0.021661476270717493,0.0,-0.006230543734639407,-0.008583735786265919,-0.035718048379316844,-0.010000612637188471,0.04138728826296403,0.0,0.011560811248108576,0.0,0.0,0.0,0.0,-0.008658054700508611,-0.028987508824008166,0.008888938939973553,-0.025158781730583866,0.0,-0.011628026712084608,0.0,-0.017544293138656752,-0.008732816587589728,-0.03125251439316593
2022-01-20,0.0,0.0032948665621596552,-0.00613498273464541,-0.0028612296460335403,0.0,0.022100391762831545,0.0,0.0,0.005633310323775742,0.04879011804678982,0.0,0.018018488085736917,0.0,0.09038393090269242,0.008298462088645243,-0.03509135651363813,0.0,-0.0334479020564528,-0.019608453053774056,0.0,0.0,0.011696028347801337,-0.008888938939973515,0.0,0.007604682801388995,0.0058309146364764605,-0.03922067647349926,0.01754429313865675,-0.02666822164632427,-0.01600032608667548
2022-01-21,0.0,0.003284046058854675,0.012232556840809858,0.0,0.0,-0.016529351893171514,-0.005698015696033632,0.007272752393174878,0.0,-0.036367610005954516,-0.008658054700508611,0.0,0.0,0.00615361262781303,0.016393144944024957,-0.024097529080210244,0.0,0.0,0.0098522871858351,0.0,0.0,-0.005830914636476607,0.05218570446217316,-0.006389234946630644,-0.007604682801389022,-0.01759574466597464,0.0,0.0,-0.04609207376252884,0.0
2022-01-24,0.002735977141819197,-0.0010934145680259527,0.006060618919367794,0.0028612296460334844,0.05000928551366703,0.005540175253055062,-0.034887225142181386,0.014388723877542623,-0.01699756948006906,-0.006191964306195913,-0.044451720164367166,0.0,0.00501200313491837,-0.04389245417279421,-0.016393144944025047,-0.012270080925744142,0.0,0.020202687854778384,0.0,-0.009661902008876884,0.0,0.0,-0.008510681896768226,-0.01941619407892454,0.015151880967518554,0.0,0.007968162080333152,0.054982182621502826,-0.009477807309671302,0.0
2022-01-25,-0.0027359771418190757,-0.00989564424121248,-0.006060618919367702,0.0,-0.03727151625173621,0.0,-0.008915425984101966,-0.007168482740163348,0.0,-0.006230543734639407,0.0,-0.027150962700856176,0.01488870190080719,0.0,-0.016666365306742724,-0.02500127798724679,-0.0176995602935799,-0.04082195478382607,-0.009852287185835048,0.0,-0.017544293138656752,-0.011764830029498071,-0.025975462271824953,0.0,-0.015151880967518485,0.005899716318173401,0.0,-0.020790749056754862,0.028170933733023967,0.0
2022-01-26,-0.01101945043700249,0.010989058809238304,0.003034900840367581,0.0,0.061370243829047766,0.0,-0.005988036287827113,-0.03663409797892737,0.01699756948006902,0.024692588966579433,0.018018488085736917,0.027150962700856145,-0.009900092398536998,-0.006434014131159755,0.008367903218097642,0.025001277987246766,0.03509128677913881,0.013793308523969955,0.0098522871858351,0.0,0.0,0.029156555914083424,0.025975462271824908,0.01941619407892441,-0.0076628657456105625,0.0,-0.03226083119837008,0.0371176264551731,0.018347251186072538,-0.016260505111694693
2022-01-27,0.013755427578821684,0.0,0.0,0.0,-0.011976825820992831,-0.005540175253055028,0.002998500209540316,-0.06155792547768068,-0.022727728006809843,0.0,-0.008968661352744359,0.0,0.0,0.03175075419836985,0.008298462088645243,-0.012422508040835292,-0.03509128677913874,-0.02777962045721279,0.009756165867939136,-0.009756165867939072,-0.017857600292717837,-0.011560811248108578,-0.04367502256540492,0.01904903785282871,0.022814746713129042,-0.017804678380562083,-0.01652928566578902,-0.008130118203598055,-0.027651556397930693,-0.03333648816952201
2022-01-28,-0.013755427578821595,0.003273400279199027,0.02395328933036308,0.0,-0.018237581602089194,-0.005571039869659899,-0.0060060184699918355,0.07637299687188454,-0.005764836338394622,-0.037271358912990785,0.0,-0.008968661352744359,0.009900092398536984,0.024691691261106347,0.008230163996025108,0.024692588966579433,-0.03636760869192058,0.061452803120013555,0.0,0.019418067876815836,0.026668221646324243,0.0,0.01769956029357998,0.00626897953505776,-0.007547198166129499,0.02366979209188704,0.0800426312573253,0.028170849935111448,0.0,-0.0344861441685929
2022-01-31,0.0,0.009756191083009428,-0.002963032947646201,0.0014275506793242892,0.018237581602089162,0.0,-0.018237570367571024,-0.09237332295855996,-0.005796495116127054,0.006309163024485387,0.0,0.017857600292717848,0.0,0.0,0.0,-0.024692588966579474,0.03636760869192061,-0.06851996379379909,-0.009756165867939072,0.0,0.0,-0.01169602834780146,0.017391726485559075,0.0,-0.007604682801389022,0.0,0.0,0.003960397476549579,0.04567103579925501,0.034486144168593025
2022-02-03,0.011019450437002467,0.0,0.014727862977144198,-0.0028571421733041857,0.05279827112687273,0.0055710398696598214,0.009160360729221185,0.03174866827191641,0.011561331454521664,0.0,0.008968661352744326,0.0,0.004914978995666928,0.012120869839488933,0.008162980947999877,0.0,-0.03636760869192058,0.014084726874723943,0.019418067876815836,0.009569442282869345,0.0,0.0,-0.008658054700508611,-0.006268979535057709,0.03745761673310777,0.0,-0.007722038985425331,-0.028057925979866897,0.04367590066992857,0.0
2022-02-04,0.0,0.001078089064495663,-0.026668292301427192,0.008547052740754518,-0.011494994865135381,0.05406723521288297,0.012084727898801509,0.045809583292439726,0.0,0.006269606921925908,-0.008968661352744359,-0.008888938939973515,-0.01481507139420387,0.006005875919011657,0.024099464866680326,0.012422508040835311,0.0,0.06103591471780483,0.0,-0.019231344291746142,-0.0176995602935799,0.011696028347801337,0.008658054700508674,0.0,0.0,0.0,-0.055791306606110945,-0.02053458233421425,-0.0436759006699285,0.0
2022-02-07,0.0,-0.008658054700508611,0.017857671256285245,0.0,0.05619574219095054,-0.015915440207621832,-0.021245088628022542,-0.09381875667605079,0.017094417683034057,0.0,0.0,0.008888938939973553,0.009900092398536984,0.0,0.007904847731175663,0.02439143007312866,0.01834912060618362,-0.013245214201674278,0.0,0.056618952398999514,0.0,0.0057971120756082056,0.05859420854760871,0.0,0.0,-0.005865113711324928,0.0,0.0164612609024201,0.0,-0.017094417683034165
2022-02-08,0.008185576598920183,-0.0021762254469965287,0.034786082423210955,0.0,-0.02210152391876045,-0.00536193800039486,0.006116221220186421,-0.01652928566578902,-0.011364259156293244,0.0,0.0,0.01754429313865675,0.009804436228488728,-0.018126745758500713,0.03100896029059775,-0.012121349147384462,0.018018488085736917,-0.03390151879036064,-0.009661902008876884,-0.009216645991064273,0.026433232078630374,0.0,-0.033060829683369264,-0.012659802906197979,-0.01481507139420387,-0.005899716318173342,-0.01652928566578902,-0.024794634182998078,0.01770043839810373,0.0
2022-02-09,0.00271370323795161,0.0,-0.005714295813826602,0.0,-0.011234964250761374,-0.005390843438307593,0.012121349147384488,0.040821954783826074,0.011364259156293199,0.006230543734639389,0.0,0.0,0.009709328214522394,0.012120869839488933,0.0,0.0,-0.018018488085736913,0.03390151879036072,0.009661902008876854,0.01834912060618362,-0.008733671785050415,0.0,0.024897526988316567,0.006351198634725593,0.014815071394203828,0.005899716318173401,-0.008368241322527534,-0.03838430763332513,0.0,0.017094417683034057
2022-02-10,-0.00816330269505262,0.02155253734271003,0.0,0.004246287012415499,0.01680720250373278,0.010752781438702515,0.023810696850554036,0.007968162080333152,0.0,-0.006230543734639407,0.0,-0.008733671785050415,-0.009709328214522332,0.0,-0.023166109421618123,0.0,-0.01834912060618378,0.01980260859668314,0.009569442282869345,0.018018488085736917,0.017391726485559075,0.005763699172500381,-0.02489752698831648,0.018807583095858227,-0.01481507139420387,0.005865113711324902,0.07290670037192752,0.038384307633325114,0.008732816587589853,0.0
2022-02-11,0.005449599457100964,-0.0161207762990954,-0.014430250927765708,0.0,0.021978302033814442,0.0,-0.0088627492658196,0.007905172057463819,0.0,0.0,0.0,0.0087336717850503,-0.00980443622848883,0.01791333008951993,0.0,-0.024692588966579474,0.03636760869192061,-0.026491590346980957,0.00947873538604097,0.026433232078630374,0.017094417683034057,0.0,0.0,0.006193891167075541,-0.015037862537514927,-0.011764830029498184,0.0,0.02886795561479227,0.008657214247105596,0.0
2022-02-14,-0.0027210874663639514,0.007555421748772998,0.0,0.008438961181205244,-0.02755054028678584,0.031581542323120076,0.011799606060174524,0.0,-0.011364259156293244,0.0,0.0,-0.026433232078630325,0.009804436228488728,0.005899562462238974,-0.015747698600155385,0.0,-0.03636760869192058,0.0,0.0,0.0,-0.017094417683034165,-0.011560811248108578,-0.008438961181205271,-0.012423890456403743,0.0,0.005899716318173401,-0.048009173383611034,0.028057925979866925,-0.008657214247105608,0.0
2022-02-15,0.008141149682649923,0.0,-0.02950070672836339,0.008368241322527748,-0.011234964250761374,0.01030942128929636,0.0,0.1186575221400272,0.011364259156293199,0.0,0.0,0.008888938939973553,-0.024693138129295862,0.005864871027868411,0.0,0.0,0.01834912060618362,0.006688981750297954,0.009389843352046751,-0.017544293138656752,0.0,-0.005830914636476607,-0.008510681896768226,0.0062299992893282505,0.00754719816612951,0.005865113711324902,0.03226083119837014,-0.028057925979866897,-0.03540103823391402,0.01680720250373278
2022-02-16,-0.005420062216286015,0.0074986633684504,-0.021180802214506175,0.0,-0.02865574913755573,-0.03125257552613559,-0.002936856794354985,-0.0070175662009383764,0.005633310323775742,0.0,0.017857600292717848,0.0,0.0,-0.017701959297287864,0.03891380802177355,-0.012578769946411402,0.018018488085736917,0.05195976609232089,-0.009389843352046762,-0.036039901640829694,-0.017391726485559075,0.01162802671208485,-0.034786083625431376,-0.006229999289328193,0.0,-0.005865113711324928,-0.007968162080333081,-0.028867955614792263,0.035401038233913974,0.0
2022-02-17,0.008119116580163102,-0.0010678302270670128,0.0,0.0013878246937310901,0.0,0.08612913352186026,0.0,-0.014184621799781234,0.0,0.006230543734639389,0.03478608362543126,0.00881062135360639,0.024693138129295994,0.011837088269419463,0.015153835448183814,0.037271358912990965,-0.018018488085736913,-0.01916997403301815,-0.009478735386040972,0.0,0.0,0.04520539412939638,0.0,0.0723212313519811,0.014925635610135518,-0.011834516917728074,-0.024292669118037107,0.012474161858639712,0.04256050524946819,0.0
2022-02-18,0.0,0.004264394884352761,0.009132474946532125,0.03943413009009474,-0.01759586031561105,0.0,0.0029368567943549146,-0.014388723877542694,0.0,-0.006230543734639407,0.0,0.0087336717850503,-0.024693138129295862,0.02325588559851924,0.029630555044463356,-0.024692588966579474,0.018018488085736917,0.03174874397942956,0.01886857873808785,0.0,0.0,-0.01671346543338953,0.0,-0.01169499042294311,-0.007434971238749889,0.0,-0.02489752698831648,-0.01666703592721668,-0.042560505249468195,0.03278979077748378
2022-02-21,0.0026917890744305533,0.008474619285550641,-0.0030349008403676337,-0.01748539456871288,0.02915719177013275,-0.02955877446462216,-0.014771373712083145,0.13534137848671374,0.005601653926985662,0.0,0.0,0.008658054700508674,0.0,-0.011560339795790745,-0.029630555044463325,0.0,-0.018018488085736913,0.006230543734639389,0.05455893100999525,-0.018519029369165625,0.0087336717850503,0.0,0.0,0.023254718071683646,0.04380258071909079,0.005934800599554714,0.05715835818668655,0.012526247349154982,0.0,0.0
2022-02-22,-0.010810905654593653,0.006309213481938655,-0.012232556840809877,-0.013661402641419877,0.0,0.05826885414240924,-0.014992770651808117,-0.025642482545709326,-0.011234964250761374,0.0,0.008510681896768206,-0.02620234783916546,0.004988609502270238,0.01156033979579062,0.05129116649934144,0.0,0.0,0.00619196430619583,-0.07342750974808301,-0.018868578738087744,-0.017544293138656752,-0.01699756029540832,-0.008888938939973515,0.0,0.0,-0.005934800599554761,0.015748342185240974,-0.01673687625722509,0.008657214247105596,-0.016260505111694693
2022-02-23,0.0,0.016632384384388268,0.012232556840809858,-0.002754820236193467,0.0,-0.038466245545726065,0.012012145267260943,0.03822125249212064,0.005633310323775742,0.0,0.01680720250373278,0.0,0.009900092398536984,0.044952543742847156,-0.007168198615928442,-0.012578769946411402,-0.01834912060618378,-0.025001277987246565,0.00947873538604097,0.00947873538604097,0.026202347839165366,0.0056980156960335475,0.03509128677913902,-0.011559727648740524,0.021202188000719626,0.0,0.0,0.0573928424844617,0.017095279878734677,0.01626050511169458
2022-02-24,-0.005449599457100901,-0.022941597866326876,-0.021506184740974557,-0.00138026124257199,-0.029157191770132703,0.10241501990776829,-0.015037863346261034,-0.018927991377707634,-0.022727728006809843,0.0,0.0,0.0,-0.014888701900807025,-0.01105228944112661,-0.051672510971997945,-0.01273908961882177,-0.01869222673014813,-0.006349221431296386,-0.009478735386040972,-0.038466245545726065,-0.035091286779138975,-0.017192384096632173,-0.035091286779138975,-0.05989734089557724,-0.04286366427143709,0.0,-0.0729067003719276,-0.04481397225386422,-0.07020522851285803,-0.06669141096425077
2022-02-25,0.01086966167338684,-0.006349171292205653,0.01234582401175363,0.013717624115310061,0.02339235543173812,-0.06394877436204209,0.03863782661776602,0.018927991377707627,0.017094417683034057,0.0,0.0,0.0,0.01488870190080719,0.0,0.015039897222775008,-0.025975462271824838,-0.019048177668910055,0.0,0.00947873538604097,0.009756165867939136,0.0,0.02849192869600681,0.01769956029357998,0.018347355748678577,-0.007326033054169456,0.0,0.008368241322527527,0.008298794604689132,0.07864327006998648,0.03390162018676702
2022-02-28,-0.008141149682649956,0.003179624634651456,0.006116221220186421,0.03612429813094176,-0.011626890147164374,-0.009478735386040972,-0.02061933788695774,0.006230543734639389,0.005633310323775742,-0.01257876994641129,-0.025317884400500992,-0.008888938939973515,-0.014888701900807025,0.05406804144582034,0.0,-0.013245214201674278,0.0,-0.03236533045935028,-0.028710079677787007,0.009661902008876854,0.0,0.0,-0.008810621353606442,-0.012194116514608453,-0.01481507139420387,0.011834516917728159,0.024692588360841736,0.024490996172794505,0.008369969566499463,-0.01680720250373277
2022-03-01,0.002721087466364004,0.020943154498284152,0.006079040349402274,-0.007915601890273434,-0.06649034711886734,0.00947873538604097,0.005934800599554714,0.0,0.02770317784574602,0.018809313681050693,0.016949643077973472,-0.06453857080810949,0.0,-0.054068041445820364,-0.00749035413419014,0.013245214201674292,0.0,0.0065573943950087855,0.009661902008876854,0.0,-0.008968661352744359,-0.01699756029540832,0.00881062135360639,0.006115682088644102,0.0366340979789275,0.0,0.0,0.03174866827191641,-0.008369969566499389,0.0
2022-03-02,0.0,0.0,-0.0030349008403676337,0.006600772534594077,-0.006269048596781177,0.01869222673014823,0.005899716318173401,0.018462045231939988,0.01626050511169458,0.0,0.0,-0.009569442282869305,0.009950862869296993,0.03279144197837789,-0.015153835448183708,-0.013245214201674278,0.0,-0.013158072193738508,-0.02927035506265089,-0.019418067876815874,-0.018182301348111753,0.011363747874334085,0.025975462271824908,-0.030961791314175424,0.0,0.0,0.0,0.049533978745564616,0.008369969566499463,0.01680720250373278
2022-03-03,0.010810905654593712,-0.015666077213856815,-0.00916036072922102,0.0285362807882438,-0.025480331086065264,0.009216645991064322,0.020379142532430596,-0.006116221220186404,0.010694232637164847,-0.006230543734639407,-0.01694964307797349,0.0,0.0,0.021276599467442505,0.030078855179936193,-0.013423007444650008,-0.019418067876815874,0.006600677798729651,0.0098522871858351,-0.0248151456278942,0.009132474615119254,0.02785699409877504,0.0,-0.03195121588041122,0.007168482740163504,-0.005899716318173342,0.0,0.007407434082689608,0.0,0.0
2022-03-04,0.0,0.004201682855065479,-0.006153859705557642,0.02649994948160543,-0.03947882491037559,0.0,-0.008683114184629352,0.0,-0.010694232637164795,0.0,-0.04367502256540492,0.009569442282869345,0.0,0.02083324098731255,0.021977995256172538,-0.027398947339176232,0.019418067876815836,-0.013245214201674278,0.0,-0.0050377891892164845,-0.027651503984284922,0.005479460395805221,-0.034786083625431376,0.012902178027582558,-0.014388723877542694,0.0,0.01612936642298423,-0.026169692073329243,0.0,-0.06899290696590576
2022-03-07,-0.010810905654593653,-0.04392777432008149,-0.040950640287780955,-0.006246021284895138,-0.04110175331408387,0.09614386966676206,-0.05374429556592626,-0.01857636774639301,-0.03836202903045519,-0.006269606921925834,-0.008968661352744359,-0.05380265578757932,-0.014962866004215307,-0.03141499629377174,-0.029412660853735027,-0.04255965761056652,-0.019418067876815874,0.0,-0.029852934817110672,-0.030771690651569438,0.009302383378101268,-0.11573597841104732,-0.15784483332485033,-0.045907983602493325,0.0,0.0,0.0,0.06949772780150079,-0.07796154348338225,0.0
2022-03-08,-0.0027210874663639514,0.0010947158872432973,-0.009693120245174902,-0.016424954455087796,-0.028370002185771098,-0.01680720250373277,-0.024845974668318813,0.0,0.0,0.006269606921925908,-0.009049826732992521,0.0,0.0,-0.18019509374107065,-0.030306750578947887,-0.029413856841548326,-0.019802608596683105,-0.006688981750297861,0.005037789189216557,-0.015748342185241043,0.01834912060618362,0.0479133809294496,0.03562720482039889,-0.027212747205735743,-0.09893994439956184,0.0,0.0,-0.13605852247317995,0.00896778324822052,-0.018018488085736913
2022-03-09,0.0,-0.0043859675861686286,0.019293261114412995,-0.00638979225804138,0.05595936949910803,0.01680720250373278,0.034006335397539895,-0.025317859565233025,0.027550540286785812,0.0,0.009049826732992556,0.005012537031210991,-0.010101636036658748,0.012657862977550678,0.015266853356172883,0.043802580719091,0.0,-0.013513706104480588,-0.0101010862558781,0.020943154236839373,-0.009132474615119266,0.03448614298701744,0.08617772686362166,0.033901053814538,0.03922067647349922,-0.01190496206238883,0.0,0.05895611187029013,0.05218574911153368,0.0357180483793169
2022-03-10,0.002721087466364004,0.0109290078803901,0.0,0.0,0.013512386000747063,-0.10536051565782628,0.021053389571175793,0.01273908961882172,0.005419582086822336,0.0,0.008968661352744326,-0.010050326220427584,0.03000234107238404,0.006269351071564524,-0.015266853356172859,0.09531017206346161,0.01980260859668314,0.0,0.015113623287089218,0.025576878599971105,0.009132474615119254,0.0,0.018182301348111794,0.0,0.059719267926062664,0.011904962062388738,-0.12783334983546882,0.003809615610064452,0.0,0.017391726485558857
2022-03-11,0.00271370323795161,0.0,-0.003189792214479489,-0.0012828726357457384,-0.03413171501796569,-0.01869222673014813,-0.005970161462834003,-0.01916997403301815,-0.016349139594764875,-0.006269606921925834,0.0,-0.010152361634350827,0.0,0.0,0.007662560996574032,0.0,-0.019802608596683105,0.12155516200747468,0.0,0.0,-0.009132474615119266,0.005633812421074211,0.05264368391814933,0.0,0.021506185003538333,0.005899716318173401,-0.027651503984284922,0.0,0.0,0.0
2022-03-14,-0.002713703237951683,-0.008733671785050415,0.0,-0.014221299572179229,0.0,-0.06831918036283685,-0.012048327267974208,0.025479137057503713,0.02174104625161181,0.0,-0.008968661352744359,0.01015236163435085,0.0,0.006230291062475883,-0.023166109421618123,0.01290339292688759,0.0,-0.07503519060608484,-0.015113623287089144,-0.005063297066661577,0.009132474615119254,0.0,0.0,0.032789435138912214,-0.014285943866159048,-0.023810696850553942,0.0,-0.026976653563600187,0.0,-0.01739172648555885
2022-03-15,0.0,-0.002195336095339825,-0.01610346889993343,-0.018397347847254306,0.0,-0.06252035892348594,0.006042308797982336,0.0,-0.010811488743669254,0.0,0.0,0.005037789189216557,-0.009900092398536998,0.0,-0.02371553116509211,-0.012903392926887598,0.0,0.02564248254570956,-0.015345554702537739,-0.010204160244013332,-0.018349120606183555,0.0,-0.017241790486774565,-0.02614548481067454,0.0,0.006006018469991941,0.0,0.0,-0.07020522851285803,-0.0176995602935799
2022-03-16,0.00271370323795161,0.003291251698925363,0.01290339292688759,-0.005319156418319687,0.0,0.026526729166799393,0.02086518951673679,-0.0063091630244854185,0.0,0.006269606921925908,0.017857600292717848,0.0,0.00496225336702681,0.006191810415295217,-0.016131632301743717,0.0,-0.020202687854778828,0.018809313681050693,0.00514139445852456,0.01020416024401339,0.01834912060618362,0.0,0.01724179048677462,0.0,0.007168482740163504,0.0,0.0633695523636018,-0.003913895668890834,0.01801947940132425,0.03509128677913881
2022-03-17,0.005405413342211417,0.007637756181464945,0.0063898681875254795,0.0,0.034131715017965664,0.025841268122335892,0.023324649866247892,0.006309163024485387,0.005419582086822336,0.012422508040835311,0.00881062135360639,0.005012537031210991,-0.025064502040874043,0.030396335541835733,0.03200431259785607,0.01290339292688759,0.020202687854778818,0.024541085581342322,0.01020416024401339,0.03491623188377238,-0.009132474615119266,0.0,0.06613983918432709,-0.006643950328237629,0.0,0.02366979209188704,-0.008810621353606442,0.03846633551500199,0.0689937602351616,-0.01739172648555885
2022-03-18,0.0,-0.007637756181464792,-0.006389868187525432,0.0,0.01993422200664335,0.0,-0.01451402882110585,-0.012658384455781838,-0.01086859845484765,-0.012422508040835292,0.0,-0.005012537031211045,0.0,0.035299437422375506,-0.007904847731175741,0.0,0.01980260859668314,0.018018488730808087,0.015113623287089218,-0.019802608596683105,0.0,0.011173290180334259,-0.074723574970593,0.04560891194032179,-0.021661476270717493,0.0058309146364764605,-0.017857600292717837,0.014981538899453396,0.0,0.0
2022-03-21,-0.002699054363877119,0.0021881304552692662,0.003200075973045783,0.0,-0.0066000942688684925,-0.01025649013484849,0.028820410808716872,0.006349221431296268,0.021621869377377673,0.0,0.0,0.005012537031210991,0.0,-0.011627549761759646,0.06155799760414726,0.01273908961882172,0.0,0.057819586037144495,0.009950321410848074,0.0,0.009132474615119254,0.016529351893171736,-0.008658054700508611,0.0,0.021661476270717614,-0.005830914636476384,0.0,-0.014981538899453343,0.0,0.017391726485558857
2022-03-22,0.0,0.0,-0.01610346889993343,0.0013324439639061157,-0.02006749783984812,0.00514139445852456,0.005665732178300511,0.0,0.005332868371481865,0.0,0.0,0.0,0.0,0.02312145211352483,0.0,0.012578769946411373,-0.019802608596683105,-0.005633812421074309,-0.00995032141084811,0.01980260859668314,0.0,0.005449599457100964,-0.035401893431374704,0.006351198634725593,-0.014388723877542694,-0.005865113711324928,-0.04609117406932421,-0.01520949484440939,0.0,-0.03509128677913874
2022-03-23,-0.002706358978334304,0.003273400279199027,-0.026317283546611645,-0.001332443963906022,0.006733370102073127,0.015267457310674817,0.0028208736855895207,-0.006349221431296386,0.005306093449510527,0.006230543734639389,0.0087336717850503,0.0,0.0,-0.011493902351765083,0.014814464606456383,-0.012578769946411402,0.01980260859668314,-0.02285811627493258,0.009950321410848074,0.0,-0.009132474615119266,-0.016438776097217507,0.0,0.006308604271472486,0.04255965761056673,0.0,0.0,-0.0038387727937765547,0.0,0.0
2022-03-24,0.00809720241664188,-0.006557446338053876,0.013245214201674292,0.0,0.01993422200664335,0.029852934817110828,0.011204588536625664,-0.006389868187525432,0.0,0.01234582401175363,0.0,0.02955877446462218,0.015113639171576912,-0.029329509059047555,-0.007379799008893924,-0.01273908961882177,-0.019802608596683105,0.0,0.02927035506265104,0.0,0.0,0.0,0.0,-0.019049037852828625,0.0,0.0,0.11568450106544695,-0.015504172207925167,0.0,0.03509128677913881
2022-03-25,-0.002691789074430514,0.0021906314908287376,0.0,-0.0013343172346355855,0.0450249339897974,0.009756165867939136,0.013831531876559769,-0.006430884414196457,0.015748342185240974,-0.012345824011753648,0.0,0.0,-0.010049253035244803,0.023532634072148076,0.0,0.025317859565233237,0.0,0.005763699172500381,0.0,0.0,0.0,-0.022347277854463738,-0.009049826732992521,0.0,0.09909088390063253,0.0,-0.06959332699612271,0.015504172207925323,-0.008369969566499389,0.0
2022-03-28,-0.002699054363877119,-0.0010947158872432535,0.0,0.0013343172346355742,-0.019048177668910055,-0.03457131149583322,0.0054794603958054425,0.0,-0.010471760627001421,0.00619196430619583,-0.008733671785050415,0.009661902008876854,-0.005064386136332264,0.0,0.007379799008893811,-0.012578769946411402,0.0,0.0057306692280980846,-0.019418067876815874,0.009756165867939136,0.0,0.005633812421074211,0.0,-0.00643024185477894,-0.0063091630244854185,0.0,0.06115436581491751,0.02656709263901491,-0.008438041557128555,-0.01739172648555885
2022-03-29,0.0,-0.0032912516989253705,0.0065573943950087855,0.0,0.019048177668909923,0.0,-0.010989176640116529,0.0,0.0,0.0,0.0,0.009569442282869345,-0.015345571078298368,-0.0058306747748601015,-0.007379799008893924,0.012578769946411373,-0.020202687854778828,-0.017291480476206843,-0.029852934817110672,-0.009756165867939072,0.009132474615119254,-0.011299544599374644,-0.009132474615119266,0.0,-0.006349221431296386,0.023256839595910014,0.0,0.0,0.0,0.017391726485558857
2022-03-30,0.010752781438702515,0.0,-0.006557394395008837,0.0026630197693163033,0.0,0.005012537031210991,0.008253199498297519,-0.00647250851269115,0.0,0.0,-0.008810621353606442,0.01886857873808785,0.0254472071149571,0.02312145211352483,-0.007434665597562426,0.0,0.0,0.07286134451850834,-0.010152361634350827,-0.009852287185835048,0.0,0.0,0.009132474615119254,0.0,0.04362058034428698,-0.011560811248108578,-0.05218570446217314,-0.003752345925885807,0.0,0.03390162018676702
2022-03-31,0.0,0.0,0.0032840721155310434,-0.002663019769316165,0.0,0.02955877446462218,0.016304693179083295,0.0,0.010471760627001293,0.0,0.0,0.009302383378101268,0.04902897795874912,-0.017290777338664624,0.0,0.0,0.020202687854778818,0.005390843438307659,0.0,0.0,0.0,0.0,0.0357180483793169,0.0064302418547788585,-0.012270080925744142,0.017291480476206718,0.008888938939973553,0.04052115825272861,0.016808011123627977,-0.01680720250373277
2022-04-01,0.005333340889063316,-0.01104987810633444,0.0032733222794778514,0.0,0.1072455398842417,-0.009756165867939072,-0.013568716037264042,0.0319516455701948,-0.005222968924135327,0.012270080925744102,0.01754429313865675,0.0,0.0,0.017290777338664673,-0.015039897222775123,0.024692588966579433,0.0,-0.021739965507499584,0.01015236163435085,0.0098522871858351,0.009049826732992556,0.005665732178300511,0.0087336717850503,0.0,-0.03774036760606838,0.0,0.043296765522199646,0.03894302057077166,0.0,0.0
2022-04-04,0.036557622723352945,0.012148096249285386,-0.003273322279477878,0.023716504265574045,0.08654001035607674,0.019418067876815836,0.008163302695052716,-0.0063091630244854185,0.0,0.0,0.0,-0.009302383378101402,-0.04401697482383072,0.022598996328045386,0.0,-0.024692588966579474,0.0,0.00547946039580478,0.01005032622042762,-0.0248151456278942,0.0,0.011236062731748627,0.03419143356474797,0.01904903785282871,0.0063898681875254795,0.0,-0.10724553988424165,0.07038072924844821,0.0,0.049596993281216785
2022-04-05,0.0,0.0032877494432178075,0.0032733222794778514,0.007782133222500081,0.005167414737350273,0.01904817766891014,-0.021918730273874212,-0.01273908961882177,0.0,-0.006116221220186404,0.01724179048677462,0.02765150398428485,-0.010049253035244803,0.016623109871927774,-0.007604292359598727,0.012422508040835311,0.0,0.01086966167338728,0.0,-0.015190150823567276,0.008968661352744326,0.022100391762831545,-0.008438961181205271,0.02484610922553138,0.0,0.016997560295408266,0.02790887272121241,-0.03289767254059056,-0.016808011123627953,0.01600032608667546
2022-04-06,-0.0025673929907794484,0.0,-0.006557394395008837,0.01411183124346628,-0.010361763540294234,-0.009478735386040972,0.01920502703592249,0.01904825264330729,-0.005248791702866051,0.042048267218125074,0.0,0.018018488085736917,-0.010152908716891484,0.0109286910615472,0.03745865418883012,0.012270080925744102,0.0,-0.02739901356655871,0.02955877446462218,0.0,0.0,0.0,-0.008510681896768226,-0.018577129690473662,0.0,0.0222231816777012,0.07933666716302924,0.03934930186775501,-0.008509848441605228,0.031252514393166016
2022-04-07,-0.005154707127615426,-0.008791256658526673,0.0,0.0,0.0,0.00947873538604097,-0.013680090518200882,0.0,0.0,-0.011834516917728074,0.04184717006629001,0.0,0.015190158617218067,0.010810461475703874,0.0,-0.024692588966579474,0.05826885414240903,-0.022472834779709076,-0.019608453053774056,-0.015424516965620335,0.0,-0.02210039176283156,-0.017241790486774565,0.018577129690473655,0.0,0.0,-0.05218570446217314,0.0032102726817127302,-0.008585431437129446,0.015267548546999675
2022-04-08,0.007722100118394724,0.0022050178405893127,0.009820036984304599,0.007614243073838488,-0.010471760627001421,0.01869222673014823,0.013680090518200783,-0.0063091630244854185,-0.005276581558239496,0.0,0.0,-0.008968661352744359,-0.015190158617218013,0.0,0.0,0.012422508040835311,0.0,0.016901794910049023,0.019608453053774177,0.01030942128929636,0.008888938939973553,0.011111215122715136,-0.017544293138656752,0.030213423371235695,0.025158535112346943,-0.016620931367026835,0.008888938939973553,0.003200075973045783,0.0339032910023626,0.0
2022-04-11,-0.007722100118394772,0.0,0.006493523278643216,0.01131374972754562,-0.05406669842239862,0.054067168985500444,-0.008185576598920058,0.0,-0.005306093449510614,0.0,-0.02489752698831648,0.0,0.005088522580559239,0.010694844160983347,-0.007379799008893924,0.0,-0.019048177668910055,0.005571039869660042,0.0,-0.010309421289296308,0.0,-0.005540175253055251,0.01754429313865675,-0.018019306856627282,-0.006230543734639407,0.022100391762831545,0.0,0.015848176670261314,-0.02531785956523314,-0.030771720754924653
2022-04-12,-0.002587321170901612,-0.008849606874565786,0.006451629327164354,0.008712021478214108,0.0,-0.0176995602935799,0.0,0.0,0.005306093449510527,0.0,-0.01694964307797349,-0.009049826732992521,0.0,0.005304833283133275,0.036366146767588856,-0.0377403676060685,-0.019418067876815874,0.0,0.009661902008876854,-0.005194812051598307,-0.008888938939973515,0.0,0.042559674887275516,-0.006078434425964374,-0.025317859565233025,-0.005479460395804825,0.01754429313865675,0.006269606921925908,0.0,-0.01574834218524093
2022-04-13,0.0025873211709015985,0.0,0.0,0.009864347639450386,0.05931549012526469,0.01769956029357998,-0.002743483253986206,0.012578769946411373,0.005276581558239649,0.005934800599554714,0.0,0.0,0.005064386136332189,0.0,0.007117181031808792,0.025317859565233237,0.0,0.0,0.0,0.005194812051598424,0.008888938939973553,0.032789857004866425,0.0,0.03003187850653218,-0.006430884414196457,-0.011049891497366723,0.008658054700508674,0.015504171634804168,-0.008585431437129446,0.0
2022-04-14,-0.01562530335027711,0.0033277605213776237,0.0032102726817127302,-0.007389189673487295,-0.021164335082097953,-0.008810621353606442,0.0,-0.025317859565233025,0.005248791702866022,-0.0361485508999517,0.016949643077973472,-0.018349120606183555,-0.010152908716891484,0.010526063108997117,-0.01428537964773722,0.0,0.0,0.0,-0.009661902008876884,0.0,0.0,-0.010810905654593765,-0.01680720250373277,-0.01790918293952679,-0.032789792059302734,0.0,-0.017391726485559075,0.0,0.0,0.0
2022-04-15,0.0,0.007722117584956911,0.0,-0.009937871864587722,-0.010753270922530072,-0.036039901640829694,0.0054794603958054425,0.0,0.005222968924135319,0.0,0.01666703592721698,0.027398947339175996,-0.015424463235089433,-0.026525740553113665,0.007168198615928405,0.0,0.0,-0.022472834779709076,0.0,0.0,0.00881062135360639,0.005420062216286035,0.01680720250373278,-0.012122695567005437,0.013245214201674292,0.005540175253055282,-0.008810621353606442,0.0,0.0,-0.01600032608667548
2022-04-18,0.005235609152348107,-0.0055096766550437595,-0.0194180678768161,0.009937871864587625,-0.005419582086822317,0.053584194779486484,-0.027702642073506156,0.0,-0.005222968924135327,0.0,-0.025105997108422158,-0.027398947339176118,0.0,0.04210984045475506,0.007117181031808792,-0.012578769946411402,0.0,-0.022989496172240394,-0.009756165867939072,0.0,0.0087336717850503,-0.01086966167338712,-0.008368241322527534,0.024097741282591748,-0.013245214201674278,0.0,0.01754429313865675,0.00613498273464547,0.0,-0.03278979077748383
2022-04-20,0.0,0.0088009283539691,0.009756165867939136,0.019584538827223302,0.005419582086822336,-0.044451720164367166,0.016713465433389606,0.0,0.005222968924135319,0.0,0.01680720250373278,0.009216645991064322,0.010309823404981412,0.01534763243071075,0.061877747413818,-0.01273908961882177,0.0,0.0057971120756082056,0.0,-0.005194812051598307,0.0,0.021622443112089516,0.008368241322527527,-0.011975045715586241,0.03922067647349922,-0.01111121512271523,-0.053584194779486456,0.06224232019097832,0.008585431437129396,0.0
2022-04-21,0.012970399857799186,-0.004390782165745233,-0.003241490918010516,-0.0012129420707219813,-0.01086859845484765,0.0,0.024557892677380552,0.0063898681875254795,0.0,0.042048267218125074,0.008298794604689352,0.0,0.0,0.0,-0.02020430106204929,0.0,0.0,0.0,0.0,0.0,-0.017544293138656752,-0.010752781438702409,-0.04255967488727559,0.041302256182300046,-0.025975462271824953,0.0,-0.018519029369165625,0.0057306692280980846,0.0,0.03278979077748378
2022-04-22,-0.007762059601332586,0.0,0.003241490918010434,0.0012129420707219208,0.010868598454847654,-0.009132474615119266,0.0,0.0,0.0051943488029439835,-0.035932045997938575,-0.008298794604689418,0.018182301348111794,0.01020316241066741,0.005063166873399657,0.006779410680514015,0.0,0.019418067876815836,0.034094179006681276,0.0,0.010362838882370154,0.01754429313865675,0.021391169524982982,0.0,0.022858322990723986,0.0,0.011111215122715356,0.009302383378101268,0.02538921009654936,0.008509848441605085,0.0
2022-04-25,0.0,-0.006622587118136989,-0.0064935232786432545,0.01682721896802175,0.016086139294011852,-0.037387608107253376,-0.02179920709836396,0.018927991377707627,-0.04775450581852963,0.0,-0.025317884400500992,0.0,0.0,0.06831902172368112,-0.048452857032282755,-0.012903392926887598,-0.019418067876815874,-0.022599810606082692,-0.009852287185835048,-0.005168026830771852,-0.008733671785050415,-0.01600032608667548,-0.017544293138656752,-0.022858322990723934,-0.01993419595197219,0.0,0.0,-0.008391649801141172,-0.017095279878734635,-0.016260505111694693
2022-04-26,0.0,0.0011068323266901956,-0.009820036984304552,0.007125999482297833,-0.010694232637164795,0.00947873538604097,0.002751030665294551,0.006230543734639389,-0.010929557507942583,0.0,0.0,0.0,-0.010203162410667318,0.018691429085075352,0.007069357071647096,0.0,0.0,-0.011494368400598594,0.019608453053774177,0.0,-0.008810621353606442,0.005361938000394903,0.026202347839165366,0.00576319547229809,0.006688981750297954,0.005509716244311468,0.054067168985500444,0.00839164980114123,0.0,0.0
2022-04-27,0.0,-0.0022147853599034694,0.009820036984304599,-0.017910995914777086,-0.016260505111694693,0.0,-0.008275967183016215,0.042559574312150454,-0.011048744525871741,0.0,0.0,-0.027398947339176118,0.0,-0.018691429085075394,0.013985654016904056,-0.013072069344937237,0.0,0.01149436840059853,-0.009756165867939072,-0.03158154232311994,0.0,-0.04932508518559551,-0.017391726485559075,0.0,-0.006688981750297861,-0.011049891497366723,-0.07275939571564853,-0.011204588536625724,-0.008657214247105608,0.0
2022-04-28,0.0,0.001107953033213301,-0.0032626425892956865,-0.0867923587825136,0.005449016368025402,0.009389843352046751,0.024625089252208427,0.005934800599554714,0.027397884120636762,0.0,-0.017241790486774565,-0.01869222673014813,0.005114639830108114,0.06394859845408579,0.006920154947852026,0.0,-0.019802608596683105,-0.011494368400598594,0.019418067876815836,0.01063838808628069,0.0,0.016713465433389387,0.034486144168593025,0.02272837842595096,0.0,0.011049891497366831,0.0,0.06277641200736084,0.04256050524946819,0.01626050511169458
2022-04-29,0.0,-0.0022172408342612986,0.0,0.031050425174186765,-0.005449016368025338,0.02765150398428485,-0.002706358978334304,-0.005934800599554761,0.005391906656847013,0.0,0.01724179048677462,0.009389843352046751,0.0,0.026201425984811302,0.0,-0.05406716898550054,0.0,0.01149436840059853,-0.019418067876815874,0.005277052121341313,0.0,-0.005540175253055251,0.0,-0.00563325090752516,-0.013513706104480588,0.0,0.0,0.03125257552613566,-0.03390329100236257,0.01600032608667546
2022-05-05,-0.0052083402564665985,0.004429681764174349,-0.019802608596683105,-0.028425660226150395,0.010868598454847654,0.0,-0.00816330269505262,0.005934800599554714,0.005361364265683016,-0.012270080925744142,-0.017241790486774565,-0.009389843352046762,-0.005114639830108042,0.04220090930365568,0.0,0.02739894733917621,0.01980260859668314,-0.011494368400598594,0.0,-0.02666822164632427,-0.008888938939973515,-0.005571039869659899,-0.017094417683034165,0.0,-0.013698830935582187,-0.039220741973109464,0.0,-0.03125257552613559,0.017095279878734677,0.015748342185240974
2022-05-06,0.0,-0.00332039396312628,-0.006688981750297861,-0.013192791035351875,-0.005419582086822317,-0.018349120606183555,-0.0027359771418190757,0.017595744665974633,-0.010753270922530072,0.03636761000595446,0.008658054700508674,-0.028710079677787007,-0.010309823404981324,-0.016666422328666903,-0.013888532340780933,0.026668221646324243,-0.019802608596683105,0.0,0.0,-0.005420062216286126,0.01769956029357998,-0.005602250310674367,-0.02620234783916546,0.016807789336411118,-0.027973908600493886,0.011363747874334085,-0.009478735386040972,0.03125257552613566,-0.008509848441605228,-0.01574834218524093
2022-05-09,0.0,-0.002219807488164339,0.0,-0.022835184312463022,-0.005449016368025338,-0.01869222673014813,-0.002743483253986206,0.03428904077161518,0.010753270922530147,0.0,-0.008658054700508611,-0.009756165867939072,0.0,0.0,0.0,0.013072069344937223,0.0,-0.01749314042340947,-0.019802608596683105,0.0,0.017391726485559075,-0.01699756029540832,0.0,-0.03390291685483688,-0.021506185003538344,-0.005665732178300458,-0.019231344291746142,-0.01811179431632406,0.0,-0.048790116864159364
2022-05-10,-0.0026143781296880443,0.0011105196871161916,0.010016768674619233,-0.01920496287639905,-0.061992237307077556,-0.01904817766891028,0.0027434832539862254,-0.011299544599374644,-0.010753270922530072,-0.02409752908021036,0.0,-0.009852287185835048,0.0,-0.00843851272420359,-0.021203814727431217,0.0,-0.020202687854778828,0.0,0.0,-0.005449599457101125,-0.02620234783916546,-0.017291480476206843,0.0,-0.017390126357518295,0.0,0.0,0.009661902008877073,-0.07873806690276204,-0.03478782429357102,0.0
2022-05-11,0.0026143781296879987,-0.0011105196871163453,0.0,0.005524969539686937,-0.029501294392018505,-0.009661902008876884,-0.002743483253986206,0.005665732178300511,0.010753270922530147,-0.006116221220186404,0.0,0.0098522871858351,0.005167414737350273,0.08134457032629085,-0.0143881515114163,0.0,-0.02061932901721874,0.011696028347801337,-0.005012537031211045,-0.016529351893171514,0.0,0.045462330951949334,0.01754429313865675,0.0512930432123551,0.014388723877542623,-0.005698015696033632,0.0,0.05228152239955733,0.026202392856441534,0.016529285665789276
2022-05-12,0.005208340256466524,-0.0055710663606135654,-0.0066666850002898535,-0.008298794604688858,-0.01204714901833582,-0.03457131149583322,-0.00550971624431123,0.0,-0.0326115729095372,-0.012345824011753648,-0.008733671785050415,-0.019802608596683105,0.0,-0.03174749149982861,-0.04445255807651003,-0.053345929806467844,-0.021053389382458043,-0.01759574466597464,-0.020305246499891422,-0.011173290180334456,-0.026907427025710466,-0.03390151970384082,-0.026433232078630325,-0.03966611232713511,-0.028987509324886983,0.0056980156960335475,0.0,-0.010781765209924212,-0.026202392856441586,0.0
2022-05-13,0.0,0.00111672026870777,-0.0033500836743294692,0.0055400760949277025,0.006041662264744025,-0.0050377891892164845,-0.022347277854463738,0.022347277854463856,0.010989703532159428,0.0,-0.008810621353606442,0.009950321410848074,-0.005167414737350314,0.03174749149982858,0.037180098133048435,0.04027386046153061,0.0,0.0,0.025317783531102363,0.0,0.009049826732992556,0.0,0.01769956029357998,-0.07188776423909513,0.0,-0.028820410808716793,-0.009661902008876995,0.01612936642298423,0.0,0.01626050511169458
2022-05-17,-0.0026007792810374135,0.004454346091905558,0.0033500836743294788,0.012354298583921557,-0.006041662264744037,0.029852934817110828,-0.0028288535293776377,-0.01671346543338953,0.01626050511169458,0.0,0.00881062135360639,0.0098522871858351,0.0,0.0,0.007272459943461829,0.013072069344937223,0.02105338938245812,0.0,0.009950321410848074,-0.005633812421074309,0.0,0.0,0.0,-0.018807583095858237,0.007326033054169503,0.02312239511268329,0.019231344291746166,0.013245214201674292,0.026202392856441534,-0.03278979077748383
2022-05-18,-0.007843170127777301,-0.0011117543122943668,-0.006711428144459117,-0.015120549613847184,0.0,-0.009852287185835048,-0.005681828079570931,0.005602250310674402,-0.005391906656847035,0.0,0.0087336717850503,0.0,0.0,0.0,0.014388151511416402,0.01290339292688759,-0.04255957392650974,0.0,0.019608453053774177,0.005633812421074211,0.017857600292717848,0.0,0.0087336717850503,0.012577583806530113,0.007272752393174878,-0.005730669228098182,0.00947873538604097,0.002628119936122682,0.008585431437129396,0.016529285665789276
2022-05-19,0.0,0.0,-0.006756775931982341,0.0027662510299256812,-0.006080239491574714,-0.00995032141084811,-0.0028530662653855803,0.032970053436218595,-0.005419582086822317,0.0,0.0,0.019418067876815836,0.0,-0.03174749149982861,-0.021660611454878066,-0.012903392926887598,0.04255957392650976,0.0,-0.009756165867939072,-0.005633812421074309,0.01754429313865675,0.0,-0.008733671785050415,-0.01257758380653011,0.0,0.0,0.0,-0.03200270056078121,0.0,-0.016529285665789248
2022-05-20,0.010443949408814641,0.004439514833671945,0.0,0.0,0.01812738850991046,0.03922067647349901,-0.011494368400598594,0.021391169524982982,0.005419582086822336,0.0,0.0,-0.009661902008876884,-0.010417317727079217,-0.01626198372429098,0.0,0.01290339292688759,0.0,0.0,0.009756165867939136,0.016807102601408712,-0.008733671785050415,0.0057306692280980846,0.017391726485559075,0.012577583806530113,0.028573345677324,0.011428684924131866,0.0,0.01612936642298423,0.06613824177857147,0.0
2022-05-23,-0.007822718386154682,-0.0011079530332131834,-0.006802740702696069,0.006882431639299595,0.017804628412600828,0.0,-0.017493140423409357,-0.02681123174126915,-0.01086859845484765,0.0,-0.017544293138656752,0.009661902008876854,0.005222968924135319,-0.03333509510217117,-0.014705535312710825,0.025317859565233237,0.0,0.0,-0.019608453053774056,0.021978951350272665,0.017391726485559075,-0.011494368400598594,0.017094417683034057,0.0,0.013986311933242724,0.0,0.01869222673014823,0.046883602885415564,-0.04082038221333825,-0.01680720250373277
2022-05-24,0.007822718386154654,0.0022147853599034494,0.023609842855106016,-0.012422507734227133,-0.02985177743093671,-0.03922067647349903,-0.0029455073338173704,-0.06164417022661387,0.005449016368025402,0.00619196430619583,0.0,-0.03922067647349903,-0.005222968924135327,-0.017095974250785243,-0.007434665597562426,0.0,-0.021053389382458043,0.005899716318173401,0.0098522871858351,-0.010929059852906334,-0.008658054700508611,0.0,-0.017094417683034165,0.0,-0.0139863119332428,-0.005698015696033632,-0.009302383378101402,0.0,0.0,0.0
2022-05-25,-0.0026007792810374135,-0.005546347160362285,-0.023609842855105975,0.004158006026627401,-0.01219591933734521,0.0,0.011730328303046744,0.0,-0.01643871990018483,-0.006191964306195913,0.00881062135360639,0.0,0.010417317727079177,0.0,0.0,0.0,0.02105338938245812,0.0,-0.009852287185835048,-0.00550971624431123,0.0,0.0,-0.017391726485559075,-0.01257758380653011,-0.035846098070498794,-0.011494368400598594,0.0,-0.03363838868374127,-0.042560505249468195,0.0
2022-05-26,0.012936840350115152,0.0077563433462709275,-0.006849335134521097,0.005517151547065775,-0.0061532012688383965,-0.015113623287089144,0.014472018626680403,0.02285811627493255,-0.0055395821336296095,0.018462045231939988,0.017391726485559075,0.0,-0.015666109429945323,0.008585580361155937,0.0,-0.012578769946411402,-0.021053389382458043,-0.005899716318173342,-0.014962858442059175,0.01098917664011656,-0.008733671785050415,0.0,0.0087336717850503,-0.006351198634725584,-0.014706133209623379,0.005763699172500381,0.0,0.00524935095878277,0.008657214247105596,-0.017094417683034165
2022-05-27,-0.005154707127615426,0.004405289072358009,0.006849335134521119,0.004118052970036372,0.006153201268838293,0.00506329706666151,0.0,0.022347277854463856,0.0,0.0,-0.008658054700508611,0.0,0.005248791702866022,0.0,0.0074346655975623885,0.0,0.02105338938245812,-0.01190496206238883,0.0,-0.027702642073505927,0.0087336717850503,0.017192384096632155,0.0,0.012659802906197998,0.0,0.0057306692280980846,-0.018868578738087744,0.0026143781296877775,0.02553332143586322,0.017094417683034057
2022-05-30,0.005154707127615423,0.008752782433393554,0.0034071550003274003,-0.00274348352316239,-0.01234649812199938,-0.005063297066661577,-0.014472018626680341,0.048527059959828006,0.0,0.0,0.0,0.0,0.0,0.02531680629459264,-0.03774141617651032,-0.01273908961882177,0.02061932901721869,0.017804678380562166,0.0,0.011173290180334477,0.008658054700508674,0.011299544599374666,-0.017544293138656752,-0.0384652319317532,0.0,-0.005730669228098182,0.0,-0.021108943290144733,0.0,-0.017094417683034165
2022-05-31,-0.0025740014677451727,-0.0021810758479753906,-0.01025649013484849,0.005479558645221718,0.03658956647768035,0.00506329706666151,0.05942342982788763,0.04124298071546938,0.005539582133629593,-0.006116221220186404,0.0,0.02955877446462218,0.015584732464429507,0.0,0.0,-0.012903392926887598,-0.041672718399676796,-0.017804678380562083,0.014962858442059178,-0.03390151970384093,0.0,-0.005633812421074309,0.0,0.0,0.014706133209623233,-0.005763699172500427,0.01886857873808785,-0.038048096696858436,-0.016947889998733735,-0.01739172648555885
2022-06-01,0.0025740014677451055,0.003269728679481154,0.0,-0.006854128092095606,0.0,-0.030771690651569438,0.021739965507499983,0.06831918036283685,0.010989703532159428,-0.01857636774639301,0.0,0.0,-0.02083352416729557,0.0408225601687555,-0.015503548425044096,0.025642482545709343,0.02105338938245812,0.017804678380562166,0.0098522871858351,0.011428684924131866,-0.017391726485559075,-0.005665732178300458,0.01754429313865675,0.03846523193175307,0.0,-0.01749314042340947,-0.03809992302983391,-0.030944774790093017,0.0,0.0
2022-06-02,-0.005154707127615426,0.006507660816880581,0.006849335134521119,-0.002754820236193467,-0.01204714901833582,0.02061932901721869,0.010695278889458152,0.0,0.0,0.006230543734639389,0.008658054700508674,0.0,0.015666109429945264,-0.008031893747256626,0.0,0.025001277987246766,0.0,-0.005899716318173342,-0.009852287185835048,0.011299544599374666,0.05129334667232602,-0.017192384096632173,-0.008733671785050415,0.030961791314175494,-0.007326033054169456,0.011696028347801337,0.0,-0.005730669228098182,0.0,0.0
2022-06-03,0.0,0.001080521851014707,-0.0034188034047502353,-0.0027623313108723624,0.0,0.005089064567689317,-0.005333340889063379,-0.04831853273156115,-0.005480541139917248,0.0,0.008583735786265884,0.009661902008876854,0.0,0.0,0.02316610942161808,-0.02500127798724679,0.0,0.0,0.0,0.011173290180334477,-0.01680720250373277,0.01149436840059853,0.0,0.0,-0.01481507139420387,-0.005830914636476384,0.0,0.002869439679657085,-0.008585431437129446,0.017391726485558857
2022-06-07,0.02046111351446394,0.0,0.0,0.0,-0.018349120606183555,-0.010204160244013332,0.007989382424267296,0.0,0.005480541139917309,0.018462045231939988,0.02531788440050099,0.0,0.0,0.0,0.0,0.012578769946411373,0.0,0.0,-0.00995032141084811,-0.011173290180334456,0.008438961181205244,-0.005730669228098182,0.0087336717850503,-0.024692811779117814,-0.00749066437138548,0.0058309146364764605,0.0,0.017045851108364745,-0.01739003083469535,0.0
2022-06-08,-0.015306406386848473,-0.015234281837454955,-0.02076205425627439,0.006891720993939632,-0.006193296853161,-0.005141394458524434,0.010554177719477014,-0.00995032141084811,-0.005480541139917248,-0.01846204523194002,0.008298794604689352,0.0,-0.015666109429945323,0.01599972836135253,0.0,0.0,-0.021053389382458043,0.0,0.0,-0.005633812421074309,-0.008438961181205271,-0.005763699172500427,-0.017544293138656752,0.0062299992893282505,-0.015151880967518485,0.0,-0.009756165867939072,-0.043172130383931806,0.008732816587589853,0.0
2022-06-09,0.0025673929907793006,-0.025542703393098776,-0.0070175662009383764,-0.002750932415878201,0.0,-0.010362838882370162,-0.0026281199361225405,0.02955877446462218,0.0,0.0,-0.03361667900519045,0.0,0.005248791702866022,-0.048790394782851534,-0.015384290508271134,0.0,0.02105338938245812,0.0,0.009950321410848074,-0.011363747874334036,-0.017094417683034165,-0.017493140423409697,0.00881062135360639,0.0,0.007604682801388995,0.011560811248108576,0.03846624554572604,0.008784820969229577,0.0,0.0
2022-06-10,0.0,0.003368867000256039,-0.014184621799781234,0.0041237131295382996,0.0,0.010362838882370154,0.00524935095878255,-0.02955877446462216,-0.005509162392242198,0.0,0.02531788440050099,-0.009661902008876884,-0.005248791702866051,-0.025316806294592653,0.0,-0.02531785956523314,0.0,-0.017910980532380636,0.0,-0.005730669228098182,0.0,-0.017804678380562083,0.0,-0.006229999289328193,-0.007604682801389022,0.0057306692280980846,0.0,-0.005847964174874562,-0.01754517860933595,0.017094417683034057
2022-06-13,0.0,-0.006749229277808501,-0.007168482740163348,-0.012422507734227133,-0.018809338283966432,0.02040885176919942,-0.021164791166404406,-0.005012537031211045,-0.022346784637362383,0.0,-0.01680720250373277,-0.019608453053774056,-0.005276581558239496,-0.008585580361155951,-0.031497350078439,0.0,-0.021053389382458043,-0.006042308797982368,-0.02000064763127562,-0.023256839595909927,-0.035091286779138975,-0.0060060184699918355,-0.06336955236360169,-0.03822019541546884,-0.05491570622545218,-0.04082202574173626,-0.028710079677787007,-0.005882364128172204,0.008812362021746192,-0.0344861441685929
2022-06-14,0.01020416024401339,-0.0011292237434811657,0.03533941647318748,0.004158006026627401,0.0,-0.015267457310674819,0.005333340889063316,0.014962858442059178,0.0,-0.01250015065656526,-0.02575247238354272,0.0098522871858351,-0.01600032608667548,0.09059763118666576,-0.03252477724576877,-0.025975462271824838,-0.02150618454405166,-0.04969962069368934,-0.005063297066661577,-0.005899716318173342,0.01769956029357998,-0.006042308797982257,0.0,0.0,0.008032164006342388,0.011834516917728159,0.0,-0.008889009583910989,-0.04485150729177669,-0.0176995602935799
2022-06-15,-0.005089064567689407,-0.005665758965184324,-0.021053472607028428,-0.00554795841326688,-0.006348546475204272,-0.025975523404794386,0.0026560415352040127,0.038839797345520136,0.0,0.018692114962761144,-0.035401893431374704,-0.019802608596683105,0.01600032608667546,-0.04839672188300993,0.024490030802976747,0.0,-0.04445178612998174,-0.01929326111441309,0.0,0.0,-0.0176995602935799,0.0,-0.009389843352046762,0.012902178027582558,0.007968162080333152,-0.029853005648536338,0.0,0.02061933788695762,-0.009215661693723835,-0.018018488085736913
2022-06-16,-0.005115095676323837,0.011299490717749322,-0.014285943866159048,0.0027777770803705843,0.0,0.00524935095878277,0.010554177719477014,0.00947873538604097,0.011234964250761394,-0.018692114962761117,0.04405994813188323,-0.015113623287089144,-0.010638961820992394,0.0,0.016002579007728696,0.013072069344937223,0.022472834779709055,0.0,0.0,0.0,0.008888938939973553,0.006042308797982336,-0.009478735386040972,-0.012902178027582513,-0.01600032608667548,0.02395328933036308,0.0,-0.02958799955933195,0.02739894733917621,0.0
2022-06-17,-0.0025673929907794484,-0.013574856642605309,0.01428594386615902,-0.011157706852928842,-0.006389222786726425,0.0,-0.0212209353508569,-0.01904817766891028,-0.02259922340705457,0.0,-0.02620234783916546,0.015113623287089218,0.0,0.008230160049300689,-0.007967832564936654,-0.013072069344937237,-0.02247283477970896,0.0,-0.030930332690025084,0.005899716318173401,-0.008888938939973515,-0.006042308797982257,0.00947873538604097,-0.026317498966108473,0.008032164006342388,0.017595744665974633,0.0,0.002998500209540316,-0.0748021796449604,-0.03704134733633188
2022-06-20,0.0025673929907793006,-0.016073754681327553,-0.00711746112599564,-0.011283607356950602,-0.012903973491792339,-0.03191757260510697,-0.008075406231589954,-0.019418067876815874,-0.005730158526740777,-0.01904825264330718,0.01754429313865675,-0.005012537031211045,0.0,-0.024896582377967647,-0.03252477724576877,-0.02666822164632427,0.0,-0.06713923833043761,0.02072617244601175,-0.035932045997938575,0.008888938939973553,-0.024541085581342225,-0.038466245545726065,0.03921967699369109,-0.01612936642298425,-0.02353054526552943,0.0,-0.04594984655659675,0.0,-0.038466245545725836
2022-06-21,0.005115095676323956,0.006920381184597074,-0.014388723877542694,-0.0028409084039009943,0.012903973491792278,0.005390843438307659,0.03974029099126156,-0.009852287185835048,0.0,0.01273908961882172,0.0,0.0,0.005332868371481865,-0.00843851272420359,0.008230163996025108,-0.013605638815206378,0.0,0.040821954783826074,0.0,0.018127367617376385,-0.008888938939973515,0.018462045231939988,0.02898751015968521,-0.012902178027582513,0.01612936642298423,0.0,-0.02955877446462216,0.003129889972640981,0.009660965259773675,0.019418067876815836
2022-06-22,-0.0025542773162550037,-0.010398725172236015,-0.0072727523931748195,-0.0014234864804518526,0.0,0.005361938000394903,-0.02099812712829179,0.0,-0.011561331454521602,0.0,-0.035401893431374704,-0.015190150823567276,0.0,0.008438512724203682,-0.016528626084670203,0.013605638815206298,0.0,0.0,0.0,-0.012048327267974208,0.05218570446217316,0.012121349147384488,0.0,0.05064408587187244,-0.00803216400634236,-0.005970161462834003,0.0,0.0,0.0,0.0
2022-06-23,-0.005128211350848288,0.0011607928346388217,0.007272752393174878,-0.0014255156830975382,-0.006432153417155198,-0.02710190350789495,-0.002656041535203881,0.0098522871858351,0.005796495116127094,0.0,0.0,-0.005115095676324061,0.0,0.016666422328666986,0.0,0.0,0.0,0.0066445364029446095,0.0,0.0,-0.008510681896768226,-0.012121349147384462,-0.009569442282869082,0.0,0.008032164006342388,-0.0060060184699918355,-0.0202026878547786,0.06356149175887302,-0.03921985690837448,-0.03922067647349903
2022-06-24,0.0,0.00923793233759718,0.007220241137379365,0.01977463767866532,-0.006471820074637072,0.0,-0.008010716096175893,0.009756165867939136,0.011494994865135453,0.0,-0.009049826732992521,0.020305246499891447,0.005306093449510527,0.0,-0.016806329374879605,0.0,-0.022989496172240394,0.0,0.015267457310674817,0.0,0.0,0.012121349147384488,0.0,-0.006193891167075573,0.0,-0.018237570367571024,0.0202026878547786,-0.0029368567943550963,0.029558891648600826,0.01980260859668314
2022-06-27,-0.028685182535356252,0.0,0.02135310453994471,-0.014084727111215037,-0.01967287709796355,0.010929059852906247,0.0026773752071126027,0.0,0.0,-0.025642482545709326,0.02690742702571047,0.0,0.0,0.03252403752084825,0.04959482226650165,0.0,0.0,-0.04054605519330528,-0.0255768785999711,0.018018488730808087,0.0,0.011976179932825813,0.0,-0.018807583095858237,0.023716504265574045,0.018237570367570944,0.0,0.0058651137113246805,-0.02955889164860089,-0.04000529645146202
2022-06-28,-0.021391169524983083,0.004587159742600465,0.0,0.007067160792864029,-0.006643825883743388,0.0,0.013280395052798672,-0.019608453053774056,0.0,0.025642482545709343,-0.017857600292717837,-0.0101010862558781,-0.010638961820992394,0.007967834614095901,-0.024490030802976785,0.013423007444649979,0.0,0.0068728725305045495,0.005168026830771913,-0.005970161462834003,-0.008583735786265919,-0.011976179932825855,0.0,0.006308604271472486,-0.007843170127777188,0.017910980532380612,0.0,-0.017699630629052897,0.0,0.020202687854778818
2022-06-29,0.0026990543638770567,0.012507338644170501,-0.014184621799781234,-0.01275707136031435,0.0066438258837433605,-0.005449599457101125,-0.0026420069665181274,-0.030153009265626442,0.011364259156293199,0.0,0.0,-0.005089064567689183,0.005332868371481865,-0.024098735020196396,-0.016666365306742724,0.013245214201674292,0.0,0.006825958405077651,0.01534555470253776,-0.0060060184699918355,0.008583735786265884,0.011976179932825813,-0.0194180678768161,0.0,0.0,-0.017910980532380636,0.08617772686362166,0.008889009583911015,0.0,-0.020202687854778828
2022-06-30,0.0,-0.015945706879674264,-0.028987509324886983,-0.0014275506793242497,-0.006643825883743388,-0.005479460395805272,-0.013315763293393136,-0.01025649013484849,-0.017094417683034165,-0.006349221431296386,0.0,0.0,0.01583146671061628,-0.024691659762655003,0.024896529302767915,-0.02666822164632427,0.0,-0.02758801266135205,0.015113623287089218,0.006006018469991941,-0.008583735786265919,0.0,0.019418067876816054,-0.012659802906197979,0.0,0.023810696850554036,0.0,-0.011869634968458085,0.0,0.0
2022-07-01,0.0026917890744305533,0.0,0.021819026584723566,-0.0014295914939798644,0.013243920152611832,-0.00550971624431123,0.021220935350856934,0.01534555470253776,0.011427567725640957,0.0,0.0,0.0,0.020727141132060686,0.1324900667833466,-0.033334955459549724,0.03974029099126156,-0.0723206633123194,0.0,-0.020202687854778374,-0.01812736761737642,-0.017391726485559075,-0.018018488730808017,-0.0194180678768161,0.01892878244125558,-0.007905172057463813,-0.005899716318173342,-0.056618952398999486,0.0,0.05826899753103241,0.0
2022-07-04,0.0,-0.009227276887925554,-0.007220241137379281,0.0014295914939799522,0.0,-0.01671346543338953,0.002621231022659948,0.00506329706666151,0.0,0.006349221431296268,0.0,-0.005115095676324061,0.005114639830108114,0.0636249846291502,0.0,0.0,0.024692588966579214,0.0,-0.005115095676324061,-0.012270080925744142,-0.0176995602935799,0.0,-0.009852287185835048,-0.006268979535057709,-0.03226083119837008,-0.03003232967976516,0.009661902008877073,-0.018072764186628686,-0.06831825056627713,0.0
2022-07-05,0.0,0.008078485380829052,0.0,0.0,0.019544602903732104,0.005602250310674402,-0.005249350958782499,-0.010152361634350827,0.0,0.0,0.0,0.005115095676324177,0.0,-0.056352533506555794,0.03333495545954971,0.01290339292688759,0.024097529080210216,0.0,0.0,-0.006191964306195913,0.0,0.012048327267974135,0.019608453053774177,0.0,0.008163302695052716,0.006079040349402274,0.0,0.0,0.05884044325660599,0.0
2022-07-06,0.0,-0.005763726893749695,0.007220241137379365,-0.008608366586042275,-0.006471820074637072,-0.028330479834180973,-0.0026350451548230957,0.005089064567689317,-0.005697409198900226,-0.006349221431296386,0.0,-0.015424516965620335,-0.010257048497739058,-0.0444519565412601,-0.050431782850155725,-0.012903392926887598,0.0,0.0,-0.010309421289296308,-0.006230543734639407,-0.008968661352744359,0.0,0.009661902008877073,-0.03195121588041122,0.055350042896483514,-0.01834912127514634,-0.04423321350471022,-0.006097574106164341,0.0,0.0
2022-07-07,0.0,0.011494423526282478,0.007168482740163504,0.0,-0.006514094385023723,-0.04106151797647203,0.015707114499760436,0.0,0.0,0.0,0.0,0.005168026830771913,0.0,0.0,0.0,0.0,0.0,0.0,0.005168026830771913,0.024692588966579433,0.008968661352744326,0.0,-0.0194180678768161,0.03195121588041126,-0.03125251439316616,0.006153859705557772,-0.0050377891892164845,-0.021639154369449645,-0.009571333312986591,0.0
2022-07-08,-0.005390843438307593,-0.0068808093795306845,-0.036367609480340825,-0.0014419599784234489,0.032155837138746896,-0.012048327267974208,0.007762059601332691,-0.005089064567689183,0.0056974091989001165,0.0,0.0,0.0,0.01025704849773902,0.02247203663853345,0.017096827390605827,0.0,-0.024097529080210244,0.0,0.0,-0.006116221220186404,-0.008968661352744359,-0.018127367617376305,0.009756165867939136,-0.006308604271472407,0.0,-0.01857636774639301,0.0,-0.02211778359218716,0.0,0.020202687854778818
2022-07-12,0.0,-0.008087819590599331,-0.007434971238749889,0.0014419599784234914,0.0433517557433108,-0.024541085581342225,-0.0025807056598701967,0.020202687854778384,-0.005697409198900226,0.006349221431296268,-0.009049826732992521,-0.010362838882370162,-0.010257048497739058,0.0,-0.017096827390605845,0.01290339292688759,0.024097529080210216,0.0,-0.010362838882370162,0.0,-0.018182301348111753,0.0,-0.009756165867939072,-0.012740433581356198,-0.01600032608667548,0.006230543734639389,0.005037789189216557,0.07387966929088573,0.0,0.0
2022-07-13,0.0,0.0034742054438475856,0.014815071394203828,0.005747136940008911,0.0,-0.006230543734639407,0.0,0.01980260859668314,0.0056974091989001165,0.0,0.0,0.0,0.0,0.007379804274390373,0.0,0.0,-0.024097529080210244,-0.07249543309119587,-0.005221939105117153,0.03021375030039692,-0.018519029369165625,-0.006116221220186404,-0.019802608596683105,0.0,0.0,0.00619196430619583,-0.015190150823567502,-0.04243056726587111,0.0,-0.04082201687199752
2022-07-14,0.0026990543638770567,-0.0034742054438474898,0.014598785447344208,-0.005747136940008846,0.029851777430936744,-0.018927991377707634,0.0,0.02898751015968521,-0.005697409198900226,0.0,0.0444517201643673,0.02061932901721869,0.01025704849773902,-0.014814475216035487,-0.017391047574915865,0.0,-0.0500104485318123,0.0,0.0,0.017699630629052835,0.009302383378101268,0.012195261569588601,0.009950321410848074,0.0,-0.00809720241664192,-0.012422508040835292,0.0,-0.009331318432827345,0.0,0.040822016871997595
2022-07-15,0.0,0.0034742054438475856,0.007220241137379365,0.007178775092062465,-0.017804628412600883,-0.019293261114412975,-0.005181353941462414,0.0,0.0056974091989001165,0.0,-0.035401893431374704,-0.02061932901721874,0.0,0.029414590844371567,-0.008810272886384437,0.0,0.07410797761202269,-0.015151880967518485,-0.010526403080123896,-0.011764830029498071,0.027398947339175996,0.0,0.0,0.006389234946630742,-0.008163302695052731,-0.018927991377707634,0.04976146231940084,-0.018927991377707634,0.0,-0.020202687854778828
2022-07-18,-0.00811911658016315,-0.009291579843328858,-0.02181902658472355,0.0014295914939799522,0.011905434076407437,0.01290339292688759,0.005181353941462507,0.00947873538604097,0.016901814208154377,-0.006349221431296386,0.0,0.025708393584907924,0.0,0.04255979222498684,0.008810272886384354,-0.012903392926887598,0.0,-0.04688354221910979,0.010526403080123953,-0.005934800599554761,0.0,-0.006079040349402174,0.0,0.0,-0.01652928566578902,0.018927991377707627,0.0,0.04362058034428698,0.019049140622657834,-0.02061932901721874
2022-07-19,-0.005449599457100901,0.0034945506164943806,0.0,0.007117461246774461,0.0,-0.012903392926887598,-0.005181353941462414,0.01869222673014823,0.005572238252971373,0.0,0.017857600292717848,0.0,-0.010257048497739058,0.00692015041629875,0.017391047574915865,0.0,0.0,0.03922067647349922,-0.010526403080123896,-0.005970161462834003,-0.009049826732992521,0.0,0.0098522871858351,0.0,0.016529285665789057,0.0,0.0,0.027069296732119094,-0.019049140622657865,0.02061932901721869
2022-07-20,-0.010989176640116529,0.008106551975807527,-0.04512048247871836,-0.007117461246774521,-0.0059340950090063455,0.019293261114412995,0.0,0.01834912060618362,0.0,0.0,0.0,-0.005089064567689183,0.005142408667630941,0.0,0.008586496840185469,0.0,0.0,-0.03922067647349926,0.0,0.017804678380562166,0.02690742702571047,0.0,0.03846624554572604,0.0,0.02429266911803713,-0.006269606921925834,0.0,0.09342012213212898,0.0,0.020202687854778818
2022-07-21,0.0,0.03178471138339239,0.0,0.04470023642871186,0.02352995532461732,0.0,0.005181353941462507,-0.018349120606183555,-0.005572238252971498,0.0,0.01754429313865675,0.0,0.005114639830108114,0.006872590865270013,0.025316659925300047,0.0,0.0,0.023716504265574045,-0.005305047197217205,0.011696028347801337,0.00881062135360639,0.0,0.02790887272121241,0.0,0.0,0.030962195888505194,0.0,0.05264374505111866,0.0,0.01980260859668314
2022-07-22,0.0,0.003346320362591099,0.0,-0.002736075122059354,0.022988899180162736,0.025158535112346943,0.007722100118394724,0.009216645991064322,0.011111820386601154,0.0,0.008658054700508674,0.0,0.005088522580559239,0.09156702103928402,-0.008367903218097675,-0.03974029099126154,0.0,0.10379678581131171,0.005305047197217218,-0.011696028347801235,-0.0176995602935799,0.03003232967976508,0.009132474615119254,0.012659802906197998,0.007968162080333152,0.0,-0.02955877446462216,0.05001037286112442,0.0,0.11122564126137459
2022-07-25,0.0027586855790165915,-0.02480390026183379,0.04512048247871833,-0.011019385478727436,-0.02298889918016263,0.030583394379324603,-0.0025673929907794484,-0.018519029369165625,0.0,0.0,0.0,0.0,0.005064386136332189,-0.1053597623208529,0.0,0.013423007444649979,0.0,-0.05798720251887208,0.0,0.0,0.0,-0.017910980532380636,-0.018349120606183555,-0.012659802906197979,0.07637299687188454,0.006079040349402274,-0.030459177989627145,0.06834224622386288,0.0,-0.05406716898550054
2022-07-26,0.013680090518200783,0.01360563881520608,0.021819026584723566,-0.011142066387529709,0.011561331454521664,0.006006018469991941,0.0051282113508481575,-0.028438021020957063,0.0,-0.019293261114412975,0.0,0.0,-0.005064386136332264,-0.006968372797999681,0.0,-0.027028646259856303,0.0,0.0,-0.005305047197217205,-0.017804678380562083,0.026433232078630374,0.05849622137059574,0.027398947339175996,-0.006389234946630644,0.04317213112466819,-0.01834912127514634,-0.010362838882370162,0.020293854010592728,0.0,0.0
2022-07-27,0.0,0.011198261446627535,0.0422598524666528,-0.0056180874007567,0.0,-0.0060060184699918355,-0.005128211350848288,0.02843802102095706,0.0055091623922422705,0.019293261114412995,0.0,0.01015236163435085,0.005064386136332189,0.0,0.024896529302767915,0.013605638815206298,0.21357409483975826,0.05798720251887201,0.005305047197217218,0.011904962062388738,-0.008733671785050415,-0.011428684924131786,0.026668221646324243,0.0,-0.028573345677323933,0.012270080925744102,0.0,0.026433232078630374,-0.009660965259773698,-0.01869222673014813
2022-07-28,0.00271370323795161,0.00776494744931318,0.06669131084966336,-0.002820873780448576,-0.005764836338394622,0.023810696850554036,-0.0025740014677451727,0.009302383378101268,0.0,0.0,0.0,0.0,0.01004925303524487,0.013888523214298499,-0.008230163996025025,-0.013605638815206378,-0.14458121862227905,0.0,0.03636767120245983,0.017595744665974633,0.0087336717850503,0.0,-0.008810621353606442,0.012740433581356207,-0.01459878544734433,0.012121349147384488,0.07038079133661954,0.04879016910563459,0.0,0.03704134733633179
2022-07-29,-0.002713703237951683,0.005509676655043865,0.025479137057503713,0.009838440098799597,-0.011626890147164374,0.05715835929975084,0.00514139445852456,0.06280084077055066,-0.005509162392242198,-0.012820752601721806,0.0,0.01005032622042762,0.004988609502270238,0.03390200768562407,0.024490030802976747,0.027028646259856418,-0.02247283477970896,0.0,0.015190150823567363,0.011560811248108576,-0.008733671785050415,-0.02325683959591004,-0.036039901640829694,-0.012740433581356198,0.014598785447344208,0.006006018469991941,-0.02955877446462216,0.022518890914286695,-0.044672530820177664,0.018018488085736917
2022-08-01,0.0,-0.019978500297503025,0.006269606921925908,0.006968762404933407,-0.029676386114572812,0.016529351893171517,-0.018111794316323836,0.008658054700508674,0.01643871990018483,-0.00647250851269115,-0.008658054700508611,-0.010050326220427584,-0.0049886095022701245,0.039220864151720214,0.008034746442791927,-0.013423007444650008,0.022472834779709055,-0.0070671606737855944,-0.015190150823567276,0.0057306692280980846,0.017391726485559075,0.0,-0.037387608107253376,0.0,0.007220241137379365,-0.0060060184699918355,0.0,0.033834087560756156,0.0446725308201777,0.0
2022-08-02,0.00271370323795161,0.01557321122514502,-0.01257876994641129,0.004158006026627401,-0.0368139610042945,-0.010989176640116416,0.0,0.0,-0.005449016368025338,0.0,-0.008733671785050415,-0.010152361634350827,0.0,0.05608882725558415,-0.02429461324974367,0.0,0.043485135894324366,0.02105347260702841,0.01015236163435085,-0.02898750882400805,-0.008658054700508611,0.023256839595910014,-0.019231344291746142,0.0,-0.02919912674017744,-0.006042308797982368,0.0,-0.03586047710882992,-0.019609533650949425,-0.018018488085736913
2022-08-03,0.0,0.0033057586055381502,-0.006349221431296386,0.001382070068300332,-0.006269048596781177,-0.011111215122715005,0.012970399857799186,0.0,-0.010989703532159412,0.0,0.0,0.0,-0.010049253035244803,0.018017754122181033,-0.016528626084670203,-0.027398947339176232,-0.02150618454405166,0.02061926692904748,-0.010152361634350827,0.023256839595910014,0.0,-0.03509135651363813,0.04740230640793522,0.0,0.00738010015545396,0.006042308797982336,0.0,-0.024641881013321848,0.0,-0.07550759288205781
2022-08-04,0.0027063589783342767,0.005485498052988472,0.018927991377707627,-0.008321815907435139,-0.006310408406979198,0.022100391762831545,0.012804259737471497,0.008583735786265884,0.0,0.01290339292688759,0.0087336717850503,0.01015236163435085,0.0,0.011835612341798866,0.0,0.04082195478382629,0.04255957392650976,-0.034605578862290355,0.005089064567689317,0.0057306692280980846,0.01724179048677462,-0.011976179932825855,-0.009302383378101402,0.012740433581356207,0.007326033054169503,-0.006042308797982368,0.0,0.11013081498809073,0.0,0.019418067876815836
2022-08-05,0.005390843438307659,0.002185738999249566,0.0,0.0013917874258680392,0.055398904761646765,0.01086966167338728,-0.012804259737471535,-0.025975462271824953,0.010989703532159428,0.0,0.0,0.0,-0.005064386136332264,0.005864871027868411,0.008298462088645243,-0.013423007444650008,0.02061932901721869,0.0,-0.010204160244013332,0.0,-0.017241790486774565,0.03550672519835532,0.018519029369165677,-0.01917067543613518,0.007272752393174878,0.006042308797982336,0.0,-0.06143960615306762,0.0,-0.019418067876815874
2022-08-08,-0.005390843438307593,0.0,0.04281995658395584,0.0013899523866395852,0.029501294392018373,-0.01634912206919242,0.0,0.025975462271824908,0.0,-0.0194180678768161,0.0,0.005037789189216557,0.005064386136332189,0.011627549761759613,0.008230163996025108,0.013423007444649979,0.0,0.0,0.020305246499891447,0.0056980156960335475,0.0,0.0,0.0,0.0,0.007220241137379365,0.011976179932825813,0.009950321410848074,0.009852239974235948,-0.030153070688947358,0.019418067876815836
2022-08-09,0.0,-0.0010923244312237084,0.011904962062388738,-0.0041753672539506705,-0.01169666597941759,0.016349122069192402,0.0025740014677451055,0.008510681896768206,0.0,0.006514674949928488,-0.008733671785050415,0.0,0.0,0.0,-0.02489652930276781,-0.027028646259856303,0.04000529645146206,0.03460557886229043,-0.020305246499891422,0.0,0.025752472383542852,-0.01169602834780146,0.018182301348111794,-0.012985952224145548,0.06947238950671555,-0.018018488730808243,-0.03015300926562667,-0.015810591126645002,-0.010255497558579265,0.0
2022-08-10,0.0,-0.0010934145680259527,-0.017910980532380636,0.0,0.0,0.0,0.010230258269726438,-0.03448614416859313,0.0,-0.006514674949928501,0.0087336717850503,0.0,0.005037249900326546,-0.01749242078962809,0.0,0.0,-0.10318419939519047,0.08474122389351064,0.0,0.0,-0.008510681896768226,-0.011834516917728187,0.0,-0.006559512749222009,-0.02721253704006281,-0.006079040349402174,0.0,-0.020121383893022513,0.0,-0.019418067876815874
2022-08-11,0.005390843438307659,-0.002190631490828773,0.04706753644646394,0.002785414867311176,-0.00589919433619356,-0.005420062216286126,0.037457526848838615,0.025975462271824908,-0.010989703532159412,0.032157157495637884,0.025752472383542852,-0.0050377891892164845,0.0,0.01749242078962821,0.0,0.0,0.0,0.0,0.005115095676324177,-0.005698015696033632,0.0,0.011834516917728159,0.017857600292717848,0.006559512749222052,0.013698830935582138,0.006079040349402274,0.03015300926562662,0.018127414770653428,0.0,0.03846624554572583
2022-08-12,-0.010810905654593653,-0.0010971179523889688,-0.029156555914083275,0.0013899523866395852,0.0,0.0,-0.012330541696358261,0.0,-0.0055395821336296095,-0.025642482545709326,-0.017094417683034165,0.0,-0.0050372499003264815,0.017193185886021457,-0.016948756707202427,0.013605638815206298,0.021506184544051815,-0.01257876994641129,0.0,0.011363747874334085,0.0,-0.005899716318173342,-0.008888938939973515,0.006514016051341896,-0.02758801266135205,-0.01834912127514634,-0.00995032141084811,0.04297532094200008,0.0,0.01869222673014823
2022-08-15,0.005420062216286035,0.0,-0.03003232967976516,0.0,-0.0059340950090063455,0.0,-0.012484603931535955,-0.008583735786265919,0.005539582133629593,0.025642482545709343,-0.008658054700508611,0.0,-0.005064386136332264,0.011299164459811932,-0.008586496840185517,0.013423007444649979,-0.02150618454405166,-0.01273908961882177,-0.005115095676324061,-0.005665732178300458,-0.008583735786265919,0.005899716318173401,-0.018018488085736913,0.025642611608938784,0.07410798406274224,0.0,0.009950321410848074,-0.04497336928966931,-0.042110431812210636,0.0
2022-08-16,0.0,0.0,-0.01846204523194002,0.012422507734227126,-0.011976825820992831,-0.016438776097217507,0.01000007379760166,0.0,0.0055091623922422705,-0.01916997403301815,0.0,-0.005063297066661577,0.005064386136332189,-0.016998447994068418,0.017096827390605827,-0.013423007444650008,0.021506184544051815,-0.03257614007055464,0.0,-0.011428684924131786,0.0,0.0,0.0,-0.006351198634725584,-0.03300626529690951,0.006153859705557772,0.0,0.02176151790957577,0.042110431812210636,-0.01869222673014813
2022-08-17,0.0,0.0,-0.006230543734639407,-0.0013727807136600671,-0.006041662264744037,0.01643877609721746,-0.007490664594348024,-0.008658054700508611,0.02174104625161181,-0.00647250851269115,0.0,-0.005089064567689183,0.0,0.005699283534256402,-0.008510330550420428,0.013423007444649979,0.0,0.0,0.015267457310674817,0.011428684924131866,0.0,0.0174931404234097,0.018018488085736917,-0.019291412974213162,-0.034132973033528226,-0.012345824011753648,-0.03015300926562667,0.0308309285903375,0.0,0.0
2022-08-18,0.0,0.015250877938829174,0.024692588966579433,0.0013727807136600654,-0.018349120606183555,-0.010929059852906334,0.01985180833981184,-0.017544293138656752,0.010694232637164847,0.006472508512691137,0.042559674887275516,-0.005115095676324061,0.0,-0.0056992835342564415,-0.008586496840185517,-0.013423007444650008,0.0,0.0,-0.010152361634350827,0.0,0.008583735786265884,-0.011628026712084833,0.0,-0.026317498966108473,0.006920435993465473,-0.01250015065656526,-0.005115095676324061,-0.08511560667904984,-0.04750233846905783,-0.019048177668910055
2022-08-19,0.0,0.005390869144001302,0.012121349147384488,0.0,0.006153201268838293,-0.011049891497366276,-0.004926113418270593,0.026202347839165366,-0.010694232637164795,-0.00647250851269115,-0.01680720250373277,0.005115095676324177,0.01004925303524487,0.016998447994068303,0.0,0.0,-0.02150618454405166,0.0,0.01015236163435085,-0.005698015696033632,0.0,0.005830914636476681,0.008888938939973553,0.051960110575047236,0.0,0.03704123623790748,0.025317783531102797,-0.008298794604689418,-0.02739788412063664,0.0
2022-08-22,0.0,-0.0010758719488283702,0.011976179932825813,-0.005502170396727522,-0.0061532012688383965,0.011049891497366173,-0.009925629817233885,0.0,0.005361364265683016,0.006472508512691137,-0.02575247238354272,0.0,0.0,0.0,0.0,0.0,0.0,-0.006644536402944578,-0.015267457310674819,-0.017291480476206843,0.008510681896768206,-0.005830914636476607,-0.017857600292717837,-0.05196011057504727,0.027212537040062754,-0.006079040349402174,-0.02531778353110269,0.05669528892162299,-0.0111755999558876,-0.019418067876815874
2022-08-23,0.0,-0.0021551197605498766,-0.018018488730808243,-0.013889099742433004,-0.025002635137127367,0.005479460395805221,-0.005000065104307433,-0.008658054700508611,-0.01617285300935233,0.0,0.008658054700508674,0.0,0.0,-0.028492350345833462,-0.017391047574915865,0.0,0.04255957392650976,-0.006688981750297861,0.0,0.011560811248108576,0.0,0.0,-0.009049826732992521,-0.006688306608802332,-0.006734025694352127,0.006079040349402274,-0.010309421289296308,-0.03607602199257535,0.0,0.0
2022-08-24,-0.005420062216286015,-0.02181119847863549,-0.012195261569588702,0.012508838499860956,0.0,0.05320398543520963,0.0025031278279573515,0.008658054700508674,0.016172853009352287,-0.012987183462619664,0.0,-0.005115095676324061,-0.010049253035244803,0.0,0.008733329378003871,-0.013605638815206378,0.0,0.006688981750297954,0.005115095676324177,0.0057306692280980846,0.008438961181205244,0.005830914636476681,-0.009132474615119266,0.0459079836024934,-0.013605638815206152,0.006042308797982336,-0.005194812051598307,0.008130118203598047,0.011175599955887584,0.0
2022-08-25,-0.0027210874663639514,0.014231232842622678,0.03021375030039692,0.008253134448801935,0.0,0.01030942128929636,0.009950321410848074,0.008583735786265884,-0.005361364265683048,0.05096647117668854,0.008583735786265884,-0.005141394458524434,0.005037249900326546,-0.01749242078962809,0.008657718196912016,0.013605638815206298,-0.04255957392650974,0.02631728354661142,0.030153009265626404,0.0,0.008368241322527527,-0.01169602834780146,0.0,-0.05942319254852084,0.027028646259856202,0.0,0.0,-0.0245913791060181,-0.0111755999558876,0.0
2022-08-26,-0.005464489132556102,-0.010929007880390165,0.0,0.0,0.0,0.03526810494195061,0.0024722456827359573,-0.017241790486774565,0.0,0.0,0.0,0.0,0.014962866004215281,0.04598477113546153,-0.017391047574915865,-0.013605638815206378,0.0,-0.02631728354661153,0.0,0.0056980156960335475,-0.008368241322527534,0.0058651137113246805,0.0,0.013515208946027485,-0.013423007444650008,0.0,0.0,0.05253728289499544,-0.005631602547845197,0.03846624554572583
2022-08-29,0.0,0.005479382154194483,0.023530545265529484,0.0,0.018809338283966456,-0.04040949940047502,-0.009925629817233885,-0.07210322414865215,0.0,-0.01250015065656526,-0.017241790486774565,-0.005168026830771852,0.004937839031510083,-0.02272888553694212,0.0,-0.013793308523969885,-0.06744128230222217,0.0,-0.02000064763127562,0.0,-0.008438961181205271,0.0,0.0,-0.013515208946027505,0.026668221646324243,-0.006042308797982368,0.02061932901721869,0.003929274458886224,0.027855947029604616,-0.019048177668910055
2022-08-30,0.002735977141819197,-0.0010934145680259527,-0.01759574466597464,0.013605640139262251,0.0,0.04040949940047506,0.041519907073108375,-0.018868578738087744,0.0,-0.012658384455781838,0.008658054700508674,0.01030942128929636,0.0,-0.04706719108423183,0.0,-0.0139863119332428,0.0,0.02631728354661142,0.0,-0.005698015696033632,0.01680720250373278,0.017391725884585187,0.0,-0.006825357928370145,0.051293321837057954,-0.006079040349402174,0.005089064567689538,0.0155645021013456,0.0,0.0
2022-09-01,0.0,0.0,-0.01190496206238883,-0.0027062623221501565,0.0,-0.025063944697937195,-0.05406717056988605,0.01886857873808785,0.0,0.0,0.03390162018676702,-0.02072617244601174,-0.004937839031510036,0.0,-0.008810272886384437,0.013986311933242724,0.0,-0.02631728354661153,-0.005063297066661577,0.0056980156960335475,-0.01680720250373277,0.022728229523506394,0.0,0.0,-0.006269606921925834,0.0,-0.0361796836488077,-0.04743968034920927,0.016349139594764934,0.019048177668909923
2022-09-02,0.0,-0.006586238817937243,0.0,0.00675211732928837,0.0,-0.015345554702537739,0.007547198392470162,0.02765150398428485,0.0,0.0,-0.03390162018676693,-0.010526403080123896,-0.009950862869297007,0.029676176513580878,0.0,0.02739894733917621,0.15082287310072937,0.0,-0.005089064567689183,-0.005698015696033632,0.008438961181205244,0.016713465433389387,0.009132474615119254,0.006825357928370143,0.03704123623790748,0.006079040349402274,0.0,0.020040731731513474,-0.005421234174383067,0.0
2022-09-05,0.0,0.013129279112158903,0.017804678380562166,0.027871720634285776,0.030584079724088505,0.00514139445852456,0.007490664594348097,-0.037041347336331645,0.005361364265683016,0.012658384455781869,0.025533378864239318,-0.010638388086280572,0.0,-0.03571823749184846,-0.01785688452260645,-0.027398947339176232,-0.12783337692848898,0.0066445364029446095,0.0,-0.017291480476206843,0.016667035927216762,-0.011111215122715117,0.05310977486487595,0.006779088047609774,0.04154903399633759,0.006042308797982336,0.0,-0.02004073173151355,0.0,-0.019048177668910055
2022-09-06,0.0,-0.004357301294971973,-0.023810696850553942,-0.005249257338915674,0.02967638611457289,-0.010309421289296308,0.004962784644457254,0.02790887272121241,0.0,-0.012658384455781838,-0.01694964307797349,0.0,0.0,0.0060420609782676805,0.1267524336487429,-0.028170933733023873,-0.022989496172240394,0.006600677798729651,0.005089064567689317,0.011560811248108576,0.032523160179136756,0.016620931367026387,0.017094417683034057,0.0,-0.011696028347801235,0.0,0.0,0.016064587121218638,-0.0444507024073793,0.0
2022-09-07,0.0,-0.0010923244312237084,0.0,0.0,-0.02367089936098103,-0.03158154232311994,0.0024722456827359573,-0.009216645991064273,-0.005361364265683048,0.0,0.0,0.005333340889063316,0.0,0.006005773618114804,-0.007967832564936654,0.028170933733023967,-0.02353054526552977,-0.013245214201674278,0.0250639446979372,0.0,-0.024292669118037107,0.0,0.01680720250373278,0.013424427507220173,-0.017804678380562083,0.006006018469991941,0.0,-0.003992017470038185,0.04445070240737924,0.0
2022-09-08,0.01626050511169458,0.0043620531107048865,-0.006042308797982368,0.0,0.03529778950814553,0.01063838808628069,0.0,0.009216645991064322,0.005361364265683016,0.0,-0.017241790486774565,0.0,0.0,0.029501077670326347,0.015872680296112395,-0.0139863119332428,0.0,0.01980260859668314,-0.014962858442059175,-0.011560811248108578,0.0,0.005479460395805221,0.008298794604689132,0.0,0.0,0.011904962062388738,0.0,0.0,-0.021976649946253597,0.0
2022-09-09,0.0,0.008667538251503763,0.018018488730808087,-0.0026351395157436733,0.0,-0.005305047197217205,0.002466031306457443,0.009132474615119254,0.005332868371481865,0.0,0.0,0.02624820143405664,0.0,0.005796874986899482,0.015624669782326525,-0.014184621799781008,0.0,-0.026491590346980957,0.0,-0.01759574466597464,0.008163302695052716,-0.005479460395805272,-0.01666703592721668,0.026317498966108462,-0.01812736761737642,-0.005934800599554761,0.0,0.03536711069802877,-0.02247405246112572,0.019048177668909923
2022-09-12,-0.005390843438307593,0.002155119760549909,-0.005970161462834003,0.009192533910752648,0.0,-0.005333340889063379,0.004914010196641713,-0.018349120606183555,0.005306093449510527,-0.006389868187525432,0.0,0.01030942128929636,-0.00501200313491829,0.00576346480889128,-0.031497350078439,0.014184621799781118,0.0,-0.02033966450955816,-0.0050377891892164845,-0.005934800599554761,0.01612936642298423,0.010929059852906247,0.008368241322527527,0.0,0.0,-0.011976179932825855,0.061243628346745016,-0.031375093227990605,0.02247405246112561,-0.019048177668910055
2022-09-13,0.0,-0.006479549799944647,0.0,-0.019802608596683105,0.028492564345204356,-0.010752781438702409,0.007326091276825576,-0.009302383378101402,-0.010638961820992394,0.0,0.008658054700508674,0.0,0.00501200313491837,0.005730437542873729,-0.008034746442791927,-0.014184621799781008,0.0,0.027028646259855987,0.0,0.0,0.0,0.005420062216286035,-0.01680720250373277,0.0,0.08191711511735494,0.0,-0.00995032141084811,0.027506620018035475,0.03278979077748378,-0.03922067647349903
2022-09-14,0.0,0.007555421748772998,0.005970161462833876,-0.008032164006342584,-0.01699756948006906,0.0,-0.01470613277992456,-0.009389843352046762,-0.027102410517295034,0.0,-0.008658054700508611,0.005115095676324177,0.0,0.005699283534256402,-0.024490030802976785,0.0,0.06899287621747914,-0.020202687854778488,0.005037789189216557,0.0,-0.00803216400634236,0.0,0.0,-0.01307352880056399,-0.045985069119416466,-0.018237570367571024,-0.04604395597711444,-0.0116960288913906,0.0,0.0
2022-09-15,0.0,-0.002152902644882432,-0.005970161462834003,-0.020367283043256114,-0.034887350296873496,-0.005420062216286126,0.012270022236438059,0.02790887272121241,-0.02222263670582888,0.0,0.0,-0.031090619081118508,0.0,0.00566558481213439,0.03252477724576872,-0.014388723877542694,0.0,0.020202687854778384,-0.015190150823567276,0.005934800599554714,-0.016260505111694693,0.010752781438702515,0.008438961181205244,-0.01324397016554451,0.028987508824008093,0.0537442955659263,0.0,0.0,0.10212853371068656,0.0
2022-09-19,-0.005420062216286015,-0.017391726485559075,0.011904962062388738,0.020367283043256093,0.057486573703928165,-0.016438776097217507,-0.012270022236438008,0.0,0.0,0.0,-0.008733671785050415,-0.010582099318558446,-0.010049253035244803,0.005633579647677501,-0.03252477724576877,0.014388723877542623,0.0,-0.020202687854778488,0.0,-0.03003232967976516,0.0,0.08701135574020177,-0.008438961181205271,0.0,-0.011494368400598594,-0.04154903399633766,0.0,-0.00787404903980047,0.028710105882431575,0.0
2022-09-20,0.0,-0.002195336095339825,0.01176483002949803,-0.014895416098634144,-0.00560165392698556,0.005509716244311248,0.002466031306457443,0.0,0.0,-0.012903392926887598,0.025975462271824908,0.0,0.0,0.005602020138042182,0.0,-0.014388723877542694,0.0,-0.006825958405077556,0.005089064567689317,0.012121349147384488,0.008163302695052716,0.019418067876816054,0.0,0.0,-0.01162802671208472,0.0,0.04604395597711438,0.09423162598005855,-0.09389719756528832,0.0
2022-09-21,0.0,0.009841435264899475,-0.011764830029498071,0.00272489225019814,-0.01699756948006906,0.016349122069192402,-0.009901061633650766,0.009132474615119254,-0.005633310323775715,-0.006514674949928501,-0.017241790486774565,0.0,-0.005064386136332264,0.0,-0.025104791463524782,-0.01459878544734433,-0.045462330951949376,0.0,-0.005089064567689183,-0.006042308797982368,-0.008163302695052731,-0.03922067647349926,-0.06115436581491739,-0.03390105381453801,-0.005865113711324816,-0.012195261569588702,0.0,-0.014492993530554128,-0.04775458285906025,0.0
2022-09-22,-0.008185576598920058,0.0,0.005899716318173401,-0.004089981263258574,0.011364259156293199,-0.01086966167338712,0.002484530133934085,0.02690742702571047,0.005633310323775742,-0.006557394395008837,0.0,0.010582099318558432,0.0,-0.03989124547077505,0.0,0.0,-0.04762807434574007,0.027028646259855987,0.005089064567689317,0.012048327267974135,0.0,0.01980260859668314,0.017857600292717848,0.04714502398008251,0.04035125669834219,0.018237570367570944,-0.05129330693589688,0.03936103693775976,-0.021976649946253597,-0.020202687854778828
2022-09-23,0.0,0.0,0.07913731065002345,0.0,-0.011364259156293244,-0.010989176640116416,-0.015000326114509563,0.0,0.0,0.0,-0.008733671785050415,0.025975523404794403,0.015113639171576912,-0.023531158144527643,0.0,0.04317213112466797,0.0,-0.020202687854778488,0.0,-0.0060060184699918355,0.0,0.009756165867939136,0.0,0.0,-0.017094417102432247,0.0,0.05129330693589695,-0.021277378657777766,0.0,-0.02061932901721874
2022-09-26,-0.013793374751352642,-0.01978079368411754,-0.06744128230222217,-0.02489752698831648,0.01699756948006902,-0.028013010032764196,-0.0025220670062429144,-0.017857600292717837,-0.005633310323775715,-0.006600677798729731,0.0087336717850503,-0.03655762272335292,0.0,-0.0059699195257986795,-0.008510330550420428,-0.043172131124668,0.0,0.0,-0.020513581533309597,-0.018237570367571024,-0.01652928566578902,-0.009756165867939072,-0.026907427025710466,0.0,0.0,-0.030583394379324613,-0.005012537031211045,-0.010810905886807262,0.021976649946253632,0.0
2022-09-27,0.0,0.0033240731609516325,0.04546233095194954,0.004192874068576918,0.0,-0.017192384096632173,-0.012706638950606076,0.026668221646324243,0.005633310323775742,-0.01333351815324252,0.0,-0.01069527888945819,-0.010049253035244803,0.0,0.008510330550420381,0.0,0.0,0.0,-0.005194812051598307,0.0,0.008298794604689132,0.009756165867939136,0.02690742702571047,-0.05406761483766984,0.039441694956895985,-0.01250015065656526,-0.015190150823567502,0.05635296613453676,0.0,0.0
2022-09-28,0.008298860832071831,0.003313060296034263,-0.028170850475742682,-0.002793395150982653,0.005601653926985662,-0.023392856741582885,-0.007702212818593414,0.0087336717850503,0.0,-0.006734025694352127,0.0,0.0,-0.005064386136332264,0.011905969405358638,0.01680632937487969,0.02898750932488704,0.0,0.013513706104480555,0.0,0.006116221220186421,0.024490996172794505,-0.009756165867939072,-0.017857600292717837,0.006922590857587368,-0.011111215122715005,-0.025479137057503595,0.03015300926562662,-0.02777962045721279,-0.03315224990214123,-0.021053389382458043
2022-09-29,0.024490996172794505,-0.006637133456985746,0.0056980156960335475,0.004187022592425708,-0.03409421827219008,0.01176483002949803,0.00514139445852456,0.0,-0.01699756948006906,0.013423007444649979,-0.008733671785050415,-0.010810905654593765,0.0,0.017595108264967546,-0.016806329374879605,-0.028987509324886983,-0.02469258896657936,-0.02721253704006281,-0.010471290063899817,-0.012270080925744142,0.008032164006342388,0.009756165867939136,0.026668221646324243,-0.00692259085758733,-0.016901794910049166,0.0,-0.025063944697937195,-0.014184621799781234,-0.005631602547845197,0.0
2022-09-30,0.005361938000394903,0.008839827952398235,0.005665732178300511,-0.0013936274414431268,0.017192404064035712,0.0,0.0,-0.044451720164367166,-0.011494994865135381,-0.013423007444650008,0.0087336717850503,0.02150618454405203,0.0,0.028655645685055357,-0.017096827390605845,0.05715844305791085,0.0,0.020478511345710722,-0.015915440207621832,-0.025001277987246565,0.05448822502049883,-0.02955877446462216,0.017391726485559075,-0.02105145528731525,-0.017192384096632173,0.01282075260172188,0.0,0.028170933733023967,0.0,-0.02150618454405166
2022-10-03,0.021164791166404323,0.0010995304668198402,0.02785699409877504,0.0,-0.005697409198900226,-0.011764830029498071,-0.010309421289296421,0.05310977486487595,0.005764836338394502,0.006734025694352132,-0.035401893431374704,0.0,-0.015345571078298368,-0.02285877069815591,0.017096827390605827,-0.05715844305791088,0.0,-0.03436769307148057,0.0,0.025001277987246547,-0.030771720754924767,-0.05129330693589688,0.008583735786265884,0.007066535147822098,-0.047346146071945816,-0.012820752601721806,-0.015345554702537964,-0.010471373065981707,0.07087230100992944,0.021506184544051815
2022-10-04,0.005221939105117212,0.0,-0.00550971624431123,-0.01263183524978237,0.0056974091989001165,0.034887225142181455,0.017972286568243456,0.008583735786265884,0.011427567725640957,-0.006734025694352127,0.017857600292717848,-0.01069527888945819,0.015345571078298419,0.00576346480889128,-0.008510330550420428,0.014598785447344208,-0.025317859565233025,-0.021202188000719557,0.021164791166404538,-0.006191964306195913,0.007782133222499861,0.04124298071546938,0.016949643077973472,0.013984920139493302,0.05884051447254449,0.01916997403301824,0.010256490134848532,-0.017699560667042254,0.0,0.02105338938245812
2022-10-05,-0.010471290063899817,0.0,-0.039441694956895985,0.007037320344535147,0.011300160281168904,0.028170850475742706,0.012642381220944496,0.06613983918432709,-0.011427567725641002,0.006734025694352132,0.00881062135360639,0.0,0.0,0.05043177639325687,0.025316659925300047,0.042559657610566515,0.0,0.0,0.010416751156715365,0.042559574312150454,-0.01562530335027711,0.0,-0.02553337886423942,0.0,-0.023122395112683266,0.012578769946411373,-0.015424516965620335,-0.018018488472779644,0.02597753275112863,0.02061932901721869
2022-10-06,-0.005277052121341222,-0.01104987810633444,-0.005763699172500427,-0.012703052714170415,0.005601653926985662,0.011049891497366173,0.0025094092032536793,-0.00803216400634236,0.0,0.006688981750297954,0.0,0.0,0.0,0.026954764047824657,0.024691607032670173,0.02739894733917621,0.07410797761202269,0.05556988107220004,0.01030942128929636,-0.018018488730808243,0.031010208081312964,-0.02040885176919952,-0.017391726485559075,0.0,-0.011764830029498071,0.0,0.005168026830771913,-0.010969020852107306,-0.047252840479841435,0.0
2022-10-07,0.002642006966518061,0.009950347639514521,-0.01749314042340947,0.004252305858518193,-0.00560165392698556,0.0,-0.0025094092032537183,0.01600032608667546,0.0,-0.006688981750297861,0.017391726485559075,-0.03278985700486635,-0.005088522580559257,-0.010694844160983385,-0.024691607032670187,-0.013605638815206378,0.0,-0.03436769307148057,0.005115095676324177,-0.030771629315981694,-0.0076628657456105625,-0.005168026830771852,0.0,0.0,0.005899716318173401,0.006230543734639389,0.02544664095841606,0.0,0.0,-0.02061932901721874
2022-10-11,0.0026350451548232076,-0.0011007407649487072,-0.042048267218124935,-0.015680991171917194,-0.022727728006809843,-0.03352272627707541,-0.007566233103822386,-0.024097528503317416,-0.005764836338394622,-0.013513706104480588,-0.008658054700508611,0.0,0.0,-0.0327899783506672,0.0,-0.041964242256993786,0.0,0.09340124517715523,-0.015424516965620335,0.0,-0.04725284047984155,-0.015666102115497887,0.017391726485559075,0.0,-0.023810696850553942,-0.031548403299872435,-0.0101010862558781,-0.0412817096849418,0.0,0.0
2022-10-12,-0.0026350451548230957,0.0032984893747194832,-0.006153859705557642,-0.001437813438836632,-0.011561331454521602,0.0,0.0025284439146058177,-0.008163302695052731,0.0,0.006779680410128444,0.008658054700508674,0.0,0.0,0.0,-0.025316659925299974,0.028170933733023967,0.0,0.11423815086226731,-0.005194812051598307,-0.006269606921925834,-0.024490996172794488,0.0052493509587823286,-0.017391726485559075,-0.006968055323813528,0.006006018469991941,0.0,0.0,-0.011560811779202035,0.0,-0.021053389382458043
2022-10-13,0.0026350451548232076,-0.004400443105183188,0.01834912127514641,0.0,-0.005830395031037363,0.0,-0.007604592031727906,0.01626050511169458,-0.005796495116127054,0.0,0.017094417683034057,-0.005571039869659899,0.005088522580559239,-0.005570812254446806,0.016948756707202476,0.0,0.0,-0.011428684924131786,0.005194812051598424,0.01250015065656515,-0.01666703592721668,0.015584777987487237,0.017391726485559075,-0.014083399963501593,0.017804678380562166,-0.03257614007055464,0.0,0.04175184552306489,0.0,0.0
2022-10-14,0.0,-0.007747653144102119,0.0,0.0,0.017391726485559075,-0.017192384096632173,0.005076148117122006,0.0,-0.005830395031037363,0.006734025694352132,0.008438961181205244,-0.005602250310674478,0.010101636036658661,0.0,0.01666636530674274,-0.0139863119332428,0.0,0.0,-0.005194812051598307,0.0,0.016667035927216762,-0.020834128946269747,-0.008658054700508611,0.04845067245222036,0.0058651137113246805,0.03257614007055468,0.00506329706666151,0.0037105757856250618,-0.03278979077748383,0.0
2022-10-17,0.0,0.011049878106334366,0.006042308797982336,-0.0014398837233615953,0.0,-0.01162802671208472,-0.002534853152055743,0.008032164006342388,0.005830395031037429,-0.02033966450955827,0.0,-0.011299544599374644,0.00501200313491837,-0.0226004681321105,0.0,0.013986311933242724,0.06899287621747914,-0.005763699172500427,0.025708393584907924,-0.006230543734639407,0.008230491061099875,-0.010582099318558446,0.0,-0.03436727248871886,0.017391725884585187,-0.006430884414196457,-0.030771690651569667,-0.007434971238749889,-0.05715961762070589,0.0
2022-10-18,0.0,0.0021953360953397717,0.029675810561878693,0.04369965468646497,0.02272772800680976,0.02312239511268329,-0.002541294965066296,0.015873334137796822,0.0,-0.034846781130998324,0.01666703592721698,0.0,0.0,0.02260046813211045,-0.03361512201394517,0.013793308523969955,0.0,0.06706423244289993,0.015113623287089218,0.006230543734639389,0.02429266911803713,0.0,0.025752472383542852,0.02076282651273893,0.022728229523506394,-0.012987183462619664,0.02061932901721869,0.0037243954531247596,0.05715961762070584,0.0
2022-10-19,0.002628119936122682,-0.002195336095339825,-0.023669792091886934,-0.027973826853648062,0.016713474313586545,0.016997560295408266,0.002541294965066292,0.007843170127777039,0.0,0.0484524199462045,-0.008298794604689418,0.0,-0.020202161752136308,0.059638695101870275,0.0,-0.013793308523969885,0.0,0.0,0.0,0.00619196430619583,-0.032523160179136874,0.010582099318558432,-0.008510681896768226,0.0,0.07571181545711721,-0.013158072193738508,0.0,0.0037105757856250618,0.011048744525871826,0.0
2022-10-20,-0.007905172057463813,-0.0055096766550437595,0.017804678380562166,0.027973826853648163,0.08470621153436307,-0.01699756029540832,-0.00764334188394451,0.00778213322249964,0.005796495116127094,0.0,0.0,0.005665732178300511,-0.005114639830108042,0.03109071441017271,0.016948756707202476,0.04082195478382629,-0.02247283477970896,-0.01634912206919197,0.0,-0.018692114962761117,0.008230491061099875,0.0,0.03361667900519021,0.0,0.015504233340894498,0.013158072193738468,0.0,0.011049825512574631,0.0,-0.02150618454405166
2022-10-21,0.0,-0.002212440929913069,-0.011834516917728074,-0.02655639346600657,0.04951610551539516,0.0056980156960335475,0.01774442813982253,0.015384904731036134,0.0,-0.020478511345710583,-0.03390162018676693,-0.017094417102432247,0.020304798447326185,-0.005114882927330128,0.008367903218097642,0.02631728354661142,0.022472834779709055,-0.0055097162443115645,-0.005012537031211045,0.030962195888505194,0.0,0.020834128946269733,0.0,0.013604445975980024,0.11149551039472402,0.0,0.010152361634351069,0.03597506851266112,0.021741046251612026,0.0
2022-10-25,0.007905172057463819,0.013201499739151298,0.0,-0.0042583417915424485,0.07445250908938805,0.011299544599374666,0.041826533134031174,0.007604682801388995,0.005764836338394502,-0.03509136972648951,0.025533378864239318,0.011428684924131866,-0.015190158617218013,-0.06351365586644014,0.0,0.025642482545709343,-0.02247283477970896,-0.005540175253055251,0.024815145627894136,-0.012270080925744142,0.0,0.07924929674599543,0.07174383665263596,0.0,0.053584194779486484,-0.006557394395008837,0.0,0.010544903455824718,0.0,0.0
2022-10-26,0.0,0.011950235778600117,0.023530545265529484,0.005673768905199516,-0.004493904139645232,0.011173290180334477,-0.019465315590965433,-0.030771720754924767,0.005730158526740772,0.05556988107220004,0.008368241322527527,0.0,0.025190771254406375,-0.005479232650410008,0.008298462088645243,0.025001277987246766,0.022472834779709055,0.011049891497366831,-0.009852287185835048,-0.012422508040835292,0.0,-0.028987510159685204,-0.0717438366526361,0.0,0.004338397559886872,0.0065573943950087855,0.03960910068504969,0.00349040174466545,0.0,0.0
2022-10-27,-0.0026281199361225405,-0.019629889164563416,0.0057971120756082056,0.0042343002915655225,-0.009050314407467265,0.005540175253055062,-0.004926113418270593,0.0,0.0056974091989001165,0.0,0.0,-0.017192384096632173,0.0,0.02173915253725135,-0.008298462088645148,0.0,-0.09309040529768946,0.00547946039580478,0.019608453053774177,0.012422508040835311,0.02429266911803713,0.0,0.024490996172794505,0.0,-0.01307206934493735,0.012987183462619612,0.04740230640793522,-0.04635406601610264,0.010694232637164626,0.021506184544051815
2022-10-28,0.002628119936122682,0.017467676672045893,-0.005797112075608216,-0.002820873780448576,0.03132206222705897,0.01098917664011656,0.002466031306457443,0.023167037953535825,0.0056668499573929755,-0.041385259272418894,0.0,0.0,-0.0049886095022701245,0.005361719473806634,-0.016806329374879605,0.02439143007312866,0.0,0.005449599457101185,-0.019608453053774056,0.0,0.0,0.0,0.01600032608667546,0.0,0.021692804415422866,0.025479137057503713,-0.03774040439905813,-0.007326033054169456,0.010581075091548058,0.0
2022-10-31,0.0,0.006472559785504116,0.028655228350540934,0.005633812610259183,0.043111025717379195,-0.010989176640116416,0.007362047842330416,-0.0076628657456105625,0.005633310323775742,0.0,-0.01680720250373277,-0.005797112075608216,0.0,0.031581724055424476,0.0,-0.024391430073128578,0.04762807434574009,-0.033152241530607175,0.019608453053774177,0.012270080925744102,0.007968162080333152,0.009756165867939136,0.08369902992605398,-0.01360444597597995,0.012793339753170346,0.006269606921925908,-0.009661902008876995,0.0325525721561289,0.0,0.0
2022-11-01,-0.005263165090945717,0.0,-0.005665732178300458,-0.005633812610259218,0.016736330896075957,0.0,-0.01726310947598105,-0.055350042896483494,0.0,-0.0070671606737855944,0.0,0.028655228350540934,0.004988609502270238,-0.015665539032474793,-0.008510330550420428,0.012270080925744102,0.0,0.0,-0.009756165867939072,-0.006116221220186404,0.007905172057463819,-0.009756165867939072,0.0,0.013604445975980024,-0.02575247238354272,-0.006269606921925834,0.0,-0.01795378670878464,0.0,0.02105338938245812
2022-11-02,0.0026350451548232076,-0.005390869144001345,-0.005698015696033632,-0.008510681896768226,0.008264947091170627,0.0,-0.004987536766390735,0.0,-0.005633310323775715,0.0,0.008438961181205244,-0.017094417102432247,-0.0049886095022701245,-0.01591618502294962,0.008510330550420381,0.0,-0.04762807434574007,0.0,-0.009852287185835048,0.042048267218125074,-0.007905172057463813,0.0,0.0,-0.006779088047609733,0.0,0.0,0.0,0.028573345677324,0.0,0.09909087101440658
2022-11-03,0.0,-0.014153759986440197,-0.017291480476206843,0.008510681896768206,-0.012422508040835292,-0.01671346543338953,-0.0125787701350334,-0.02469258836084179,-0.005666849957393058,0.0,-0.008438961181205271,-0.023256839595909927,-0.010049253035244803,-0.021621639360647895,0.01680632937487969,0.0,0.04762807434574009,0.03315224153060717,0.0,-0.035932045997938575,-0.007968162080333081,0.0,-0.014706133209623379,-0.006825357928370145,0.03419143356474797,-0.0063091630244854185,0.0,0.0,0.0,0.09015112220120755
2022-11-04,0.0,0.011989207381668409,0.0,0.005633812610259183,0.0,0.0,0.0,0.040821954783826074,0.0056668499573929755,0.0,-0.03448614416859313,0.0058651137113246805,0.005037249900326546,0.010869297337520852,-0.016806329374879605,0.0,0.0,0.032088283862610374,-0.00995032141084811,0.018127367617376385,-0.00803216400634236,0.02898751015968521,0.06453854321336482,0.0,0.004192874068576918,0.0,-0.039609100685049775,0.0,0.010473360543203695,0.09844007923616728
2022-11-07,0.0,-0.01418454347700828,-0.011696028347801235,0.006998022639523212,0.0,0.022223181677700765,-0.002534853152055743,0.0,0.011234964250761394,0.0,0.0087336717850503,-0.005865113711324816,0.0,0.010752342023127161,0.01680632937487969,0.12588026230255575,-0.04762807434574007,0.03617968364880761,0.02955877446462218,0.017804678380562166,-0.00809720241664192,-0.019231344291746142,-0.0139863119332428,0.013604445975980024,0.020704652919739504,0.006309163024485387,0.0,0.013986311933242724,0.0,-0.031748668271916365
2022-11-08,0.0,0.0,-0.011834516917728074,0.022069741932799945,-0.004176190351189878,-0.00550971624431123,-0.010204160244013332,0.015873334137796822,-0.016901814208154366,0.007067160673785595,0.008658054700508674,0.0,-0.0050372499003264815,0.010639351900179929,-0.008367903218097675,0.021277378208016763,0.07061757051798055,0.005063297066661731,-0.009756165867939072,-0.011834516917728074,-0.02469258836084179,0.0,0.007017566200938237,0.0,0.02429266911803713,-0.012658384455781838,0.0,-0.010471373065981707,0.0,-0.08408313744980968
2022-11-09,0.0,0.0,0.0,-0.0027322397341011783,0.008333751300854614,0.04325000783848673,0.0,0.0,0.0,0.007017566200938237,-0.008658054700508611,0.0,0.0,0.0,0.05715897511744814,0.04124298071546938,0.0,0.005037789189216557,0.0,0.029327657341137625,0.0,-0.009756165867939072,-0.021202188000719557,0.0,0.0,-0.006389868187525432,0.0,0.0,0.0,0.034486144168593025
2022-11-10,0.0,0.0,0.011834516917728159,0.01088454845234626,-0.0041575609496646735,-0.010638388086280572,0.007662865278947024,-0.015873334137796888,0.011300160281168904,-0.0070175662009383764,-0.017544293138656752,0.0,0.01004925303524487,0.005276833122769629,0.0,-0.0412429807154693,0.0,-0.030614667789187682,0.0,-0.01162802671208472,0.008298794604689132,0.009756165867939136,0.0071174611259955806,0.0,-0.036663948757198465,0.01273908961882172,0.0,0.047954429773839485,0.0,0.01680720250373278
2022-11-11,0.0,0.003291251698925363,0.011696028347801337,0.0013521672858974683,-0.025317859565233025,0.015915440207621843,0.007604592031727794,0.015873334137796822,0.005601653926985662,0.0,0.00881062135360639,0.011696028347801337,0.0,0.020833293963197774,0.0,0.05129330693589695,0.0,0.01030942128929636,0.02898751015968521,0.01162802671208485,0.016393793756152505,0.009661902008877073,0.0,0.020068377835457594,0.08354749097630829,-0.01273908961882177,0.0,0.052129092520775064,0.010361763540294246,0.03278979077748378
2022-11-14,-0.0026350451548230957,0.0010947158872432973,0.0057971120756082056,0.006734122350536155,-0.004283502042741882,0.00524935095878277,0.002522067006242808,0.01562530335027686,0.0,0.0,0.0,0.0057971120756082056,0.0,0.0,-0.007967832564936654,0.08617772686362166,-0.07061757051798058,0.005115095676324177,0.00947873538604097,-0.01162802671208472,0.00809720241664188,0.07410801309097848,0.08167803598753767,0.05162476451828208,0.128749032824547,-0.006430884414196457,0.0,0.06751022729262397,0.030459210249875277,-0.016260505111694693
2022-11-15,0.007884396113605759,0.004366814847225137,-0.01162802671208472,-0.0026882673433977797,-0.03050305631006348,-0.010526403080123896,-0.012674428640593947,-0.07232059227189977,0.01662098277884319,0.007017566200938237,-0.008810621353606442,-0.01749314042340947,0.0,-0.020833293963197812,0.00796783256493675,0.0,0.0,-0.015424516965620335,0.0,0.0,-0.016260505111694693,-0.008968661352744359,0.02580793606434155,-0.006308604271472407,0.0805588362218575,-0.006472508512691262,0.0,0.005917241932002314,0.0,-0.016529285665789248
2022-11-16,0.0026143781296879987,0.002176225446996626,-0.017699630629052897,-0.0067521173292884465,-0.0044341181206939565,-0.005305047197217205,0.005089064567689538,-0.1431009200568847,-0.005509162392242198,-0.0070175662009383764,0.0,0.0,0.0,-0.021277904496756206,0.02352951751350226,0.009132474615119254,0.024097529080210216,0.01030942128929636,-0.009478735386040972,-0.005865113711324816,0.01626050511169458,0.026668221646324243,-0.012820752601721806,-0.03215662766028069,0.0,-0.006514674949928389,0.0,-0.005917241932002314,0.0,0.0
2022-11-17,-0.0026143781296880443,0.0,-0.011976179932825855,-0.0040733214317941755,0.004434118120693844,0.005305047197217218,0.010101086255878002,0.01904817766891014,-0.016713474313586666,0.0,0.0,0.0058651137113246805,0.0,0.005361719473806634,-0.023529517513502327,-0.009132474615119266,0.0,0.005115095676324177,0.00947873538604097,0.0,-0.024490996172794488,-0.02666822164632427,-0.012987183462619664,0.0,-0.03144910202501453,-0.013158072193738508,0.0,0.002963032947646213,0.0,0.0
2022-11-21,-0.005249350958782499,0.00973508539656266,-0.006042308797982368,-0.006826056385317906,-0.0044341181206939565,-0.02681123174126915,-0.0050377891892164845,0.0,0.011173892179957104,0.0,0.00881062135360639,0.0058309146364764605,0.0,-0.010752342023127096,-0.007967832564936654,-0.018519029369165625,-0.024097529080210244,-0.036367671202459706,-0.009478735386040972,0.023256839595910014,0.016393793756152505,0.0,0.02580793606434155,0.0,-0.055843759891195124,-0.026847224257723082,0.03960910068504969,0.0,0.0,-0.01680720250373277
2022-11-22,0.002628119936122682,0.0,0.012048327267974135,-0.0013707028095022399,-0.004455224196429237,-0.027549991219932526,-0.0025284439146058255,0.01869222673014823,0.005539582133629593,0.007017566200938237,0.0087336717850503,0.011560811248108576,0.009950862869296993,0.021391693923307142,0.015872680296112395,0.009302383378101268,0.0,0.0,-0.028987510159685204,-0.017391725884585128,-0.02469258836084179,-0.009049826732992521,0.018927991377707627,0.0,-0.017036170544976987,0.026847224257723172,-0.009756165867939072,-0.03003232967976516,0.019803680896474177,0.0
2022-11-23,-0.0026281199361225405,-0.01956587513400212,-0.01812736761737642,0.0,-0.013483349253652794,0.01662093136702617,0.005050510920848728,-0.009302383378101402,0.0,0.0,0.0,0.0,0.0,0.010526048513365594,0.015624669782326525,-0.009302383378101402,0.0,0.005277052121341313,-0.009852287185835048,0.0058309146364764605,0.016529285665789057,-0.018349120606183555,-0.006269606921925834,0.025805429025555063,-0.038533710527223035,-0.026847224257723082,-0.019802608596683105,0.0,0.0,0.0
2022-11-24,0.007863729088470628,0.012002392944907209,0.030032329679765296,0.0,0.06142326435266708,0.04301734371551669,0.03708703367880692,0.03670133071727731,0.010989703532159428,0.0069687457323044065,0.0,0.0170944171024322,0.004937839031510083,0.030930352998113773,0.030538125956454863,0.0721032241486521,0.07061757051798055,0.03617968364880761,0.0098522871858351,0.08894746684627411,0.02429266911803713,0.045256547631893976,0.08438738230985333,-0.006389234946630644,0.03509136972648957,0.04651997140138989,0.01980260859668314,0.012121349147384488,0.03846531663455815,0.049596993281216785
2022-11-25,-0.0026143781296880443,0.0172047086882457,-0.005934800599554761,0.0,0.0,0.0,-0.022086707564297297,-0.009049826732992521,-0.005480541139917248,-0.021053472607028428,-0.017544293138656752,0.005633812421074211,0.0,-0.020514029356234878,-0.00754954308858495,-0.017544293138656752,-0.022989496172240394,-0.005089064567689072,0.019418067876815836,0.036557622723352945,0.07696105879676374,0.0,-0.023392856741582885,0.012740433581356207,-0.013889181725769854,0.02564248254570956,-0.034916231883772283,0.017910980532380612,-0.07338263670260924,-0.03278979077748383
2022-11-29,0.0,-0.001066691181871912,-0.005970161462834003,0.004106777931561642,0.0,-0.005277052121341222,0.022086707564297325,-0.027651503984284922,0.02174104625161181,0.014084726874723943,0.0,0.0,0.029128272923023637,0.015425175377697838,-0.007604292359598727,0.0,0.0,0.015190150823567363,0.03774040439905847,-0.02072617244601174,0.014706133209623233,0.0,0.02915655591408321,0.0,-0.017637125169477658,0.049392708060375407,0.03491623188377238,-0.04230241060550934,0.06390482939293797,0.03278979077748378
2022-11-30,0.0026143781296879987,0.0031965646572858697,-0.0060060184699918355,-0.006854128092095606,-0.034635950527643324,0.010526403080123953,0.012062918522107176,0.0,-0.005391906656847035,0.04779070051613047,0.01754429313865675,-0.011299544599374644,-0.004795656453708193,0.02020193561936708,-0.031008960290597784,0.11679925694755523,0.0,-0.025446640958415936,0.045256547631893976,-0.015831450277341185,0.0,-0.017857600292717837,0.0057306692280980846,0.006308604271472486,0.014134497835800324,0.011976179932825813,0.0,0.01834912127514641,0.009477807309671188,0.0
2022-12-01,0.002607560975429258,0.0,0.023810696850554036,0.006854128092095563,0.004396473826732603,0.005221939105117212,0.007168425769638926,0.02765150398428485,0.005391906656847013,0.013245214201674292,0.0,0.011299544599374666,0.0047956564537080994,0.024692956553066258,0.0830658107267067,0.053652753420216845,0.022989496172240335,-0.0051680268307717405,-0.017857600292717837,0.010582099318558432,0.042863664271437035,0.017857600292717848,0.0,0.0,-0.017699560667042254,0.023530545265529484,0.0,-0.030771629315981694,-0.06328252822411057,0.0
2022-12-02,0.010362838882369933,0.0,0.0058651137113246805,0.004089981263258659,0.004375980066558272,0.030771690651569372,0.0,0.018018488085736917,0.005361364265683016,0.0065573943950087855,-0.008733671785050415,0.016713465433389387,0.028303776162851724,0.024097805366216293,0.03559196623884754,0.0,0.022472834779709055,-0.026248201434056553,0.008968661352744326,0.0,0.013889181725769988,-0.008888938939973515,-0.017291480476206843,0.0,-0.0035778179907354503,-0.011696028347801235,0.0,-0.009419212750162241,0.04423338760145282,-0.016260505111694693
2022-12-05,0.00514139445852456,0.004246287012415499,0.0,0.0067795837539444005,0.03854864944775031,0.02000064763127573,-0.009569442282869082,0.01769956029357998,-0.005361364265683048,0.006514674949928488,0.0087336717850503,0.01098917664011656,-0.033099432616560044,0.0,0.0,-0.022642545338903967,0.021978951350272665,0.03141622826482829,0.008888938939973553,0.0,-0.027973908600493886,-0.008968661352744359,-0.005830914636476495,0.00626897953505776,-0.010810905886807262,-0.035932045997938575,0.019418067876816054,0.0,-0.019416176011900453,0.01626050511169458
2022-12-06,0.002560818360068893,-0.009579551606990611,-0.029675810561878704,0.008075407008984889,0.008368692322749297,-0.025063944697937195,0.011947619161938802,-0.008810621353606442,0.0,-0.01307206934493735,0.025752472383542852,-0.005479460395805272,0.0,-0.004773076430886031,-0.007017276623975368,-0.023167037953535786,0.0,0.0,-0.008888938939973515,0.01047129006389992,-0.03610497045088264,-0.018182301348111753,-0.017699630629052897,0.0,0.0,0.035932045997938464,0.0,0.0,0.0,-0.016260505111694693
2022-12-07,-0.0025608183600688106,0.0032033911191613512,-0.018237570367571024,0.008010716861165473,0.004157560949664626,-0.015345554702537739,0.0,0.026202347839165366,0.005361364265683016,0.013072069344937442,0.01680720250373278,0.0,0.02843792085858064,-0.07447704155473836,-0.021354736719384333,0.030771720754924695,0.0,0.0,-0.018018488085736913,0.010362838882370154,0.0,0.027150962700856145,0.0,-0.025318017387886305,0.0,-0.035932045997938575,0.03774040439905826,0.009419212750162142,-0.019803680896474118,-0.016529285665789248
2022-12-08,0.0,-0.019376311895713497,0.006116221220186421,-0.002663019769316165,-0.016736330896075954,0.0,-0.026475706305416007,0.0,0.010638961820992358,-0.006514674949928501,-0.008368241322527534,0.0,-0.02843792085858054,-0.0051677549307229615,0.0,0.037178966985888275,0.0,-0.03674956915389146,-0.009132474615119266,-0.015584777987487312,0.014598785447344208,0.008888938939973553,0.03509135651363814,0.025318017387886405,0.0597717695392869,0.006079040349402274,0.0,-0.006269606921925834,0.029558891648600826,-0.03390162018676693
2022-12-09,-0.0025673929907794484,0.004338397559886872,-0.012270080925744142,-0.008032164006342584,0.012578769946411373,0.010256490134848532,0.02884812788038816,-0.02620234783916546,0.03636715422327418,-0.006557394395008837,0.01666703592721698,-0.022223181677700703,0.046956467277986136,-0.020942372155244485,0.0,0.007272752393174878,0.0,0.031581542323119646,0.027150962700856145,0.005221939105117212,-0.0072727523931748195,0.00881062135360639,0.0,0.0,-0.024180857661024607,0.006042308797982336,-0.03774040439905813,0.006269606921925908,-0.044672530820177664,0.017094417683034057
2022-12-12,0.0025673929907793006,0.0010816906415026986,-0.012422508040835292,0.0093646079702486,0.0,-0.01025649013484849,0.0,0.0,-0.005114639830108042,0.0065573943950087855,0.008230491061099654,0.0,-0.004597214831871916,0.015747772747768427,-0.029197948151660397,0.0,0.0,-0.03158154232311971,-0.027150962700856176,-0.015748342185241043,-0.02214110444837323,0.05129334667232602,-0.017391725884585128,-0.03822019541546884,-0.003502627333677229,0.0,0.0,0.006230543734639389,0.17211839438328713,0.0
2022-12-13,0.007662865278947024,0.004314997195173064,-0.01257876994641129,0.0,-0.008368692322749328,0.0,0.002366919236984209,0.0,0.005114639830108114,-0.006557394395008837,0.0,0.011173290180334477,-0.009259819829554343,0.025708628763710897,-0.02247456282033748,0.0,0.0,0.0,0.0,-0.010638388086280572,-0.022642545338903967,0.008298794604689132,-0.017699630629052897,-0.01307352880056399,-0.02847164750478987,0.011976179932825813,0.100541245169609,0.0,-0.008585431437129446,0.0
2022-12-14,-0.06844776001271567,-0.008648694310383363,0.006309163024485387,-0.001332443963906022,-0.004210077623661975,0.010256490134848532,0.0023612176950147377,0.0,-0.015424463235089433,0.0,0.01626050511169458,0.0,0.0,0.005063166873399657,0.037180098133048435,-0.0072727523931748195,0.0,0.005333340889063095,0.009132474615119254,0.0,0.02264254533890393,-0.03361667900519022,-0.06771810942449745,0.0,-0.018215422487139386,-0.005970161462834003,0.008658054700508674,-0.01250015065656526,-0.008657214247105608,0.03333648816952206
2022-12-15,0.002721087466364004,-0.005443692381151355,0.01250015065656515,0.0013324439639061157,0.012578769946411373,-0.015424516965620335,-0.007100558506971178,0.043296765522199646,0.0,-0.013245214201674278,0.0,-0.011173290180334456,-0.004661511757979463,-0.015266903779266677,-0.04478439049264712,0.021661476270717614,0.04255957392650976,-0.005333340889063155,0.0,0.01063838808628069,-0.015037862537514927,0.008510681896768206,0.03135049941854301,0.045024744680975094,-0.03364800112304336,-0.030397448543120546,0.04220041479145621,0.0,0.0,-0.016529285665789248
2022-12-16,-0.021978951350272766,-0.002185738999249642,-0.006230543734639407,0.030166193524167995,0.0,0.015424516965620439,-0.007151451285979648,0.0,0.005167414737350273,0.0066445364029446095,-0.016260505111694693,0.0,0.023096193249651762,-0.015504891857843798,0.0,0.028170933733023967,0.0,-0.03815179500526138,0.009049826732992556,0.03636767120245983,0.037178966985888275,-0.008510681896768226,0.01834912127514641,-0.045024744680975205,-0.019194520341100446,0.012270080925744102,0.04839649431693378,-0.01584817667026129,0.017242645684234982,0.016529285665789276
2022-12-19,0.008298860832071831,0.006543040294221657,-0.006269606921925834,-0.011696028891390936,0.0,-0.005115095676324061,0.007151451285979509,0.0,0.005142408667630941,0.0,-0.008230491061099628,0.0,-0.009174861662118032,0.005194599407475956,-0.007662560996574067,0.006920435993465473,0.0,-0.011173290180334456,0.008968661352744326,0.01015236163435085,0.042863664271437035,0.0,-0.006079040349402174,0.006559512749222052,-0.015625303350276884,0.0,0.07579385786859004,0.0,0.008509848441605085,0.0
2022-12-20,0.0,-0.004357301294971973,0.0,0.0,-0.004176190351189878,-0.005141394458524434,-0.009546602648708631,0.0,0.0,0.0,-0.008298794604689418,0.0,0.004597214831871913,0.005167754930723004,0.0,-0.056752845997207035,0.0,0.0,-0.018018488085736913,-0.020408851769199293,-0.0070175662009383764,-0.052643683918149276,-0.056441332946008935,0.03846523193175307,-0.03607602199257535,0.0,-0.007326033054169456,0.018987893619546243,-0.017095279878734635,0.0
2022-12-21,-0.00275868557901671,0.0,0.0,-0.005242565039329419,0.004176190351189951,0.025446640958415846,0.014285943460664936,0.04959699328121657,0.005114639830108114,0.0,0.0,-0.011299544599374644,0.009132971237985048,0.020409441298911497,-0.023346399294023722,0.007272752393174878,-0.11000085622873196,0.0,-0.009132474615119266,-0.020834128946269972,-0.028573345677323933,-0.018182301348111753,0.0,-0.045024744680975205,0.008130118203598047,-0.024692588966579474,0.04317213112466819,-0.02539824227430477,0.04220127302136636,0.01626050511169458
2022-12-22,0.005509716244311248,0.0,-0.01904825264330718,-0.0026314840004710393,0.0,-0.0101010862558781,0.0023612176950147377,0.0,0.015190158617218067,-0.006644536402944578,0.0,0.0,0.0,0.015037248877802323,0.0,0.0,0.0,0.0,0.0,0.02083412894626995,0.08338161239439283,0.009132474615119254,0.0064308844141964675,0.013073528800564057,0.02794590378897739,0.012422508040835311,-0.02135310453994464,-0.012945152605807765,0.0,0.0
2022-12-23,0.058683445831014584,0.001091132560351509,0.01904825264330729,-0.003960397476549375,-0.004176190351189878,-0.005089064567689183,0.0,-0.00809720241664192,0.00501200313491837,0.0,-0.01680720250373277,0.016901794910049242,0.0,0.01970562244269437,0.03861325265019652,-0.0072727523931748195,0.045462330951949334,0.011173290180334477,0.0,0.02040885176919942,-0.020202687854778488,0.0,-0.012903392926887598,-0.01307352880056399,0.0,-0.018692114962761117,-0.06693950906344193,0.0,0.0,-0.016260505111694693
2022-12-27,0.0,-0.005467503050429968,0.0,0.0026419126055973637,-0.04274115141930976,0.01015236163435085,-0.023867459674933467,-0.008163302695052731,-0.015113639171577011,0.0,0.0,0.0,0.009050314407467147,-0.04489489217243316,0.0,0.06362571852771153,0.0,0.027399013566558723,-0.018519029369165625,-0.005063297066661577,0.020202687854778384,-0.009132474615119266,0.03822125249212064,0.0,-0.06087065617557346,-0.012658384455781838,-0.03125251439316616,0.009724540873323983,-0.00829798201900378,0.0
2022-12-28,0.020513581533309774,0.0,0.0,0.003949968871423148,-0.0131870761475387,0.005037789189216557,-0.007272694593967142,0.0,-0.015345571078298368,0.013245214201674292,-0.017094417683034165,-0.016901794910049166,0.0,0.00508885397853687,0.015039897222775008,-0.02076205425627439,-0.045462330951949376,0.021391169524982982,-0.009389843352046762,0.015113623287089218,-0.020202687854778488,0.009132474615119254,-0.006269606921925834,-0.01324397016554451,-0.029726252932816485,0.012658384455781869,0.054067261106295166,0.01282075260172188,0.0,-0.03333648816952201
2022-12-29,-0.025708393584907865,0.0010959156035855017,0.006269606921925908,0.0052425650393294375,0.004414622254247827,-0.0101010862558781,0.016888144475949732,0.008163302695052716,0.0,0.0,0.0,0.011299544599374666,0.004493904139645261,0.015113081640830136,0.0,0.020762054256274358,0.0889474668462739,0.020943154236839373,0.0,-0.02531778353110246,-0.02758801266135205,0.0357180483793169,0.006269606921925908,0.0,0.04220041479145642,0.01250015065656515,0.0,0.015798101405066718,0.0,0.01680720250373278
2022-12-30,0.005194812051598203,0.007637756181464945,0.03681393811396401,0.0,0.004396473826732603,0.015113623287089218,-0.009615449881982605,0.01612936642298423,-0.005167414737350314,0.0,0.008583735786265884,-0.011299544599374644,-0.004493904139645232,0.024692956553066258,0.014814464606456383,0.0,0.0,-0.03694348032351487,0.0,0.03526810494195061,0.0069687457323044065,0.0,-0.006269606921925834,-0.006688306608802332,-0.029352284120837423,0.00619196430619583,0.014925635610135518,0.0124612084054682,0.0,0.016529285665789276
2023-01-03,0.0,-0.008733671785050415,-0.006042308797982368,-0.0013081370560931965,0.042924629514308664,0.05826885414240924,-0.014598785870792663,0.007968162080333152,0.02051298581564865,0.0,0.0,-0.005698015696033632,0.0,-0.014741734226379713,-0.014814464606456353,0.0,0.02105338938245812,-0.016260505111694804,0.009389843352046751,-0.014962858442059175,0.006920435993465473,-0.02666822164632427,-0.01904825264330718,0.03947774174771451,-0.00854705274075507,-0.025001277987246565,0.014706133209623233,0.006172853201976842,0.0,-0.016529285665789248
2023-01-04,-0.005194812051598196,0.003284046058854675,0.0,-0.001309663035199802,0.01666667434175323,0.0550598354220685,-0.0024539280848285233,0.03125251439316623,0.0,0.0,0.008510681896768206,0.016997560295408266,-0.004515566005432073,0.0049380718919607635,0.0,-0.006872872530504391,0.0,0.0,0.018519029369165677,-0.015190150823567276,0.0068728725305045495,0.0,0.01904825264330729,0.0,0.0,-0.006349221431296386,0.01449299353055419,0.0030721961115887132,-0.051293321837057954,0.0
2023-01-05,0.0,0.0,0.012048327267974135,0.0013096630351998916,0.004124526021831475,-0.027150962700856176,0.007343908818167356,0.007662865745610478,0.005064386136332189,0.0,0.01680720250373278,-0.01699756029540832,-0.009090072809774068,-0.004938071891960715,-0.030306750578947887,0.0,-0.021053389382458043,0.005449599457101185,0.009132474615119254,0.030153009265626404,-0.013793308523969885,0.008968661352744326,0.006269606921925908,0.0,0.07839065912106213,0.018927991377707627,0.01428594386615902,0.009160360729220964,0.04292335227055852,0.016529285665789276
2023-01-06,0.020619329017218475,-0.0032840460588546925,0.023669792091886827,-0.005249257338915674,-0.008264947091170673,-0.009216645991064273,0.0,-0.07117621133714687,-0.010152908716891484,0.0,-0.025317884400500992,0.0,0.009090072809774214,0.10159115847766803,0.0,0.0,0.0,0.04775438597810834,0.009049826732992556,-0.00995032141084811,0.013793308523969955,0.008888938939973553,0.04879011804678982,0.0,-0.02004073173151355,0.0,0.0,-0.03400633539753983,-0.008438041557128555,-0.016529285665789248
2023-01-09,-0.018018549736181003,0.0021906314908287376,0.0058309146364764605,0.011772525210788752,0.020535028016914845,0.054067168985500444,0.014528087143477182,0.0,0.0202021617521363,0.0,0.0,0.011363747874334085,0.017938573450082068,0.0,-0.007721729511697143,0.0,0.0,0.015424516965620439,0.008968661352744326,-0.010050326220427584,0.006825958405077651,-0.036039901640829694,0.011834516917728159,-0.03278943513891216,-0.028749385132645605,0.012422508040835311,-0.021506185003538344,0.02177377855672993,0.008438041557128602,0.03278979077748378
2023-01-10,0.018018549736181017,-0.0010947158872432535,-0.011696028347801235,0.0,-0.04150060009020724,0.0,0.0,0.01626050511169458,-0.015113639171577011,0.0,0.0,0.0,-0.004455224196429237,-0.02353054526552943,0.007721729511697225,0.04054605519330522,0.0,-0.010256490134848601,0.01769956029357998,-0.005063297066661577,0.05942336432827762,-0.02790887272121242,-0.005899716318173342,0.026317498966108462,-0.012578870230597509,0.02439143007312866,0.0,0.009188417331775181,-0.008438041557128555,0.0
2023-01-11,-0.005115095676323837,0.0010947158872432973,0.0058651137113246805,0.0012995441341486088,-0.047730524915104364,0.017391726485559075,-0.007237602910783485,0.03174866827191641,0.0,0.0065573943950087855,0.008510681896768206,-0.011363747874334036,0.0,0.04082202574173622,0.07410756294409931,0.019672747143666937,-0.02150618454405166,-0.0314162282648283,-0.0176995602935799,0.00506329706666151,-0.0194180678768161,0.01869222673014823,-0.02395328933036298,-0.01307352880056399,-0.008474619285550513,-0.006042308797982368,0.0355909118782622,0.03886890279229356,0.03333568493846582,0.07755825156435585
2023-01-12,-0.007722100118394772,0.0010934145680258393,-0.005865113711324816,0.0,0.026317283546611638,-0.017391726485559075,0.004830922540104382,0.045809583292439726,0.005064386136332189,0.019418067876816054,0.0,-0.005730669228098182,0.0,-0.052798205674562,-0.007168198615928442,0.06291384145870009,0.0,0.03141622826482829,0.008888938939973553,0.029852934817110828,0.006514674949928488,-0.01869222673014813,-0.006079040349402174,-0.019932276774346776,0.0,-0.024541085581342225,-0.01408472687472389,0.005847964174874583,0.0,0.0
2023-01-13,-0.002587321170901612,-0.007679653385963226,0.011696028347801337,0.0,0.0171674073559733,0.0087336717850503,0.009592390367769765,0.007434971238750044,0.005037249900326546,-0.012903392926887598,0.0,0.011428684924131866,-0.008967783248220803,-0.024391430073128693,-0.0072199528954879355,0.012121349147384488,-0.04445178612998174,-0.02083412894626986,0.0,-0.009852287185835048,0.0,-0.019048177668910055,-0.012270080925744142,-0.006736120898417762,-0.00854705274075507,-0.01250015065656526,0.0,0.005813964224045722,0.0081649151517416,0.029413856841548323
2023-01-16,0.0,-0.0011019537304637246,0.022989496172240335,-0.0012995441341485273,-0.008547516471827672,-0.017544293138656752,-0.01200499200311404,0.014706133209623233,-0.0050372499003264815,0.0,0.033336488169521845,-0.005698015696033632,-0.013605638815206152,-0.012422508040835292,0.014388151511416402,0.011976179932825813,0.04445178612998162,0.0,0.00881062135360639,-0.02000064763127562,-0.006514674949928501,0.0,0.030397448543120594,0.04621386264613226,0.0,0.006269606921925908,0.014084726874723943,0.01152749408229181,0.0,0.042559657610566515
2023-01-17,0.0025873211709015985,-0.0033130602960341946,-0.005698015696033632,0.002597401644944822,-0.012959143641493302,-0.008888938939973515,0.0024126016353443634,0.0,0.01004925303524487,0.019293261114412995,0.0,0.011363747874334085,0.01809954295485136,0.012422508040835311,-0.021660611454878066,0.0,0.0,0.0,-0.008810621353606442,0.0,0.006514674949928488,-0.009661902008876995,-0.012048327267974208,-0.012985952224145548,0.0170216720263056,0.012422508040835311,0.027588012661351986,0.002861229548440964,0.0,0.0
2023-01-18,0.05284249224618037,0.0022099961859085022,0.0056980156960335475,-0.0012978575107963507,-0.004356836521031449,-0.008968661352744359,-0.014563349860448232,0.007272752393174878,0.0,-0.012820752601721806,0.0,0.0,0.0,0.006153859705557772,-0.007325736303816902,-0.018018488730808243,0.021506184544051815,0.02083412894626995,0.00881062135360639,0.02000064763127573,-0.006514674949928501,0.04740230640793522,0.0,0.0,-0.004228332273135299,-0.006191964306195913,0.0,-0.02898750882400805,0.0,-0.0139863119332428
2023-01-19,0.024214235752775193,-0.007756343346270784,-0.005698015696033632,0.005181353941462507,-0.022076418464661893,-0.018182301348111753,-0.007362047842330376,-0.0072727523931748195,0.0,0.0,0.0,0.0,0.0,0.0,0.021818149142766658,0.018018488730808087,0.0,0.0,0.0087336717850503,-0.00995032141084811,0.032157157495637884,0.0,0.012048327267974135,-0.026491789523568825,0.029229710237960078,-0.02515853511234698,0.006779680410128444,0.011696028347801337,0.0,0.0
2023-01-20,-0.007202848246638382,0.0,0.016997560295408266,0.012837134973651826,0.02207641846466183,0.03603990164082969,0.0,0.021661476270717614,0.0,-0.019544577857628528,-0.01652928566578902,0.0,0.0,0.012195261569588601,0.007168198615928405,-0.005970161462834003,0.0,-0.02611118106761108,0.0,-0.020202687854778374,0.0,-0.028170962116189135,0.005970161462833876,0.006688306608802348,-0.029229710237960217,0.006349221431296268,0.013423007444649979,0.0057971120756082056,0.0,0.013986311933242724
2023-01-25,0.00240668037067911,0.002222273999410718,0.0,-0.014129958780480838,-0.0131870761475387,0.0,-0.002466031306457394,0.0071174611259955806,0.009950862869296993,0.051293321837057954,0.008298794604689352,0.005633812421074211,0.0,0.012048327267974135,-0.0143881515114163,0.0,0.13883648712701274,0.0,0.0,0.01015236163435085,-0.01273908961882177,0.0,0.023530545265529484,0.013243970165544556,0.029229710237960078,0.012578769946411373,0.01980260859668314,0.01149436840059853,0.008096409485392059,0.1053604908225584
2023-01-26,-0.029270355062651115,-0.0011105196871163453,0.0,-0.0012944973640727805,0.021883165425917762,0.00881062135360639,0.007380041503099141,0.007067160673785595,-0.009950862869297007,-0.01257876994641129,-0.008298794604689418,0.0,-0.018099542954851385,0.0,-0.014598196247278705,0.005970161462833876,0.0,0.010526403080123732,0.0,0.01005032622042762,0.0063898681875254795,0.028170962116189004,0.0,0.0,-0.0041237131295379205,0.0,-0.026491590346980957,0.041964225227095475,0.0,-0.012578769946411402
2023-01-27,-0.0024782545105232227,-0.006689035087788625,-0.011299544599374644,-0.002594032770560677,-0.004339252757347576,-0.008810621353606442,0.007326091276825576,-0.0070671606737855944,0.009950862869296993,0.012578769946411373,0.0,0.06524052539321744,0.01360563881520608,0.0,0.014598196247278731,-0.036367610005954516,-0.03774040439905813,0.010416751156715583,-0.008733671785050415,0.0,-0.012820752601721806,-0.009302383378101402,0.022989496172240335,0.006559512749222052,0.012320472324358163,0.006230543734639389,-0.013513706104480588,0.01360563881520608,0.0,0.012578769946411373
2023-01-30,0.009876613611529673,-0.02721253851144046,0.011299544599374666,0.016742165720664115,0.0,-0.017857600292717837,-0.007326091276825493,0.014084726874723943,0.009852818027176982,-0.01257876994641129,0.008298794604689352,-0.03208828386261036,-0.01818328564545223,-0.030397448543120546,-0.014598196247278705,-0.025001277987246565,-0.019418067876815874,0.015424516965620439,-0.0176995602935799,0.01980260859668314,-0.046212799503952774,0.0,0.0,0.006514016051341896,-0.004089981263258574,0.0,0.0,0.005390843438307659,0.0,0.0
2023-01-31,0.0,0.01822372213025196,-0.005633812421074309,-0.010269657207972837,-0.004356836521031449,-0.03670133071727745,0.0,0.0069687457323044065,-0.019803680896474007,0.03115513769280437,0.0,0.0,0.009132971237985048,0.0,0.0,0.018809313681050693,-0.04000529645146202,-0.025841268122335982,-0.018018488085736913,0.009756165867939136,-0.006779680410128465,-0.009389843352046762,-0.028820410808716907,-0.006514016051341989,0.0,0.0,0.0,-0.013531993120957281,0.0,-0.02531785956523314
2023-02-02,-0.009876613611529755,-0.0011292237434811657,0.0,0.007712113396116113,-0.00437598006655831,0.03670133071727731,-0.0024539280848285233,-0.028170933733023984,0.01980368089647396,0.0,0.008230491061099654,0.005420062216286035,0.0,-0.012422508040835292,-0.007379799008893924,-0.006230543734639407,0.04000529645146206,0.08526463245061361,0.009049826732992556,0.0,0.026847224257723172,0.0,-0.005865113711324816,-0.013159532586528954,-0.004106777931561619,0.0,-0.013698830935582187,0.03217432617415085,0.0472529469695785,0.0
2023-02-03,0.012330541696358362,0.0056337317525650445,-0.011363747874334036,-0.007712113396116066,-0.013245214201674278,-0.009049826732992521,0.0,0.0071174611259955806,-0.009852818027176934,-0.006153859705557642,-0.008230491061099628,-0.005420062216286126,0.0,-0.006269606921925834,0.021977995256172538,0.054724918646344635,0.019418067876815836,0.0,0.0,-0.009756165867939072,0.006600677798729651,-0.009478735386040972,0.011696028347801337,0.02614548481067447,0.0,0.0,0.0,0.015707114499760436,-0.007721282109230618,0.0
2023-02-07,0.0,0.007834471963476078,0.016997560295408266,0.017903365769871338,-0.008929103305004755,-0.027651503984284922,-0.02487693972603932,-0.00711746112599564,0.0,0.006153859705557772,0.008230491061099654,-0.005449599457101125,0.0,-0.0063091630244854185,0.014388151511416402,-0.03003232967976516,-0.019418067876815874,-0.009661902008876995,0.008968661352744326,-0.019802608596683105,-0.013245214201674278,0.0,0.017291480476206718,-0.01954546497336766,-0.033475997250375436,0.0,0.020478511345710722,0.04071817486730983,-0.039531664860347725,0.0
2023-02-08,-0.012330541696358261,-0.007834471963476048,-0.011299544599374644,0.0012665328142284788,-0.013544218547112413,0.009302383378101268,-0.012674428640593947,0.0071174611259955806,0.009852818027176982,-0.006153859705557642,0.02429266911803713,0.08883119025560836,0.004534748402035194,-0.006349221431296386,-0.02898634775869502,-0.012270080925744142,0.019418067876815836,-0.004866185134600146,-0.008968661352744359,-0.005012537031211045,-0.04082195478382607,-0.009569442282869082,0.0056980156960335475,0.013073528800564057,0.0042462870124152785,0.0,0.020067543847594575,0.0,0.0,0.0
2023-02-09,0.007416531499716489,-0.0022496639847567825,0.0,0.0,-0.013730186069856933,-0.009302383378101402,-0.012837195794718634,0.0,0.0,-0.012422508040835292,0.0,-0.005012537031211045,-0.0045347484020351065,0.018927991377707627,-0.022304818740646423,0.006153859705557772,-0.019418067876815874,0.0,0.0,-0.0050377891892164845,0.006920435993465473,0.009569442282869125,0.06595797067403363,-0.006514016051341989,-0.012793339753170216,-0.006230543734639407,0.0,0.0510437799340601,-0.008096409485392041,0.0
2023-02-10,-0.002466031306457394,0.0022496639847568323,0.0,-0.0025348533052513464,0.0,0.0,0.007722100118394724,0.0,-0.009852818027176934,-0.01257876994641129,0.0,-0.0050377891892164845,0.0,-0.018927991377707634,-0.00754954308858495,-0.01857636774639301,0.0,0.014528087143477182,-0.018182301348111753,0.0,0.027212537040062754,0.05556990945536512,0.0,-0.006559512749222009,0.008547052740754959,0.006230543734639389,0.11261891828213236,-0.016726721107590145,-0.008164915151741624,0.0
2023-02-13,-0.007435030327193294,-0.009029398458055615,0.060624629784970345,0.008844106773534071,-0.028039206005152317,-0.009389843352046762,0.015267457310674817,-0.00711746112599564,0.009852818027176982,0.0,-0.024292669118037107,-0.010152361634350827,0.0,-0.07263919092088085,0.0,0.006230543734639389,0.0,-0.009661902008876995,0.018182301348111794,0.01005032622042762,0.006688981750297954,0.035401893431374606,-0.01069527888945819,0.013073528800564057,-0.00854705274075507,-0.01250015065656526,0.11184825870946599,-0.009685296229311491,0.0081649151517416,-0.025975462271824838
2023-02-14,-0.004987536766390735,0.013513706830160102,-0.010752781438702409,-0.001258742243357978,0.004727632719947569,-0.009478735386040972,-0.007604592031727906,0.0071174611259955806,-0.009852818027176934,0.0,-0.008230491061099628,0.0,0.004534748402035194,-0.006872872530504391,0.0,0.04849437491170521,0.0,0.03341607842489539,0.0,0.04879011875636829,-0.020202687854778488,-0.008733671785050415,0.010695278889458152,0.0,0.04202304999113039,0.01250015065656515,0.015748342185240974,0.00968529622931142,-0.024692588966579474,0.0
2023-02-15,0.0,0.0,0.010752781438702515,-0.0012602384763153993,-0.009477807309671302,-0.009569442282869305,0.005076148117122006,-0.00711746112599564,0.009852818027176982,0.0,0.008230491061099654,0.0,0.0,0.0068728725305045495,0.0,-0.005934800599554761,-0.019802608596683105,0.05924277561493377,-0.009049826732992521,0.01886857873808785,0.0,-0.0176995602935799,-0.016086122327765805,0.0,0.0790926048787728,0.00619196430619583,-0.021053389382458272,0.00240668037067911,0.008297982019003664,0.013072069344937223
2023-02-16,0.0,0.001117968727175199,0.0,-0.016529286918512923,0.00475017458972362,0.009569442282869345,-0.015306406386848473,0.0,-0.009852818027176934,0.0,-0.008230491061099628,-0.01025649013484849,0.009009470145077364,-0.013793308523969885,-0.015266853356172859,0.017699630629052835,0.0,0.10889408489009146,0.009049826732992556,-0.009389843352046762,0.006779680410128444,0.0,-0.03297005343621867,0.0,-0.01532604713114537,0.0,0.0,0.014320040736911063,0.0,-0.013072069344937237
2023-02-17,-0.007528259214184675,-0.002237081912979159,0.0,0.007662865745610699,0.009434447210057664,-0.019231344291746142,-0.01554440132554434,0.0,-0.009950862869297007,-0.01273908961882177,0.016393793756152287,0.00514139445852456,0.0,0.006920435993465473,0.0,-0.04179715970926327,0.03922067647349901,0.042724995748841095,-0.009049826732992521,0.0,-0.006779680410128465,-0.018018488085736913,-0.05158731943009089,0.0,-0.0038684732099550086,-0.012422508040835292,0.031416228264828504,0.016451645717556578,0.0,0.0
2023-02-20,0.029778905456556388,0.0033538021816869475,0.0,0.005076148424292945,0.01860475879509466,0.009661902008876854,0.005208340256466524,0.0,-0.00501200313491829,0.0,-0.04149979086457453,0.0,0.004473879108575572,0.0068728725305045495,0.015266853356172883,-0.006116221220186404,-0.019418067876815874,0.0037950671913245643,-0.009132474615119266,0.08149306750069879,-0.006825958405077668,-0.009132474615119266,-0.035932045997938575,0.012902178027582558,0.0,0.006230543734639389,-0.042111507154286625,-0.09787753944984826,0.008229691795834108,0.0
2023-02-21,-0.012300324831523667,0.0022296000938831022,0.01063838808628069,-0.006349221911862293,0.009174861662118007,-0.019418067876815874,0.010336061069077855,0.0071174611259955806,0.0,0.01273908961882172,0.008438961181205244,0.005115095676324177,0.0,0.006825958405077651,-0.022988582867869877,0.006116221220186421,0.0,-0.05448822502049885,0.0,-0.053584194779486456,0.0,-0.009216645991064273,-0.012270080925744142,0.012740433581356207,-0.05989808453767249,0.00619196430619583,-0.04959695960627505,-0.05549641427662563,-0.016527673814837874,0.013072069344937223
2023-02-22,0.0,0.002224745998022385,0.0,0.008877756288958252,0.01360563881520608,0.019418067876815836,-0.012936840350115147,0.0,0.00501200313491837,0.0,0.0,0.0,0.0,0.0,-0.007781818913346927,-0.012270080925744142,0.0,-0.020202687854778488,-0.018519029369165625,-0.018519029369165625,0.03367318266280076,-0.028170962116189135,-0.006191964306195913,0.0,-0.0041237131295379205,-0.012422508040835292,0.0,-0.01920502703592243,0.008297982019003664,0.0
2023-02-23,0.0,0.0,0.005277052121341313,0.0,0.013423007444649979,0.0,-0.0026075609754292396,0.0,0.01980368089647396,-0.01273908961882177,-0.008438961181205271,0.020202687854778384,0.0,0.0,-0.007842850868979649,0.04230241060550925,0.0,0.04391919212035239,0.05455893100999525,0.009302383378101268,-0.01333351815324252,0.0,0.030583394379324603,-0.006351198634725584,-0.004140788578061818,0.012422508040835311,0.022347277854463856,-0.02240988044513659,0.10204857280033952,0.038221252492120855
2023-02-24,-0.00995032141084811,0.0,-0.005277052121341222,-0.005063387682347466,-0.008929103305004755,0.0,0.020672612676392706,-0.00711746112599564,-0.019803680896474007,0.0063898681875254795,0.0,-0.010050326220427584,0.02207641846466183,0.026847224257723172,0.05365314987297156,-0.05472491864634459,0.019418067876815836,-0.003913895668890834,-0.008888938939973515,0.0,0.006688981750297954,0.028170962116189004,0.006006018469991941,0.006351198634725593,0.04859250831408114,0.006153859705557772,-0.04520539412939643,0.06577713356031477,0.08576692686697313,-0.02531785956523314
2023-02-27,0.0,-0.0011117543122943668,0.015748342185240974,0.015113624194773061,0.0,0.009569442282869345,0.02025383734307631,0.0,0.01980368089647396,0.0,0.0,-0.005063297066661577,0.008696089278379069,0.0,-0.061557997604147326,-0.018927991377707634,0.0,0.0,0.01769956029357998,-0.028170962116189135,0.03922067647349922,0.0,-0.012048327267974208,0.0,0.023438551141146114,0.0,-0.01749314042340947,-0.007989382424267106,0.013606382770627671,0.0
2023-02-28,0.0,0.0011117543122943913,-0.005221939105117153,0.030771718271400347,0.0,-0.019231344291746142,0.005000065104307523,-0.014388723877542694,0.0,0.018927991377707627,-0.008510681896768226,-0.010204160244013332,0.0171674073559733,-0.006644536402944578,-0.007967832564936654,-0.03236533045935028,0.019048177668909923,-0.03187517824786378,-0.0176995602935799,0.0,-0.012903392926887598,-0.01869222673014813,-0.024541085581342225,-0.025642611608938735,-0.035367110698028795,0.0,-0.017804678380562083,0.05715842092309085,-0.02739834491589247,-0.03922067647349903
2023-03-01,0.007472066900324853,0.002219807488164401,0.010416751156715365,0.002421219894662619,-0.09890411256390927,0.028710079677787145,-0.02269962513112878,-0.021978885602798193,0.009755210752126924,-0.01257876994641129,0.0,0.0,0.004245834012519453,-0.02702864625985619,0.00796783256493675,-0.01993419595197219,0.09015112220120755,-0.02874938513264526,0.008888938939973553,0.00947873538604097,-0.01307206934493735,-0.019048177668910055,0.00619196430619583,-0.006514016051341989,-0.00803216400634236,-0.006153859705557642,-0.02424358883756287,0.01005032622042762,0.034131715017965664,-0.013423007444650008
2023-03-02,-0.0074720669003248376,-0.0033315618004587863,0.005168026830771913,-0.0024212198946625134,-0.004962253367026874,0.009389843352046751,-0.007682488667103227,-0.007434971238749889,0.0,-0.01273908961882177,0.008510681896768206,0.005115095676324177,0.004229241177216606,0.027028646259856202,0.0,-0.04110171876583268,0.03390162018676702,-0.06899290696590613,-0.017857600292717837,0.02790887272121241,0.013072069344937442,0.019048177668909923,0.01834912127514641,-0.013159532586528954,0.03174866827191641,-0.006191964306195913,-0.024845974668318813,0.004987536766390722,-0.013512386000746937,0.013423007444649979
2023-03-03,0.002496937276350143,-0.0011129916857281384,-0.005168026830771852,-0.0012129420707219813,0.009900092398536984,0.009302383378101268,0.02035691730769726,0.022141104448373364,0.0,-0.0194180678768161,0.008438961181205244,0.0,0.0,0.0066445364029446095,0.02352951751350226,-0.0355909118782622,-0.05129334667232577,0.04367502256540495,0.008968661352744326,0.03603990164082969,0.019293261114412995,-0.019048177668910055,-0.012195261569588702,0.04531616024680964,0.003898636791834069,0.01234582401175363,0.0490895635058816,0.00743503032719359,0.0334466080073904,0.013245214201674292
2023-03-06,0.002490599490040648,0.002224745998022385,-0.010416751156715455,0.002424328102449545,-0.004937839031510036,0.009216645991064322,-0.005050510920848735,-0.014706133209623379,0.0,0.019418067876816054,0.0,0.01015236163435085,-0.004229241177216603,0.006600677798729651,0.0,0.04948009360403224,0.0,0.06613983918432709,0.008888938939973553,0.0,-0.006389868187525432,0.019048177668909923,0.012195261569588601,0.0,0.030653803054277156,0.012195261569588601,-0.0060060184699918355,0.002466031306457221,0.0450249339897974,0.0
2023-03-07,-0.010000073797601792,-0.0022247459980224804,0.0,-0.0012113860317276408,-0.009950862869297007,0.0,0.007566233103822359,0.014706133209623233,0.0,0.0,0.0,0.0,0.004229241177216606,-0.013245214201674278,0.0,0.013698830935582138,0.08408313744980961,0.007968162080333152,0.01754429313865675,0.01754429313865675,0.0063898681875254795,-0.009478735386040972,0.012048327267974135,0.006308604271472486,-0.0037807190911864,-0.012195261569588702,0.03550672519835532,-0.007416531499716577,-0.006310408406979198,-0.013245214201674278
2023-03-08,0.0,-0.0011141254983946277,0.0,-0.002427183340055121,0.004988609502270238,-0.009216645991064273,0.005012537031210991,-0.007326033054169456,-0.009755210752126845,-0.03922067647349926,0.008368241322527527,0.0,0.0,-0.020202687854778488,-0.007781818913346927,0.013513706104480555,-0.03278979077748383,-0.04049132225946989,-0.017544293138656752,-0.008733671785050415,-0.03896600825807999,0.0,-0.01812736761737642,-0.025479279707607518,-0.02687308396309075,-0.006153859705557642,0.0,-0.012484603931535955,0.0,0.0
2023-03-09,-0.0025157221829736026,0.012188478370983025,0.0,0.0012142412693331114,0.0,-0.009302383378101402,-0.005012537031211045,0.007326033054169503,0.0,0.0,-0.01680720250373277,-0.010152361634350827,0.0084025795952215,0.006779680410128444,-0.039847163466835825,-0.013513706104480588,0.0,-0.01247416185863973,0.0,0.0087336717850503,-0.054435236919075106,-0.009569442282869082,0.0,0.0,-0.023623123587369774,0.006153859705557772,0.0057971120756082056,0.0,0.0,0.0
2023-03-10,0.0,-0.008849606874565786,-0.005249350958782723,0.0,-0.0049886095022701245,-0.018868578738087744,-0.02802734661828622,0.0,0.0,0.05195976609232089,0.008438961181205244,0.0,-0.02542517125678507,-0.013605638815206152,0.07061756524805277,-0.034605578862290355,-0.03390162018676693,-0.016878122262197592,0.00881062135360639,-0.017544293138656752,0.0,0.0,0.0,-0.006471936172803605,-0.012024181476380584,0.0,-0.04130383727396346,-0.0025157221829736026,-0.019169922679086,0.0
2023-03-13,0.002515722182973634,0.0,0.04628076990468591,-0.010982407083013988,-0.010049253035244803,0.06453857080810949,0.0,-0.007326033054169456,-0.019803680896474007,0.0,-0.02553337886423942,0.0,0.0,-0.006872872530504391,0.0,0.007017566200938237,0.0,-0.012848130670618841,0.0,-0.026907427025710466,0.0069687457323044065,-0.009661902008876995,-0.006116221220186404,-0.006514016051341989,-0.02036728304325634,-0.006153859705557642,-0.018237570367571024,-0.015228705956849192,-0.052991210911122605,-0.040821954783826185
2023-03-14,-0.007566233103822386,-0.004454346091905699,-0.030614667789187682,-0.013588743092575167,0.03474239116454075,0.026433232078630374,-0.036846238701134015,-0.007380100155453859,-0.010049253035244803,-0.03871455189064664,-0.008658054700508611,-0.041672718399676914,0.0042835020427418645,-0.0069204359934654305,0.0,-0.028370670740882994,0.0,0.004301077929864145,-0.035718048379316844,0.009049826732992556,-0.035339416473187425,-0.019608453053774056,-0.05032511172582242,-0.01980348291476656,-0.042023049991130386,-0.012422508040835292,-0.006153859705557642,-0.031171386919686083,-0.034606250464167335,-0.028170933733023873
2023-03-15,0.005050510920848728,0.004454346091905558,-0.010416751156715455,0.00496269597590345,0.01932383669453494,-0.035401893431374704,-0.005376351867712832,0.0,0.01004925303524487,0.0,0.01724179048677462,0.005305047197217218,0.021141669214043247,0.006920435993465473,0.0,0.007168482740163504,0.017094417683034057,-0.012959132630372643,0.009049826732992556,0.0,0.02135310453994471,0.0,0.025479137057503713,0.006643950328237656,0.0170216720263056,-0.006269606921925834,0.05406724063500732,0.020888468441222715,0.020906679608607606,0.028170933733023967
2023-03-16,-0.012674428640593947,0.0011105196871161916,-0.005249350958782723,-0.01245336034728898,0.0,0.0,-0.02179920709836396,0.00738010015545396,-0.010049253035244803,0.013072069344937442,0.016949643077973472,-0.01600032608667548,-0.02114166921404312,-0.0069204359934654305,-0.04651810038137225,-0.007168482740163348,-0.0344861441685929,-0.030907508177893207,0.0,-0.018182301348111753,-0.028573345677323933,-0.03015300926562667,-0.025479137057503595,0.019673548637870963,0.0,0.0,0.01162802671208485,-0.02617948106975416,-0.03509201348674651,-0.04255965761056652
2023-03-17,0.015190150823567582,-0.0011105196871163453,0.00524935095878277,0.03569597651235925,0.01895883719731138,0.008968661352744326,0.027175558966076836,-0.022305735765589314,0.01004925303524487,-0.01307206934493735,0.0,0.010695278889458152,0.01273908961882172,0.006920435993465473,0.01574769860015546,0.007168482740163504,0.017391726485558857,0.03090750817789317,0.0,0.027150962700856145,0.007220241137379365,0.015190150823567582,-0.00647250851269115,0.006471936172803546,0.00840350297664704,-0.01904825264330718,0.07245507588120753,0.007926057783354578,0.021202217028969197,0.028573345677323784
2023-03-20,-0.007566233103822386,-0.007808148273592613,0.010416751156715365,-0.0024212198946625134,-0.023754493651019587,0.10178269774338962,-0.013495468447875877,-0.007547198166129499,-0.00501200313491829,0.0,-0.008438961181205271,0.0,-0.025642482545709326,-0.013889181725769854,0.015503548425044028,-0.021661476270717493,0.03390162018676702,0.012959132630372629,-0.009049826732992521,-0.018018488085736913,0.007168482740163504,-0.0101010862558781,-0.026317283546611645,-0.01954546497336766,0.004175367253950492,0.0,-0.03278985700486635,0.0,0.0,0.054808266717069044
2023-03-21,0.007566233103822359,-0.0033651951863005233,0.0,0.0,0.0047956564537080994,-0.05810767517798473,0.0,0.0,0.0,-0.006600677798729731,-0.017094417683034165,0.0,0.0171674073559733,0.013889181725769988,0.007662560996574032,0.0,0.0,-0.012959132630372643,-0.009132474615119266,0.0,0.021202188000719626,0.015113623287089218,0.0066445364029446095,0.01954546497336761,0.04879011686415906,-0.006430884414196457,0.0,0.025975523404794403,0.0,0.013245214201674292
2023-03-22,-0.0050377891892164845,-0.0022496639847567825,0.0,0.0036297645952369758,-0.004795656453708193,0.008510681896768206,0.016172843654988372,-0.007604682801389022,0.0,0.013158072193738468,0.008583735786265884,0.015831450277341192,0.004245834012519453,-0.0069204359934654305,-0.023166109421618123,-0.007326033054169456,0.0,0.04255967488727573,0.009132474615119254,0.0,-0.0070175662009383764,-0.015113623287089144,0.006600677798729651,0.01917067543613504,0.03891538013877681,0.01282075260172188,0.027399013566558723,0.0,0.04779205516811555,-0.013245214201674278
2023-03-23,-0.012706638950606076,-0.0022548440243270263,-0.03158154232311994,-0.010929060090223652,0.009569871851238336,0.01680720250373278,0.0,0.0,0.0,-0.006557394395008837,-0.008583735786265919,-0.015831450277341185,0.0,-0.006968745732304421,0.015503548425044028,0.007326033054169503,-0.01680720250373277,0.0,0.009049826732992556,0.0,-0.014184621799781234,0.0,0.0065573943950087855,0.031154713497003796,-0.019268401161701743,-0.006389868187525432,-0.005420062216286126,0.0025608183600686714,-0.013423671956104772,-0.013423007444650008
2023-03-24,0.0,0.017897658957141432,-0.01617284365498854,-0.0184847967513244,0.0,0.0,-0.0326116197522059,0.015151880967518554,0.0,0.019544577857628517,-0.008658054700508611,0.005305047197217218,0.0,0.0,0.007662560996574032,0.007272752393174878,0.0,0.004158006026627401,-0.009049826732992521,-0.009132474615119266,0.0071174611259955806,0.0,0.019418067876816054,0.018238377655649552,0.0,0.0,0.005420062216286035,0.027744501937424587,0.0,0.0
2023-03-27,-0.010282918478463661,-0.015642814932814417,0.02150618454405203,-0.004987626025089283,-0.02409805209206506,0.0,-0.019526404168874276,0.007490664371385532,0.0,0.0,0.0,-0.01600032608667548,-0.004245834012519453,-0.0070175662009383764,0.0,-0.04445171937906307,0.0,0.0,-0.009132474615119266,0.03603990164082969,-0.00711746112599564,0.00506329706666151,-0.012903392926887598,-0.02439161688971957,-0.03162315862492943,0.01273908961882172,-0.03297005343621867,-0.015037862986818345,0.006733370102073127,-0.013605638815206378
2023-03-28,0.007722100118394724,0.0022496639847568323,0.015831450277341192,0.011187179444177197,0.0,-0.03390162018676693,0.02228508974789081,0.007434971238750044,0.0,0.0,0.0,0.005361938000394903,0.004245834012519453,0.0,0.0,-0.015267548546999533,-0.017094417683034165,0.004140788578061737,0.018182301348111794,-0.008888938939973515,-0.007168482740163348,0.0,0.006472508512691137,0.0,-0.020284651550515627,0.025001277987246547,0.0,0.01005032622042762,0.006690301854031676,0.013605638815206298
2023-03-29,0.025317783531102363,0.0022447212687245473,0.030930332690025073,0.0012354178196621682,-0.00980443622848883,0.0,0.027175558966076836,0.0,0.0,-0.00647250851269115,0.0,0.005333340889063316,-0.004245834012519453,0.020906747926708276,0.0,0.015267548546999675,0.03390162018676702,0.0,-0.018182301348111753,-0.018018488085736913,-0.007220241137379281,0.01005032622042762,0.037979287714068964,-0.006193891167075573,0.008163302695052716,-0.006191964306195913,0.0,0.05826885414240924,0.0,0.013423007444649979
2023-03-30,0.014888598400041446,0.008928622191168457,0.00506329706666151,0.017136178936839257,0.009804436228488728,0.017094417683034057,-0.002684562793282275,0.0,0.0,-0.01307206934493735,-0.008733671785050415,-0.005333340889063379,-0.0042640144290857305,0.027212537040062754,-0.007662560996574067,-0.022989587532424898,0.0,-0.008298794604689082,0.018182301348111794,0.018018488085736917,0.014388723877542623,0.01980260859668314,0.018462045231939988,0.012347130401145582,0.03200270056078125,-0.01250015065656526,0.0,0.07056405962030866,0.0,0.013245214201674292
2023-03-31,-0.002466031306457394,0.0,-0.005063297066661577,-0.004866098190573105,0.014528180240826723,0.025105997108422245,0.008032164006342388,-0.007434971238749889,0.0,0.013072069344937442,0.0087336717850503,-0.00536193800039486,0.016949167242483645,0.0,0.0,0.022989587532424763,0.0,-0.0041753672539506705,-0.009049826732992521,0.008888938939973553,0.0,0.009756165867939136,0.0,0.0,0.003929274458886224,0.0,0.011111215122714917,0.04721902601900687,-0.013423671956104772,0.0
2023-04-03,0.0,0.0,-0.015345554702537739,0.0,0.0047956564537080994,-0.016667035927216904,0.007968162080333152,0.0,0.0,0.0,0.0,0.01600032608667546,0.0,0.013333518153242435,-0.007721729511697143,0.0,0.0,0.004175367253950713,0.009049826732992556,-0.008888938939973515,0.028170933733023967,0.0,0.018127367617376385,0.024243789397188374,-0.003929274458886312,0.0,0.0,-0.036290018138616674,-0.020478586754233506,0.0
2023-04-04,0.007380041503099141,-0.00892862219116849,0.05026178658631011,0.0,-0.004795656453708193,0.049190196106353674,-0.013315763293393136,0.007434971238750044,0.0,-0.006514674949928501,0.0,-0.010638388086280572,0.0,-0.01333351815324252,-0.023529517513502327,-0.015267548546999533,0.016529285665789276,-0.008368241322527647,0.035401893431374606,0.008888938939973553,0.006920435993465473,0.0,-0.012048327267974208,0.0,-0.023905498144139285,-0.0063091630244854185,0.01098917664011656,0.025752472383542852,-0.0069197581616589785,-0.013245214201674278
2023-04-05,0.0,0.003357555830555022,0.0,-0.00857322244920178,0.0,0.03922067647349922,-0.002684562793282275,0.0,0.014962866004215281,0.019418067876816054,0.008658054700508674,0.015915440207621843,0.0,0.0,0.01574769860015546,0.007662865745610478,0.0,0.008368241322527748,0.025752472383542852,0.026202347839165366,-0.013889181725769854,0.0,-0.012195261569588702,-0.00600541174153881,0.0,-0.006349221431296386,0.0737175669685193,-0.03888175149570181,-0.05715914794155792,0.0
2023-04-06,0.0,0.00111672026870777,0.0,0.008573222449201686,0.014320046440961912,0.022814746713129042,-0.00809720241664192,0.014706133209623233,-0.009950862869297007,0.0,-0.017391726485559075,0.0,-0.012685152813397932,-0.02721253704006281,-0.015747698600155385,0.0,-0.016529285665789248,0.0,0.0,0.008583735786265884,0.0,0.0,-0.006153859705557642,0.0,0.008032164006342388,0.0,0.0,0.0,0.03610575855909977,0.03922067647349901
2023-04-07,-0.0024539280848285233,0.004454346091905558,0.009756165867939136,0.0,0.009434447210057664,-0.022814746713128983,-0.005434790704315597,0.007272752393174878,-0.00501200313491829,-0.006430884414196457,0.0087336717850503,-0.005277052121341222,0.004245834012519453,-0.027973908600493886,0.01574769860015546,0.030077516577653975,0.0,0.10660972389633998,0.0,-0.034786083625431376,0.0,-0.009756165867939072,0.006153859705557772,0.0,-0.024292669118037107,0.006349221431296268,-0.005089064567689183,-0.008849606874565673,0.0484517342983505,0.08594249452975102
2023-04-10,-0.002460082111813139,0.0,0.009661902008876854,0.014528086724120462,0.02320197362696659,-0.007722038985425443,0.002721087466364004,0.0,0.00501200313491837,0.0,0.008658054700508674,-0.005305047197217205,0.04555703498850927,0.04167273953607601,-0.015747698600155385,0.036367609480340964,0.0,0.04396308117385507,-0.008510681896768226,0.03478608362543126,-0.0070175662009383764,0.019418067876816054,0.042048267218125074,0.017909182939526702,-0.03333648816952178,-0.01273908961882177,0.0,-0.013423007444650232,-0.006779015898673796,0.011696028347801337
2023-04-11,-0.002466031306457394,0.0,0.009569442282869345,0.004796082181937551,-0.004597214831871916,0.045462421308689924,0.008119116580163102,0.007220241137379365,0.0,0.01282075260172188,-0.008658054700508611,0.04167271839967702,0.05129292155666871,0.006779680410128444,0.0,-0.021661476270717493,0.0,0.0421115285179584,0.008510681896768206,0.008510681896768206,0.03460557886229043,0.009569442282869125,0.017493140423409482,-0.005934137223940536,-0.008510681896768226,-0.006430884414196457,0.04976146231940062,-0.015891406411978556,0.0,-0.01169602834780146
2023-04-12,0.002466031306457443,-0.0022247459980224804,-0.009569442282869305,-0.005998727009730864,0.009174861662118007,-0.03007751657765391,0.0,0.0,0.0,0.012658384455781869,0.0,0.020202687854778384,-0.011605543711857411,0.0,0.0,0.007272752393174878,0.0,0.010256490134848532,0.0,-0.02575247238354272,-0.006825958405077668,0.00947873538604097,-0.01749314042340947,0.0,0.0,0.01916997403301824,0.004842620002853491,0.013636562387651652,0.0,0.05715835929975084
2023-04-13,0.0,0.004444553486186912,-0.009661902008876884,0.008388297717899217,0.0,0.0447836497872773,0.008053727074825314,0.01428594386615902,0.0,0.0,-0.008733671785050415,-0.010050326220427584,0.0038842616026267254,0.006734025694352132,-0.007967832564936654,-0.021978885602798193,0.0,-0.0034071550003274714,0.0,-0.008733671785050415,-0.006872872530504391,0.0,0.0,-0.011975045715586241,-0.017241790486774565,-0.006349221431296386,0.019139322742934325,0.07813085815164936,-0.006827366871953714,0.0
2023-04-14,-0.009901061633650766,-0.002219807488164339,0.0,0.0,0.004555324407739022,-0.014706133209623379,-0.008053727074825295,0.0,0.0,0.0,0.0087336717850503,0.005037789189216557,0.0,0.03947877380960053,0.00796783256493675,0.02197888560279815,0.0,-0.0034188034047502353,0.0,0.0,0.0068728725305045495,0.009389843352046751,-0.035932045997938575,0.0,0.07534946566475934,0.0,0.009434135679107399,-0.04483142199091943,0.0068273668719536435,-0.03390151970384082
2023-04-17,0.0,0.0011105196871161916,-0.009756165867939072,0.008318519097388037,-0.0465195666647329,0.0,-0.002699054363877119,-0.00711746112599564,0.009950862869296993,0.0,0.0,0.014962858442059178,-0.01957050108278799,-0.026145255656358113,0.03125124702519935,-0.01459878544734433,0.03278979077748378,-0.02426468158995163,0.0,0.0,-0.013793308523969885,0.0,0.006079040349402274,-0.006044261141041015,-0.02449099617279426,0.012658384455781869,-0.018958008540059114,0.004357301294971688,-0.013699570855559645,-0.011560811248108578
2023-04-18,0.009901061633650749,0.0,0.009756165867939136,-0.002369667146297827,-0.007168482740163348,0.0,-0.008141149682649956,0.0,0.0,-0.01904825264330718,-0.008733671785050415,0.0,0.015686239480161405,-0.01333351815324252,-0.023346399294023722,-0.01481507139420387,-0.03278979077748383,0.0873037316415945,0.0,0.0,0.0,-0.018868578738087744,0.006042308797982336,0.0,0.008230491061099654,0.02484597466831889,-0.02912824594941693,-0.010929007880390165,-0.0069197581616589785,0.03428904077161518
2023-04-19,-0.004938276989193394,-0.0011105196871163453,0.0,-0.004756332335999979,0.0,-0.022472833776264838,-0.002728511990737004,0.0,0.0,0.0063898681875254795,0.0087336717850503,-0.00995032141084811,-0.0196462836629028,-0.013513706104480588,0.015624669782326525,-0.015037862537514927,0.048790116864159266,-0.012945152605807765,0.008438961181205244,0.0,-0.006968745732304421,0.0,-0.030583394379324613,0.0,-0.008230491061099628,0.0,-0.009901061633650766,-0.02898756153192831,-0.013986921446948743,-0.022728229523506522
2023-04-20,-0.00995032141084811,0.0,-0.009756165867939072,-0.0011925196150901496,0.0,-0.007604682801389022,0.0,-0.014388723877542694,0.0,0.0,0.0,0.009950321410848074,-0.016001119594818314,0.0,-0.023529517513502327,0.0,-0.03226083119837008,0.03520367793082754,-0.01694964307797349,-0.008810621353606442,-0.0070175662009383764,-0.019231344291746142,-0.01250015065656526,0.012049672882579727,-0.016667035927216904,0.006116221220186421,-0.035446714756017614,0.009009061234425433,0.0,0.011428684924131866
2023-04-25,-0.007528259214184675,-0.0022247459980224804,0.009756165867939136,-0.008388297717899285,-0.02919912674017744,-0.01538490473103598,-0.005479460395805383,0.014388723877542623,-0.035267664451541406,0.012658384455781869,-0.017544293138656752,-0.00995032141084811,0.0040249396619925016,0.013513706104480555,0.03891380802177355,0.0,-0.016529285665789248,0.006269606921925908,0.008510681896768206,0.03478608362543126,-0.0070671606737855944,0.009661902008877073,-0.01904825264330718,-0.018128107308544195,0.0,-0.01846204523194002,-0.026111181067611195,-0.006749229277808501,-0.007066467935509337,-0.022989496172240394
2023-04-26,0.005025131386227345,0.00776494744931318,0.0,0.008388297717899217,0.00738010015545396,0.03802745006993996,-0.0027510306652944994,0.0071174611259955806,0.0,0.01250015065656515,0.01754429313865675,0.0,0.0,-0.006734025694352127,-0.03891380802177354,-0.06252038902684118,0.0,-0.02211778359218716,0.0,-0.04367502256540492,0.007067160673785595,-0.009661902008876995,-0.012903392926887598,0.012122695567005463,0.0,-0.018809313681050734,-0.005305047197217205,-0.015927457323784706,0.0,0.011560811248108576
2023-04-27,0.0,0.0011043875826858864,0.0,-0.0011940288708873344,-0.022305735765589314,0.007434971238750044,0.002751030665294551,0.014084726874723943,-0.005142408667631003,-0.006230543734639407,-0.017544293138656752,0.0,-0.012121349147384575,0.013423007444649979,0.01574769860015546,0.008032164006342388,-0.01680720250373277,0.03454029163302249,0.008438961181205244,-0.018018488085736913,0.0,0.0,0.01290339292688759,-0.012122695567005437,0.01666703592721698,0.0,0.031416228264828504,-0.009216645991064273,0.0484517342983505,0.08796875491672385
2023-04-28,0.0025031278279573515,0.005503507215308833,-0.019608453053774056,-0.010810905886807262,0.007490664371385532,-0.014925635610135437,-0.008275967183016215,0.027588012661351986,0.0,0.0,0.00881062135360639,0.0,0.0040564348983020936,0.0,0.015503548425044028,0.015873334137796822,0.01680720250373278,0.04525661958986553,-0.02553337886423942,0.018018488085736917,0.0,0.019231344291746166,0.0063898681875254795,0.012122695567005463,0.016393793756152287,-0.006349221431296386,-0.005168026830771852,0.0023120824021018115,0.0,0.010471290063899701
2023-05-02,0.002496937276350143,0.0,0.019608453053774177,-0.07783100110941704,-0.015037862537514927,-0.022814746713128983,0.011019450437002467,-0.10763064391867741,0.005142408667630941,0.0,0.0,-0.005012537031211045,0.012072574284413254,0.0,-0.015503548425044096,0.0,0.0,-0.005917241932002314,0.017094417683034057,-0.008968661352744359,0.013986311933242724,0.01886857873808785,-0.012820752601721806,0.02381073358291465,-0.016393793756152377,0.006349221431296268,-0.03158154232311994,-0.01395370162087517,-0.01360638277062759,0.04082201687199738
2023-05-03,-0.005000065104307433,0.0010971179523890026,-0.019608453053774056,0.018111733183354257,-0.015267548546999533,0.015267548546999675,-0.002743483253986206,0.00754719816612951,-0.005142408667631003,0.006230543734639389,-0.008810621353606442,-0.015190150823567276,-0.008032599697323202,-0.020202687854778488,0.0,-0.007905172057463813,0.0,-0.04864176137982392,-0.008510681896768226,-0.009049826732992521,0.006920435993465473,-0.04785608889777287,0.0064308844141964675,0.0,0.024490996172794287,-0.01273908961882177,-0.03815179500526114,0.007001244282786372,-0.006872203983605927,0.0
2023-05-05,0.0025031278279573515,0.00655744633805392,0.0098522871858351,0.002560818516419052,0.0,0.015037862537514834,0.0,-0.022814746713128983,0.005142408667630941,0.0,0.0,-0.005115095676324061,-0.004039974587090064,0.020202687854778384,-0.015747698600155385,0.0,0.016529285665789276,-0.009389731240800472,-0.008583735786265919,0.009049826732992556,-0.013889181725769854,0.0,0.01273908961882172,-0.005901550643387824,-0.032789790777483716,0.0,0.0,-0.0070012442827863215,-0.03509201348674651,0.06765869749445604
2023-05-08,0.002496937276350143,0.002176225446996626,0.009756165867939136,0.017744429212274957,0.0,0.007434971238750044,0.008207972386542346,0.007662865745610478,0.005114639830108114,-0.006230543734639407,0.0,0.025317783531102363,0.004039974587090088,-0.02702864625985619,-0.01600257900772863,0.0,0.07878089413853574,0.009389731240800418,0.0,0.026668221646324243,-0.0070175662009383764,0.009756165867939136,-0.01273908961882177,0.03488872150083353,0.024692588360841736,0.0063898681875254795,-0.011173290180334456,-0.0023446087642663943,0.021202217028969197,-0.11895200443035295
2023-05-09,0.0,0.0,0.0,0.0012554918184009129,0.0,-0.007434971238749889,-0.01648393956955864,0.0,-0.005114639830108042,0.012422508040835311,-0.008888938939973515,-0.020202687854778374,-0.01626015208554028,-0.013793308523969885,0.023907426738904357,0.0,0.28768202729674797,-0.003120124318874639,0.017094417683034057,0.0,-0.014184621799781234,0.009661902008877073,-0.012903392926887598,0.00569744170487208,0.00809720241664188,0.006349221431296268,0.005602250310674402,-0.011806557254079511,0.04779205516811555,0.010471290063899701
2023-05-10,0.002490599490040648,-0.0021762254469965287,0.009661902008876854,0.00625392348131752,0.0,-0.00749066437138548,-0.005555564693543434,0.0,0.005114639830108114,0.0,0.008888938939973553,0.0,0.0,0.02061926692904748,0.007842850868979763,-0.01600032608667548,-0.07061757051798023,-0.04800924972152699,0.0,-0.008810621353606442,0.0071174611259955806,-0.009661902008876995,-0.006514674949928501,0.0,0.03953080149441612,-0.01273908961882177,0.011111215122714917,0.014151166018345812,-0.04082201687199728,0.05077233828284545
2023-05-11,-0.004987536766390735,0.002176225446996626,0.0,0.0,-0.007722038985425331,0.0,-0.011204588536625724,0.03745761673310777,0.0,0.0,0.0,0.01015236163435085,-0.01652884636643119,0.006779680410128444,0.0,0.0,0.047628074345739874,-0.013201499392883785,-0.008510681896768226,0.026202347839165366,0.0,-0.009756165867939072,-0.006557394395008837,-0.005697441704872189,0.03802745006993996,0.0,0.005509716244311248,0.027715373900101106,0.02061932901721869,-0.03015300926562667
2023-05-12,0.0,-0.005449625726195693,-0.019418067876815874,-0.0012475703893976696,0.0,-0.007547198166129499,-0.0028208736855895892,0.014598785447344208,0.0,-0.006191964306195913,0.0,-0.005063297066661577,0.0,0.006734025694352132,-0.03175027760788394,-0.00809720241664192,-0.04762807434573984,-0.003327786924321495,0.0,-0.02620234783916546,0.007067160673785595,-0.019802608596683105,0.0,0.01699592564018879,0.0,0.0,0.027101903507894976,-0.023042472625918253,0.013512386000747063,0.03015300926562662
2023-05-15,0.0,-0.0010934145680259527,0.0,0.0,0.0,0.015037862537514834,-0.008510681608948582,0.021506185003538333,0.0,-0.006230543734639407,0.0,0.00506329706666151,0.0,-0.013513706104480588,0.016002579007728696,0.0,-0.012270080925744142,0.009950321410848074,-0.008583735786265919,0.00881062135360639,0.007017566200938237,0.01980260859668314,0.0065573943950087855,-0.01129848393531667,0.0,-0.006430884414196457,0.026386730271521622,0.0,0.0,-0.00995032141084811
2023-05-16,0.0,0.002185738999249566,0.0,-0.0012493075795894108,0.038027450069939746,-0.015037862537514927,0.011331555294538047,0.02105347260702841,0.0,0.006230543734639389,-0.008888938939973515,0.0,0.008297982019003884,0.006779680410128444,0.007904847731175663,-0.02469258836084179,0.012270080925744102,0.013114929775130771,-0.008658054700508611,-0.008810621353606442,0.0069687457323044065,-0.019802608596683105,-0.006557394395008837,0.016902544706952672,0.0,0.0064308844141964675,0.0606246254686803,-0.009367741111531847,-0.006733370102073189,-0.010050326220427584
2023-05-17,0.0,-0.0010923244312237084,0.0,0.0062305441974081525,0.022141104448373364,-0.038614890882701966,0.0,0.0,0.005088522580559239,0.024541085581342322,0.008888938939973553,0.02000064763127573,-0.004140421069339303,0.020067543847594575,0.015624669782326525,0.0,-0.012270080925744142,0.009724540873323983,-0.017544293138656752,-0.008888938939973515,0.013793308523969955,0.01980260859668314,0.0,-0.005604060771636099,0.07889395044558029,0.0,-0.00491401019664174,0.02095540033448752,0.01342367195610467,-0.030771690651569667
2023-05-18,0.002496937276350143,0.005449625726195644,0.0,-0.007481324980074858,-0.014706133209623379,0.0,0.005617987036759496,-0.006968745732304421,-0.005088522580559257,0.012048327267974135,-0.008888938939973515,-0.014962858442059175,-0.0041575609496646735,0.019672747143666937,-0.03953209652123087,0.016529285665789057,-0.012422508040835292,0.0064308844141964675,0.0,-0.008968661352744359,0.0,0.0,0.0065573943950087855,-0.01129848393531667,-0.020906747926708304,0.0063898681875254795,-0.019901135431252465,-0.016260560497138424,-0.02703005472673234,0.04082201687199738
2023-05-19,-0.005000065104307433,0.011885673037641797,-0.009852287185835048,-0.007537717358245742,0.0,-0.023905498144139285,-0.008438860722348911,0.0,-0.020618812038033316,0.0,0.0,0.014962858442059178,0.0,0.006472508512691137,-0.024490030802976785,-0.01652928566578902,0.036813938113963794,0.0,0.0,0.0,0.0,-0.029852934817110672,0.0,0.011298483935316687,0.0,0.0,-0.030614667789187682,0.0023392358406720136,0.0068273668719536435,0.01980260859668314
2023-05-22,-0.0050251313862273595,0.0,0.0,0.0012602384763154353,0.02197888560279815,0.03174866827191641,0.005633812421074211,0.0069687457323044065,0.0,-0.0060060184699918355,0.0,0.019608453053774177,-0.02105384513614728,-0.026145255656358113,-0.008298462088645148,-0.008368241322527534,-0.012121349147384462,-0.052643683918149276,0.00881062135360639,0.035401893431374606,0.006825958405077651,0.01005032622042762,-0.006557394395008837,-0.00563325090752516,-0.028573345677323933,0.0,0.035627204820398675,0.011614465780203071,-0.02061932901721874,0.019418067876816054
2023-05-23,0.005025131386227345,-0.004305707401628778,-0.014962858442059175,-0.0012602384763153993,-0.01459878544734433,-0.007843170127777188,-0.01699756029540832,-0.04255965761056675,-0.005222968924135327,0.0,-0.008968661352744359,0.0,-0.0042640144290857305,0.03257614007055468,0.01652862608467012,0.08841087257985276,-0.024692588966579474,0.010084109368681668,-0.0176995602935799,-0.008733671785050415,-0.020619266929047586,-0.005012537031211045,0.0,-0.01709512751842577,-0.03690452121293354,0.0,0.01980260859668314,0.011481226121868266,0.0,-0.029270355062651115
2023-05-24,0.0,-0.0010793555836083502,0.005012537031210991,-0.006325126053860585,0.08455739039708698,-0.03200270056078121,0.002853066265385662,0.0,0.010417317727079177,-0.012121349147384575,0.008968661352744326,-0.019608453053774056,-0.008584121161209686,-0.0194180678768161,-0.016528626084670203,-0.015504172207925167,0.024692588966579433,-0.023689748183887794,-0.018018488085736913,-0.008810621353606442,-0.006968745732304421,0.053802655787579395,-0.013245214201674278,0.005732452785762148,-0.03053678569855445,-0.012820752601721806,-0.029852934817110672,-0.009174367245604869,0.0,-0.02000064763127562
2023-05-25,-0.0025094092032537183,-0.00216221249251755,0.009950321410848074,-0.012771554012585451,0.033225616041333075,-0.02469258836084179,-0.0028530662653855803,-0.021978885602798193,0.0,0.018127367617376385,0.008888938939973553,0.0,0.012848135590295389,-0.04683125485653937,0.008298462088645243,-0.023716504265574045,-0.012270080925744142,0.01360563881520608,0.0,-0.008888938939973515,0.0,-0.03883979734552017,-0.020202687854778488,0.04470041503923048,0.0,0.0,0.005037789189216557,0.011454813402962482,0.013791962145264932,-0.02040885176919952
2023-05-26,0.01000007379760166,-0.0010828619632688495,-0.00995032141084811,-0.006447469644320829,0.0,-0.01680720250373277,-0.002861229548440992,0.02197888560279815,0.005167414737350273,0.011904962062388738,0.00881062135360639,0.0,-0.008547516471827672,0.046831254856539405,0.016393144944024957,-0.00803216400634236,-0.02500127798724679,0.006734025694352132,0.009049826732992556,0.008888938939973553,0.020762054256274358,0.0098522871858351,-0.02758801266135205,-0.022100428627405497,0.0,0.01282075260172188,-0.0050377891892164845,-0.016073754681327553,-0.04913200262715427,0.010256490134848532
2023-05-29,0.0,0.0010828619632687558,0.0,0.009014862792253981,-0.006557394395008837,-0.07020419254790997,0.005714295813826708,-0.0072727523931748195,0.005142408667630941,-0.03003232967976516,-0.008810621353606442,0.0,0.00854751647182754,0.019418067876816054,0.0,-0.016260505111694693,0.012578769946411373,-0.003361344470129881,0.017857600292717848,-0.008888938939973515,0.006825958405077651,0.0,0.020762054256274358,0.005570477657249974,0.0,-0.006389868187525432,0.0,0.0,0.014286651099431294,0.0
2023-05-30,-0.010000073797601792,-0.0043383975598869666,0.0,-0.007722038985424996,-0.013245214201674278,0.0,0.016949542331297432,-0.02214110444837323,0.0,0.018127367617376385,0.0,-0.00995032141084811,-0.008547516471827672,0.0,-0.03305951025076776,0.0,-0.012578769946411402,-0.006756775931982117,-0.026907427025710466,0.0,0.006779680410128444,0.009756165867939136,-0.013793308523969885,0.0,0.0,0.0,-0.015267457310674819,-0.004640374935987102,0.0,0.010152361634351069
2023-05-31,0.01000007379760166,0.0,0.009950321410848074,-0.005181353941462414,-0.013423007444650008,-0.018349120606183555,0.019418133376426054,-0.00749066437138548,0.01020316241066741,-0.012048327267974208,0.0,-0.020202687854778374,0.0,0.0,0.01666636530674274,-0.01652928566578902,-0.01273908961882177,-0.017094416637950603,-0.009132474615119266,0.05218570446217316,0.006734025694352132,0.0,-0.006968745732304421,-0.016807789336411225,-0.007782133222499723,0.0063898681875254795,-0.015504233340894603,-0.03550670983375018,0.007066467935509441,-0.02040885176919952
2023-06-01,0.0,-0.04104845734738637,-0.00995032141084811,-0.003903709847212945,0.0,0.01834912060618362,0.0,-0.015151880967518485,0.0,0.0,-0.026907427025710466,0.0,0.00854751647182754,-0.03257614007055464,-0.016666365306742724,0.0,0.01273908961882172,0.033901518790360505,0.009132474615119254,-0.017094417683034165,-0.05518644564055657,-0.009756165867939072,0.0,-0.028654855167166215,-0.007843170127777188,0.012658384455781869,-0.015748342185241043,0.009592390367769545,0.020906679608607606,-0.03141622826482819
2023-06-02,0.00743503032719337,0.0,0.0,-0.00654023956160179,0.006734025694352132,0.02690742702571047,-0.00550971624431123,-0.0076628657456105625,-0.005088522580559257,-0.024541085581342225,0.0,0.0,0.0,0.02614525565635826,0.06506382284862385,0.008298794604689132,0.012578769946411373,-0.04082195478382607,-0.027651503984284922,0.017094417683034057,-0.00711746112599564,0.009756165867939136,0.020762054256274358,0.011559727648740427,-0.03200270056078121,-0.03195164557019492,0.010526403080123953,0.0,0.0,0.010582099318558432
2023-06-06,0.004926113418270598,-0.00795907489919446,-0.005012537031211045,-0.00790517205746359,0.019934195951972208,-0.036039901640829694,-0.011111215122715117,0.052446515532887684,0.010152908716891612,0.01234582401175363,0.0,-0.015424516965620335,0.008475075189735927,0.0064308844141964675,-0.007904847731175741,-0.008298794604689195,-0.012578769946411402,0.017212111928720186,-0.009389843352046762,-0.017094417683034165,0.0,-0.019608453053774056,-0.006872872530504391,0.0,0.03200270056078125,0.006472508512691357,-0.010526403080123896,0.0,0.04054608459408165,0.020834128946269733
2023-06-07,0.0,-0.002285767596772526,0.005012537031210991,0.0026419126055973637,-0.006600677798729731,-0.009216645991064273,-0.0027972020093996125,0.0,-0.005064386136332264,-0.01857636774639301,0.009049826732992556,0.0,0.004210077623661921,0.0063898681875254795,-0.04049260981070541,-0.01680720250373277,0.11918847403034576,0.0,0.0550598354220685,-0.017391726485559075,-0.007168482740163348,0.0,0.0,0.0,0.0,0.0,0.03125257552613566,-0.009592390367769524,-0.04054608459408167,-0.010362838882370162
2023-06-08,-0.002460082111813139,0.0,-0.010050326220427584,-0.0026419126055973875,0.0,0.01834912060618362,0.0027972020093997587,-0.06795068774081293,0.005064386136332189,0.0,0.0,-0.010416751156715455,-0.016949167242483715,-0.07263919092088085,0.04839745754188113,0.0,-0.09418719604309912,0.0,-0.008968661352744359,0.0087336717850503,0.007168482740163504,0.0,0.0,0.05043286782499254,-0.015873334137796888,0.0,0.0,0.01672672110759015,0.0,0.030771690651569802
2023-06-09,0.0,-0.0011448460637824328,0.01005032622042762,-0.0013237204132529473,0.0,-0.009132474615119266,-0.0027972020093996125,0.00778213322249964,0.005037249900326546,0.012422508040835311,-0.009049826732992521,0.0,0.004264014429085681,0.006825958405077651,0.007842850868979763,0.008438961181205244,0.012270080925744102,0.0,0.008968661352744326,-0.008733671785050415,0.0,-0.00995032141084811,0.0,-0.005481164386342139,-0.00803216400634236,-0.012987183462619664,-0.025975523404794386,-0.016726721107590145,0.0068722039836060424,0.01005032622042762
2023-06-12,0.002460082111813219,-0.0034423136788179235,0.0,0.0,-0.01333351815324252,0.0,0.005586601499866274,0.015384904731036134,0.00501200313491837,0.006153859705557772,0.0,0.030930332690025073,0.0,0.006779680410128444,-0.03175027760788394,-0.008438961181205271,0.0,0.016920861104808112,0.0,-0.008810621353606442,0.014184621799781118,0.0,0.0,-0.033521808948016145,0.01600032608667546,0.0,0.01047129006389992,0.0072028482466383326,-0.006872203983605927,0.009950321410848074
2023-06-13,0.004901965730517066,0.0011487915070966148,0.009950321410848074,0.0,0.03300626529690952,0.018182301348111794,0.002781640379193226,-0.031010208081312926,-0.010049253035244803,-0.006153859705557642,-0.009132474615119266,-0.005089064567689183,-0.0042640144290857305,0.0,0.016002579007728696,-0.008510681896768226,-0.012270080925744142,0.0,-0.008968661352744359,-0.008888938939973515,0.013986311933242724,0.0,0.0,-0.011429894490634305,0.015748342185240974,0.006514674949928268,0.035809479840786015,0.025975518578508328,0.0,-0.03015300926562667
2023-06-14,0.002441943087650178,0.0034383682355037613,-0.00995032141084811,0.007915601890273342,0.0319516455701948,-0.027398947339176118,-0.011173290180334456,-0.015873334137796888,0.0,0.006153859705557772,0.0,0.0,0.0,0.0,0.00380075657596557,0.0,0.012270080925744102,0.006688981750297954,-0.018182301348111753,0.0,0.0,0.009950321410848074,0.0,0.0,-0.007843170127777188,0.012903392926887811,-0.0050377891892164845,0.03661732926852362,-0.013889796457777236,-0.01025649013484849
2023-06-15,-0.0024419430876502345,0.0057045438776801745,0.0,-0.007915601890273434,0.10157976640648553,0.0,0.005602250310674402,0.0,0.029852933931718787,-0.006153859705557642,-0.018519029369165625,-0.005115095676324061,0.004264014429085681,0.006734025694352132,0.016002392260971058,0.008510681896768206,-0.012270080925744142,0.0,0.0,0.026433232078630374,-0.0139863119332428,-0.00995032141084811,0.04054605519330522,0.0,0.0,0.0063898681875254795,-0.015267457310674819,0.015607936307961055,0.020762000441383276,0.05026178658631032
2023-06-16,0.0,0.011312380787524147,0.009950321410848074,-0.01199213875892961,-0.011428684924131786,0.0,-0.0398912910822896,0.0,0.009755210752126924,0.006153859705557772,-0.009389843352046762,-0.005141394458524434,-0.008547516471827672,0.006688981750297954,0.0,-0.017094417683034165,0.048202126923682455,-0.010050326220427697,-0.009216645991064273,0.01724179048677462,0.0,-0.005012537031211045,-0.006644536402944578,0.017095127518425648,-0.007905172057463813,0.006349221431296268,0.005115095676324177,0.011001252844435322,0.0,-0.009852287185835048
2023-06-19,0.0073081282222503385,-0.0033803622775526103,-0.00995032141084811,0.0053476970918492905,-0.005763699172500427,0.0,0.017291480476206718,0.007968162080333152,-0.009755210752126845,0.006116221220186421,0.0,0.0,0.012793350484347071,0.0,0.0,-0.017391726485559075,0.011696028347801337,0.0033613444701299563,-0.009302383378101402,-0.034786083625431376,0.0,0.005012537031210991,-0.013423007444650008,0.0,0.007905172057463819,0.012578769946411373,-0.01025649013484849,0.0280492256653492,0.0,0.019608453053774177
2023-06-20,0.028710079677787145,-0.006794982708665532,0.009950321410848074,0.0,-0.023392856741582885,-0.009302383378101402,0.01418462155992381,0.007905172057463819,0.03846531663455815,0.0,0.0,-0.005168026830771852,-0.008509848441605228,0.0,-0.01600239226097112,0.0087336717850503,0.022989496172240335,-0.010118120402112067,0.009302383378101268,-0.017857600292717837,0.0,0.0,0.0,-0.0056652330277914215,-0.015873334137796888,0.0,0.00514139445852456,-0.030239857156177868,-0.013791962145264902,-0.009756165867939072
2023-06-21,-0.004728136931999001,0.0,-0.00995032141084811,0.0,-0.017910980532380636,0.009302383378101268,0.013986228915818986,0.007843170127777039,0.018693126423352704,0.0,-0.009478735386040972,0.005168026830771913,-0.006430884414196457,-0.05480826671706892,0.03174996536566731,0.01724179048677462,0.011299544599374666,-0.017094416637950603,0.0,0.008968661352744326,0.0,0.0,0.0,0.016902544706952672,0.007968162080333152,0.0,-0.010309421289296308,0.021692804415423084,0.0,-0.009852287185835048
2023-06-22,0.002366919236984209,0.005665758965184389,0.0,-0.005347697091849346,-0.024391430073128693,-0.009302383378101402,0.011049891497366392,0.00778213322249964,0.0,0.0,0.01886857873808785,0.00514139445852456,-0.012987183462619664,0.027779620457212616,-0.0157475731046961,-0.017241790486774565,0.03315224153060695,0.017094416637950666,0.0,-0.008968661352744359,-0.028573345677323933,0.02955877446462218,0.0,-0.005604060771636099,0.007905172057463819,0.006230543734639389,0.005168026830771913,-0.004301077929863997,0.0069197581616590445,0.0098522871858351
2023-06-23,0.00471698536904043,0.0033840677678083084,0.0,0.002677471085901836,0.0,-0.009389843352046762,-0.00550971624431123,0.007722038985425549,0.0,0.0,-0.009389843352046762,0.0,0.0,0.0,0.0,0.008658054700508674,-0.010929059852906334,0.016807102152409884,-0.009302383378101402,-0.009049826732992521,0.014388723877542623,0.019231344291746166,-0.027398947339176118,0.0,-0.007905172057463813,0.0,0.01534555470253776,-0.015201094994730229,0.0,0.03846624554572604
2023-06-26,-0.035932032486412774,-0.0022548440243270263,0.0,0.013280300691878162,-0.025001277987246565,0.0,0.01098917664011656,-0.015504172207925167,0.00921566169372382,-0.01846204523194002,0.0,-0.010309421289296308,0.0,0.0,0.0,-0.008658054700508611,0.03243524439695832,-0.023609842855105975,0.0,0.0,-0.014388723877542694,0.00947873538604097,0.02061926692904748,0.01671422452608892,0.015748342185240974,-0.01250015065656526,-0.005089064567689183,0.0,0.0,0.02790887272121241
2023-06-27,-0.004889980733338914,0.01567785146897705,0.0,0.024757036012098266,-0.01916997403301815,0.0,-0.013755427578821595,0.0,-0.009215661693723835,0.00619196430619583,0.01869222673014823,0.005168026830771913,-0.013158072193738508,0.01360563881520608,0.0,0.0,0.03141622826482829,-0.010291675935254499,0.009302383378101268,0.0357180483793169,0.007220241137379365,-0.019048177668910055,0.006779680410128444,0.005509100486610634,0.045809583292439726,0.0,0.01015236163435085,0.0021857389992497875,0.0068722039836060424,0.027150962700856145
2023-06-28,0.0,0.0,0.0,-0.01165060643245484,-0.05299247991408127,-0.009478735386040972,0.011019450437002467,0.0,-0.00930288472568182,0.0,0.0,0.0,-0.006644536402944578,0.0,0.0,-0.008733671785050415,-0.052922412808880104,0.0,0.0,0.0087336717850503,0.0,0.0,-0.027398947339176118,0.0054811643863421685,-0.00749066437138548,0.0,-0.010152361634350827,-0.019846330689775364,-0.006872203983605927,0.05218570446217316
2023-06-30,-0.0024539280848285233,-0.004454346091905699,0.009950321410848074,0.007782133222500081,0.046519971401390095,-0.009569442282869305,-0.008253199498297413,0.0,-0.009390241697670864,0.0,-0.01869222673014813,-0.005168026830771852,0.0,0.0,-0.01600239226097112,0.0,0.0,-0.0034542314543866653,-0.009302383378101402,-0.026433232078630325,0.0,-0.0194180678768161,0.0,0.005449115021079467,-0.015151880967518485,-0.0063091630244854185,-0.01025649013484849,-0.02938056279473936,-0.0069197581616589785,0.01680720250373278
2023-07-03,0.0024539280848285537,-0.0011167202687078536,-0.00995032141084811,0.010282857501843904,0.025642482545709343,-0.009661902008876884,0.019152479335169285,-0.007843170127777188,-0.009477807309671302,0.006153859705557772,0.009389843352046751,0.005168026830771913,-0.006688981750297861,0.013423007444649979,-0.032788218943378605,0.0,-0.021978951350272766,-0.010434950271383463,0.009302383378101268,0.0,0.0,0.009756165867939136,0.0,0.0,-0.0076628657456105625,0.006309163024485387,-0.026111181067611195,-0.004597704712699258,0.0,0.05669528892162299
2023-07-04,0.004889980733338848,-0.0011179687271751866,0.009950321410848074,0.006373502061105526,-0.04531522968937637,0.009661902008876854,-0.005434790704315597,0.0,0.01886804900734209,0.0,0.018519029369165677,0.010256490134848532,-0.006734025694352127,0.0066445364029446095,0.0,0.0,0.011049891497366392,0.03436769307148061,0.0,0.0,-0.007220241137379281,0.0,-0.006968745732304421,0.0,0.0,-0.012658384455781838,0.005277052121341313,0.011454813402962482,0.0069197581616590445,0.0684678248144207
2023-07-05,0.0,-0.0067339723568613785,-0.00995032141084811,0.0,-0.01333351815324252,0.009569442282869345,-0.008207972386542431,-0.007905172057463813,0.009302884725681946,0.0,0.009132474615119254,-0.005115095676324061,0.0,-0.01333351815324252,0.03278821894337869,0.0,0.0,-0.0033840947077598857,0.0,-0.008968661352744359,0.007220241137379365,-0.019608453053774056,0.013889181725769988,0.04255991305458935,0.007662865745610478,0.012658384455781869,-0.015915440207621832,0.020293854010592728,0.0,-0.04512048247871836
2023-07-06,-0.00980399092998061,0.0,0.009950321410848074,-0.002544528319483096,-0.02033966450955827,-0.009569442282869305,0.0,0.0,0.0,0.0,-0.009132474615119266,0.0,-0.013605638815206152,0.0,-0.032788218943378605,-0.0176995602935799,0.0,0.003384094707759889,0.03636760869192039,0.0,-0.007220241137379281,0.0098522871858351,-0.013889181725769854,0.0,-0.023167037953535786,-0.0063091630244854185,-0.00536193800039486,0.008888938939973553,0.0,-0.015504172207925167
2023-07-07,0.002460082111813219,0.014533527131766264,0.04831853273156113,0.0,0.01360563881520608,-0.009661902008876884,-0.011049891497366387,-0.01600032608667548,0.0,0.0,0.009132474615119254,0.005115095676324177,0.0,0.013333518153242435,0.0,0.008888938939973553,0.03243524439695832,-0.017036170544976987,-0.018018488085736913,-0.018182301348111753,0.014388723877542623,0.009756165867939136,0.0,0.02570797830096604,0.0,0.0,-0.02724968175181129,-0.015607936307961036,-0.013889796457777236,0.053244554531189606
2023-07-10,-0.002460082111813139,0.0,0.0,0.0,-0.006779680410128465,-0.009756165867939072,0.0,0.0,-0.00930288472568182,0.0,0.009049826732992556,0.0,0.006825958405077651,0.006600677798729651,-0.008367831853561053,0.0,-0.01069527888945819,0.01365207583721704,0.009049826732992556,0.0,0.021202188000719626,-0.009756165867939072,0.020762054256274358,0.02506360898697335,-0.007843170127777188,0.006309163024485387,0.01098917664011656,-0.02964861132393294,-0.014083351086339813,0.02197888560279815
2023-07-11,0.0,-0.0033352656851388003,-0.01904817766891028,0.0,0.0,0.02898751015968521,-0.005571039869659899,0.0,-0.009390241697670864,-0.006153859705557642,0.0,-0.015424516965620335,0.0,0.0,0.0,-0.008888938939973515,0.0,0.013468204076441457,0.035401893431374606,0.009132474615119254,0.0,0.009756165867939136,-0.013793308523969885,0.0,0.007843170127777039,0.006269606921925908,-0.005479460395805272,0.004618941278365039,0.02105338938245812,0.056352966134536546
2023-07-12,0.0,0.0,0.009569442282869345,0.0,0.0,-0.019231344291746142,0.0027893994904665915,0.008032164006342388,-0.009477807309671302,0.0,-0.009049826732992521,0.005168026830771913,-0.020619266929047586,-0.006600677798729731,-0.008441449239096786,0.0,-0.010810905654593765,-0.030562620714392082,0.008658054700508674,0.0,0.0,0.0,0.013793308523969955,-0.03526890826299874,0.0,-0.006269606921925834,-0.011049891497366276,-0.013921324656466415,-0.006970038296118221,0.006825958405077651
2023-07-13,0.0,-0.0022296000938832375,0.00947873538604097,0.0,0.020202687854778384,0.019231344291746166,0.013831531876559769,0.0,0.01886804900734209,-0.006191964306195913,0.009049826732992556,0.0,0.0,-0.020067543847594634,0.0,0.0,0.06317890294372859,0.0,-0.008658054700508611,0.009049826732992556,-0.0070175662009383764,0.0,0.0,0.010205299276025336,-0.007843170127777188,0.006269606921925908,0.0,-0.007034075678021155,-0.007016883150830518,-0.020619266929047586
2023-07-14,0.0,0.0022296000938831022,0.009389843352046751,-0.0038289737416223697,0.0,0.0,0.013642763090858028,-0.00803216400634236,0.0,0.0,0.0,0.00514139445852456,0.013793308523969955,0.0,0.0251076729962925,0.008888938939973553,-0.01025649013484849,0.013698830935581918,-0.008733671785050415,0.0,0.020906747926708276,-0.009756165867939072,0.006825958405077651,-0.01020529927602541,0.0,0.006230543734639389,-0.005571039869659899,-0.0047169853690404535,0.020906679608607606,0.006920435993465473
2023-07-17,0.009803990929980647,0.00333526568513864,0.0,0.0025542774718078443,-0.013423007444650008,0.0,-0.005434790704315597,0.008032164006342388,-0.009390241697670864,-0.006230543734639407,0.0,0.0,0.0,-0.020478511345710583,-0.008298391903634574,0.00881062135360639,0.010256490134848532,-0.013698830935581963,0.0087336717850503,0.0,-0.020906747926708304,-0.009852287185835048,-0.006825958405077668,0.025319529745893007,-0.007905172057463813,0.01234582401175363,0.0,-0.00711751769102607,-0.0069197581616589785,0.0068728725305045495
2023-07-18,0.0,0.0011092878010480305,-0.03809992302983391,0.0012746962698146228,0.0,0.0,-0.008207972386542431,0.07696105879676374,0.018693126423352704,0.024692588966579433,-0.009049826732992521,0.005115095676324177,0.006825958405077651,0.0068728725305045495,0.008298391903634652,0.0087336717850503,0.010152361634351069,-0.020906747926708415,0.05085846949196498,0.008968661352744326,0.013986311933242724,0.0,0.0,0.009949378517105787,0.0,0.006116221220186421,0.011111215122714917,0.004750598454041804,-0.006970038296118221,-0.06362571852771151
2023-07-20,-0.00980399092998061,-0.0033315618004587863,0.009661902008876854,0.012658475380144868,0.0779615434833822,0.05556990945536512,0.0027434832539862254,0.00738010015545396,-0.00930288472568182,-0.01846204523194002,0.009049826732992556,-0.005115095676324061,-0.013698830935582187,0.006825958405077651,-0.025107672996292393,0.042559674887275516,0.058840444976795865,0.0035149388672611323,0.0,0.0,-0.006968745732304421,0.0098522871858351,0.01360563881520608,0.0,0.015748342185240974,0.006079040349402274,0.005509716244311248,0.002366919236984209,0.013889796457777175,0.03584609807049867
2023-07-21,0.014670176064580797,0.0,0.0,0.0,0.0,-0.03670133071727745,0.01360563881520608,0.0,0.0,0.0,-0.009049826732992521,0.0,-0.0069204359934654305,0.013513706104480555,0.01680928109265781,-0.03390162018676693,-0.03883979734552017,-0.017699560667042254,0.008230491061099654,-0.008968661352744359,-0.01408472687472389,-0.019802608596683105,-0.006779680410128465,0.029269612874572387,-0.01574834218524093,0.018018488730808087,0.0,-0.009501249976804809,-0.02090667960860769,-0.028573345677323933
2023-07-24,0.019231344291746166,-0.0011129916857281384,0.009569442282869345,0.010012500359838042,0.0,0.009302383378101268,-0.002706358978334304,-0.007380100155453859,0.0276515176573908,0.0,0.0,0.005115095676324177,0.0,-0.013513706104480588,0.0,-0.035091286779138975,0.019608453053774177,-0.014388723877542694,0.01626050511169458,0.0,0.02105347260702841,0.0,0.0,0.0,0.0,-0.005970161462834003,-0.00550971624431123,0.01891307518319443,0.013986921446948635,-0.0072727523931748195
2023-07-25,0.007117517691026101,0.001112991685728066,0.01886857873808785,0.0012446430864902522,-0.01257876994641129,0.0,0.018792481306100055,0.0,0.009050314407467147,0.018462045231939988,0.009049826732992556,0.0,0.006920435993465473,0.013513706104480555,0.008298391903634652,0.01769956029357998,-0.019608453053774056,0.021506185003538333,0.023905498144139267,0.008968661352744326,-0.0139863119332428,0.009950321410848074,-0.006825958405077668,0.0,0.007905172057463819,0.017804678380562166,0.005509716244311248,0.0231491601459708,-0.013986921446948743,0.01449299353055419
2023-07-26,0.0023612176950147377,-0.0033425917796112625,-0.009389843352046762,-0.004987626025089283,-0.01273908961882177,0.01834912060618362,0.010582099318558432,0.0,0.0,-0.006116221220186404,0.0,0.0,-0.0069204359934654305,-0.034132973033528226,0.008230094961537236,-0.008810621353606442,0.0098522871858351,0.0,0.0684678248144207,0.008888938939973553,0.007017566200938237,0.0,0.046831254856539405,0.0,-0.007905172057463813,0.0,-0.011049891497366276,-0.027843999983319857,0.0,0.0422598524666528
2023-07-27,0.004705998747108145,0.004454346091905558,0.0,-0.005012537330731474,0.0063898681875254795,0.0357180483793169,0.00524935095878255,0.00738010015545396,-0.01818328564545223,-0.006153859705557642,0.017857600292717848,0.005089064567689317,0.0,0.0,0.0,-0.008888938939973515,0.019418067876816054,0.0,-0.022305735765589314,0.0,-0.0070175662009383764,-0.00995032141084811,0.006514674949928488,0.0,-0.01600032608667548,0.0,-0.005571039869659899,0.0,0.0070168831508304495,-0.04225985246665291
2023-07-28,0.0023446087642665318,0.0,-0.009478735386040972,0.0012554918184009129,-0.006389868187525432,-0.035718048379316844,0.0,-0.007380100155453859,0.018183285645452282,-0.012422508040835292,-0.017857600292717837,0.0,0.0,-0.006968745732304421,0.0,0.0,0.028438021020956845,0.06187542739085452,-0.007547198166129499,0.0,0.007017566200938237,0.0,0.0,0.009570567834825608,0.023905498144139267,0.017493140423409482,0.0,0.002350231073082586,-0.021202217028969277,0.007168482740163504
2023-07-31,0.0023392358406720136,0.0,-0.009569442282869305,0.002506264729663659,-0.0194180678768161,0.018018488085736917,0.010416751156715365,-0.022472833776264838,-0.009050314407467265,0.0,0.008968661352744326,0.0,0.013793308523969955,-0.0070175662009383764,-0.008230094961537133,0.0,0.0633695523636018,-0.07976497535459776,0.037178966985888275,0.01754429313865675,0.020762054256274358,0.0,0.0319516455701948,-0.028986801452485583,-0.007905172057463813,0.034094179006681276,0.04372283487492105,0.013986227983039808,-0.0071677851568017455,-0.021661476270717493
2023-08-01,0.011614465780202853,-0.0011117543122943668,0.0,0.0,-0.026491590346980957,0.0,-0.0078023730270273765,-0.015267548546999533,-0.009132971237985073,0.012422508040835311,0.01769956029357998,0.00506329706666151,-0.006872872530504391,0.007017566200938237,-0.016666223757195658,0.0,-0.0822381311016894,0.0,-0.02214110444837323,-0.008733671785050415,0.03367318266280076,0.0,-0.012658384455781838,0.01941623361765986,0.0,-0.01123606273174864,-0.00536193800039486,-0.004640374935987102,0.0,-0.014706133209623379
2023-08-02,0.04072967986988899,0.0011117543122943913,0.009569442282869345,0.0,0.0,0.008888938939973553,-0.013140781209811898,-0.03125251439316616,0.009132971237985048,0.0,0.0,-0.010152361634350827,0.013698830935582138,0.0,0.008367831853561094,0.0,0.028170962116189004,0.042409225109850554,-0.00749066437138548,0.0,-0.006644536402944578,0.009950321410848074,0.006349221431296268,-0.019416233617659918,-0.01600032608667548,-0.005665732178300458,-0.016260505111694804,0.011560756120584135,-0.007219533444620732,0.02197888560279815
2023-08-03,-0.017897658957141415,-0.004454346091905699,0.00947873538604097,-0.0037617565480646533,0.006688981750297954,-0.026907427025710466,-0.007968162080333081,-0.007968162080333081,0.009050314407467147,0.0,0.025975462271824908,0.0,0.006779680410128444,0.0069687457323044065,0.0,0.0,-0.028170962116189135,-0.031637138272102946,0.0,0.0087336717850503,-0.013423007444650008,-0.00995032141084811,-0.01273908961882177,-0.009853379256912435,0.008032164006342388,0.0,-0.005479460395805272,-0.011560756120584124,-0.007274253229508662,0.0
2023-08-04,0.022322440502953598,0.003342591779611204,-0.01904817766891028,-0.010101086864041701,0.0,0.0,0.007968162080333152,0.023716504265574045,0.04405956275693957,-0.006191964306195913,-0.008583735786265919,-0.005115095676324061,0.013423007444649979,0.0,0.0,-0.018018488085736913,0.05556990945536512,0.0,0.0,0.008658054700508674,0.05264368391814933,0.0,-0.012903392926887598,0.0,-0.00803216400634236,0.016901794910049023,-0.00550971624431123,-0.0023283430086035476,0.028780437773560583,0.0
2023-08-07,0.04742263223629921,-0.0033425917796112625,0.009569442282869345,-0.0025412951190415746,0.01980260859668314,-0.018349120606183555,-0.007968162080333081,0.00778213322249964,-0.026202437191595637,0.0,0.0,0.0,0.0066445364029446095,0.0,0.0,-0.0560895250052417,-0.009049826732992521,0.04538304566174404,0.014925635610135518,-0.017391726485559075,0.0,0.009950321410848074,0.006472508512691137,0.009853379256912537,-0.00809720241664192,0.0,0.0,0.00232834300860364,-0.021506184544052,0.014388723877542623
2023-08-08,-0.014846544796776563,0.0011154745954885343,-0.009569442282869305,0.005076148424292945,0.0,0.009216645991064322,0.0053191564183196535,0.007722038985425549,0.008811096080980267,-0.006230543734639407,0.008583735786265884,0.0,0.013158072193738468,-0.006968745732304421,0.0,0.028438021020956845,0.018018488085736917,-0.0034188034047502353,-0.014925635610135437,0.0,0.01273908961882172,0.0,0.01282075260172188,0.0,0.0,0.0,0.0,-0.004662008442114251,0.007219533444620646,0.0071174611259955806
2023-08-09,-0.02378483078099617,0.0022271171841228015,-0.07484788129389779,-0.006349221911862293,0.006514674949928488,0.0,0.0052910126285313965,0.007662865745610478,0.0,0.012422508040835311,-0.017241790486774565,0.005115095676324177,-0.006557394395008837,-0.01408472687472389,0.016528486865171853,-0.028438021020956838,0.0,-0.00687287253050428,0.0,0.0,0.006309163024485387,-0.00995032141084811,-0.03236533045935028,0.00975529856696993,0.00809720241664188,0.005571039869660042,-0.011111215122715005,0.011614465780203071,0.0,-0.014285943866159048
2023-08-10,0.006543040294221657,-0.00781686787887412,-0.005194812051598307,0.0,-0.006514674949928501,0.0,0.0026350451548232076,0.0,0.0,0.006153859705557772,0.008658054700508674,0.0,-0.006600677798729731,0.0,-0.008230094961537133,0.0,0.008888938939973553,0.0,0.014925635610135518,0.0,-0.0063091630244854185,-0.005012537031211045,-0.02666822164632427,0.009660935050690019,0.008032164006342388,0.005540175253055282,0.0,-0.018648541458224213,-0.007219533444620732,-0.007220241137379281
2023-08-11,0.029980804656678066,0.003357555830555022,-0.015748342185241043,0.006349221911862257,0.006514674949928488,0.0,0.002628119936122682,-0.01538490473103598,0.008732816587589853,-0.006153859705557642,0.0,-0.01025649013484849,-0.006644536402944578,-0.00711746112599564,0.0,0.0,0.03478608362543126,-0.01739180905944729,0.029199126740177498,0.0087336717850503,-0.01273908961882177,-0.0050377891892164845,0.0,-0.029269612874572425,0.0,0.01098917664011634,0.0,0.007034075678021245,0.0,0.0
2023-08-14,0.012578870230597415,0.002232194864196443,-0.01600032608667548,0.0,0.0,0.009132474615119254,0.005235609152348107,0.007722038985425549,-0.008732816587589728,0.0,0.017094417683034057,0.010256490134848532,-0.013423007444650008,0.0,0.008230094961537236,0.0,0.008510681896768206,0.0035026273336773027,0.007168482740163504,0.0,0.031548403299872525,0.0,-0.013605638815206152,0.019608677823882436,0.0,0.0,0.032970053436218595,0.004662008442114341,0.0,0.028573345677324
2023-08-15,0.0,0.007773464344484999,-0.010810905654593765,0.0025285343770961623,0.0,-0.009132474615119266,0.0078023730270272785,0.0,0.025975462271824908,0.0,0.008438961181205244,0.01015236163435085,0.0,0.021202188000719626,0.008162913035973962,-0.009661902008876995,0.01680720250373278,-0.0070175662009383764,0.0,0.025752472383542852,-0.006230543734639407,0.01005032622042762,-0.006872872530504391,0.03810000980459403,0.0,0.026955784001153022,-0.021858838313503583,0.004640374935987167,0.0,0.020906747926708276
2023-08-16,0.0,-0.0022147853599034694,0.005420062216286035,0.002521976847828659,-0.006514674949928501,0.0,0.0025873211709015985,0.0,0.04184670593166417,0.012270080925744102,0.008368241322527527,-0.010152361634350827,-0.006779680410128465,-0.01408472687472389,0.0,0.019231344291746166,-0.008368241322527534,0.013986311933242724,0.021202188000719626,0.008438961181205244,0.03077162931598164,-0.005012537031211045,-0.0069204359934654305,0.009301563456477965,0.015873334137796822,-0.016086122327765805,0.01643877609721746,0.0,0.007219533444620646,-0.013889181725769854
2023-08-17,-0.012578870230597509,-0.004444553486186869,-0.005420062216286126,-0.005050511224924704,-0.019802608596683105,-0.009216645991064273,-0.005181353941462414,0.0,0.0,-0.006116221220186404,0.0,-0.005115095676324061,0.020202687854778384,0.0,-0.008162913035973956,-0.009569442282869082,0.0,-0.028170933733023984,0.06103591471780483,0.0,0.006042308797982336,0.0,-0.006968745732304421,0.0,-0.007905172057463813,0.037139511710224234,-0.021978951350272655,0.011507540927197257,-0.007219533444620732,-0.01408472687472389
2023-08-18,-0.01916984731128699,-0.0033463203625910556,-0.016438776097217507,-0.001266532814228507,0.013245214201674292,-0.009302383378101402,0.0025940327705609037,-0.02334734233570233,0.0,0.006116221220186421,0.0,0.01020416024401339,0.0,0.0,0.008162913035973962,0.0,-0.10629465771340019,0.0,-0.04027386046153032,-0.01694964307797349,-0.018237570367571024,0.005012537031210991,0.013889181725769988,0.0,0.0,0.0,0.0,-0.018476258871787984,-0.0145995740150479,-0.03610497045088264
2023-08-21,0.010695228025736534,-0.002237081912979159,-0.01671346543338953,-0.0038096156100643833,-0.006600677798729731,0.0,-0.023592159898852536,0.0,0.0,0.006079040349402274,0.0,0.0,0.0,0.0,0.008096819042232842,0.0,0.02765150398428485,0.010657284544895063,-0.020762054256274504,-0.008583735786265919,0.006116221220186421,-0.005012537031211045,0.020478511345710722,0.009217617094282423,0.0,-0.010471290063899817,-0.011173290180334456,0.004651166791590386,0.014599574015047937,0.007326033054169503
2023-08-22,-0.012848130670618841,0.0,0.0,0.017654919313814733,0.0,0.018519029369165677,-0.010666757631379822,0.0,-0.008230864347427274,0.0,0.0,0.03491623188377238,0.0,0.007067160673785595,0.0,0.03774040439905826,-0.018349120606183555,0.007042276122147243,-0.0070175662009383764,0.008583735786265884,-0.006116221220186404,0.005012537031210991,-0.020478511345710583,-0.009217617094282477,0.007905172057463819,0.0,0.005602250310674402,0.0046296335551020765,-0.0145995740150479,0.01449299353055419
2023-08-23,0.006444750554331602,0.0,0.027702642073505958,0.0,-0.006644536402944578,0.009132474615119254,-0.016216555914239886,-0.007905172057463813,0.008230864347427294,0.006042308797982336,-0.008368241322527534,-0.009852287185835048,-0.006688981750297861,0.0,0.008031786765774648,0.03636760869192039,0.009216645991064322,0.0,-0.0070671606737855944,0.008510681896768206,0.018237570367570944,0.0,0.0,0.027400064175987147,-0.023905498144139285,0.0,-0.022599810606082807,0.004608298782495194,-0.014815816780150232,-0.007220241137379281
2023-08-24,-0.01076440769495334,0.0044692767771754485,0.05320398543520963,0.002496877968987098,-0.006688981750297861,0.0,0.0,0.0,-0.008230864347427274,0.0,0.0,0.0098522871858351,0.013333518153242435,0.020906747926708276,0.0,-0.018018488085736913,0.027150962700856145,0.006993029078342827,0.007067160673785595,-0.017094417683034165,-0.012121349147384575,-0.005012537031211045,0.0,-0.027400064175987244,0.008032164006342388,0.00524935095878255,0.016997560295408266,-0.009237932337597185,0.0,-0.03690452121293354
2023-08-25,0.0021622124925175976,-0.003350163591371596,0.0,-0.008766395390226188,-0.006734025694352127,0.0,0.0,-0.01600032608667548,0.008230864347427294,-0.018237570367571024,-0.008438961181205271,-0.009852287185835048,-0.006644536402944578,0.0068728725305045495,-0.040820005709153236,0.018018488085736917,0.0,-0.0069930290783427355,0.0,0.0,-0.006116221220186404,0.0,0.0068728725305045495,-0.018692285199233046,-0.00803216400634236,-0.005249350958782499,0.0,-0.018735893272162744,0.029415390795198212,-0.007547198166129499
2023-08-28,-0.006500610052404535,-0.002239587103379891,-0.03158154232311994,-0.0037807190911865116,0.020067543847594575,0.0,0.0054347907043156675,0.008032164006342388,0.03226127168035871,-0.006153859705557642,0.025105997108422245,0.0098522871858351,0.0066445364029446095,0.01360563881520608,-0.008367831853561053,0.10981486174973201,-0.008968661352744359,-0.017699560667042254,0.1004188113780935,0.017094417683034057,-0.012345824011753648,-0.0050377891892164845,0.020339664509558392,-0.009477785176323077,0.0,0.05628084370228767,-0.022728229523506522,0.0023612176950147377,0.028572652479561315,-0.022989587532424898
2023-08-29,-0.01092900788039039,0.0,0.005333340889063316,0.011299544092015012,0.0,0.0,0.010781765209924174,0.0,0.0,0.006153859705557772,0.024490996172794287,-0.009852287185835048,0.013158072193738468,0.006734025694352132,0.008367831853561094,-0.049190196106353556,0.026668221646324243,0.0,0.03135049941854301,-0.008510681896768226,0.018462045231939988,0.0,0.0,0.0,0.008032164006342388,0.0,-0.023256839595909927,0.007050607511374592,-0.0213531190349406,0.0
2023-08-30,0.0,0.003357555830555022,0.036557622723352945,-0.011299544092015043,0.0,0.009049826732992556,0.0,0.007968162080333152,-0.02409752908021036,-0.012345824011753648,0.01600032608667546,0.0098522871858351,0.012987183462619612,-0.006734025694352127,-0.008367831853561053,-0.034191433564748075,0.017391726485559075,-0.003577817990735339,0.006153859705557772,-0.008583735786265919,0.018127367617376385,0.0,-0.006734025694352127,-0.009570567834825735,0.0,-0.010000073797601792,0.011696028347801337,0.009324068065773154,0.014286651099431294,0.022989587532424763
2023-09-01,0.0,-0.002237081912979159,0.025317783531102363,0.003780719091186531,-0.020067543847594634,0.008968661352744326,0.0,-0.01600032608667548,-0.008163742600148285,0.00619196430619583,0.015748342185240974,0.10241501990776829,0.01282075260172188,0.006734025694352132,0.008367831853561094,-0.044451720164367166,0.0,-0.003590664749428089,0.006116221220186421,0.017094417683034057,0.005970161462833876,-0.005063297066661577,-0.006779680410128465,0.028439074753904007,0.0,-0.015190150823567276,0.0057971120756082056,-0.009324068065773147,-0.014286651099431193,0.02247283377626483
2023-09-04,-0.02222322156622745,-0.0011204739175758305,0.05826885414240924,0.0012569800905077747,0.013423007444649979,0.026433232078630374,-0.010781765209924212,0.008032164006342388,0.0,-0.018692114962761117,0.0,-0.008888938939973515,0.0,-0.013513706104480588,-0.008367831853561053,0.0,0.0,0.007168482740163504,0.030032329679765296,0.0,0.0,-0.005089064567689407,-0.020619266929047586,0.0,0.0,0.01015236163435085,0.02849192869600681,-0.0023446087642663943,-0.007219533444620732,-0.022472833776264838
2023-09-05,0.0,-0.0022447212687246683,0.01869222673014823,0.0,-0.006688981750297861,0.0,-0.002713703237951683,0.015873334137796822,-0.008230864347427274,0.018692114962761144,-0.031748668271916365,0.04367502256540495,0.0,0.0,0.03305923175470678,0.02690742702571047,-0.02620234783916546,0.0071174611259955806,-0.02395328933036298,-0.017094417683034165,-0.011976179932825855,-0.01025649013484849,0.006920435993465473,-0.028439074753904045,-0.00803216400634236,-0.030771690651569438,0.005602250310674402,0.0,-0.007274253229508662,-0.007604682801389022
2023-09-06,-0.011299490717749354,0.0,0.01834912060618362,0.0025094989844352588,-0.006734025694352127,-0.008733671785050415,0.008119116580163102,-0.03200270056078121,0.03252361613029082,0.0,0.008032164006342388,0.02531788440050099,0.0,0.006779680410128444,-0.008162913035973956,0.00881062135360639,0.0,0.0,0.012048327267974135,0.008583735786265884,-0.012121349147384575,0.00514139445852456,0.013698830935582138,0.01904835301114886,0.01600032608667546,0.030771690651569372,0.0,-0.011806557254079511,-0.014704698120764022,0.0
2023-09-07,0.0045351507520485805,0.001122990480926821,-0.009132474615119266,-0.0012540071660342802,-0.006779680410128465,0.017391726485559075,-0.010840204046527042,0.01612936642298423,0.0,0.0,-0.032523160179136645,-0.008368241322527534,-0.012820752601721806,0.0,0.008162913035973962,0.0,0.00881062135360639,0.007067160673785595,-0.012048327267974208,0.008510681896768206,0.012121349147384488,0.005115095676324177,0.0,0.0,-0.01600032608667548,-0.015267457310674819,-0.005602250310674478,-0.0023781768790697047,0.007379377335224782,0.0
2023-09-08,0.06142275478344607,0.002242204705373547,0.0,-0.0025124719089086776,0.026847224257723172,-0.017391726485559075,0.0,0.0,0.0,-0.018692114962761117,0.008230491061099654,0.008368241322527527,0.0064308844141964675,0.006734025694352132,0.0,0.0,-0.035718048379316844,-0.032203110272560856,-0.012195261569588702,-0.008510681896768226,0.011976179932825813,0.0,0.006779680410128444,0.0,0.01600032608667546,0.0,0.005602250310674402,-0.0023837322857787587,-0.00737937733522488,-0.015384904731035867
2023-09-11,0.05384328029363179,0.0,0.0,0.006269517421239025,0.03896600825807992,0.0,0.002721087466364004,0.023716504265574045,-0.02429275178286359,0.018692114962761144,-0.01652928566578902,-0.04255967488727559,0.0,0.0,-0.008162913035973956,0.017391726485559075,-0.027651503984284922,0.0,0.0,-0.008583735786265919,-0.011976179932825855,-0.01025649013484849,0.006734025694352132,-0.009477785176323077,-0.007968162080333081,-0.015504233340894603,-0.011236062731748753,0.0,-0.007436439444925409,-0.0077821332224999465
2023-09-12,-0.004040405644838063,0.0011191131858040023,0.07082598526626104,0.008712021478214108,-0.045610544661024634,0.0087336717850503,0.0,0.0,0.008163742600148278,-0.012422508040835292,0.008298794604689352,0.008658054700508674,-0.006430884414196457,-0.006734025694352127,0.0,0.0666914109642506,0.0,-0.0036429877979378762,-0.01857636774639301,0.017094417683034057,-0.012121349147384575,-0.010362838882370162,0.0,-0.019231502885515648,-0.074723574970593,0.0,0.016807102601408712,-0.007185709997090287,0.0,0.0
2023-09-13,-0.006091432053454704,-0.007860758828962706,0.008510681896768206,0.011090675941079061,0.0,0.0,-0.005449599457100901,-0.023716504265574045,0.008096409485392059,0.0,0.008230491061099654,0.0,-0.00647250851269115,0.006734025694352132,0.008162913035973962,0.0,0.009302383378101268,-0.007326033054169567,0.012422508040835311,0.008438961181205244,0.0,-0.02638673027152143,0.0,0.009660935050690019,0.0,0.005194812051598424,0.0,-0.012091976599990659,-0.01503639533478349,0.030771720754924695
2023-09-14,0.0,0.0033764504568581538,0.008438961181205244,0.008541837512052234,-0.006688981750297861,0.0,0.0,0.031498637488073834,-0.024491016432967663,0.0,0.0,0.0,0.019293261114412995,0.006688981750297954,-0.024691399901145772,-0.024490996172794488,0.0,-0.007380100155453747,-0.018692114962761117,0.0,0.006079040349402274,0.005333340889063316,-0.006734025694352127,-0.009660935050689918,-0.06224224947999514,0.020513581533309556,-0.011173290180334456,0.0,-0.015268214063009726,0.029852933931718787
2023-09-15,0.04577914276204314,-0.0011241457315313026,-0.02553337886423942,0.0358033131923859,0.006688981750297954,0.0,0.01894506790497694,0.0,0.04049213602778593,0.012422508040835311,0.008163302695052716,0.008583735786265884,-0.006389868187525432,0.013245214201674292,0.024691399901145775,-0.008298794604689195,-0.009302383378101402,0.0,0.0,0.0,-0.01834912127514634,0.0,0.013423007444649979,0.009660935050690019,-0.08617772686362167,0.030002221687130737,0.011173290180334477,0.021661418882859693,0.03030460939779327,0.0
2023-09-18,0.058562520186421184,0.0011241457315313615,0.008583735786265884,0.013969946644320289,-0.006688981750297861,0.008658054700508674,-0.013495468447875877,-0.02353047540774071,-0.016001119594818314,-0.012422508040835292,0.01612936642298423,-0.025975462271824953,0.0,0.019544577857628517,0.0,-0.01680720250373277,0.009302383378101268,0.0,-0.0063091630244854185,0.0,0.0,-0.005333340889063379,-0.013423007444650008,0.009570567834825608,-0.040822016871997054,-0.014888598400041399,0.03815179500526111,-0.019231344291746142,-0.053652038920232424,0.05715844305791106
2023-09-19,0.0,0.0,0.0,0.0,0.0,0.0,0.0,-0.01600032608667548,0.008032599697323301,0.006230543734639389,0.007968162080333152,-0.008810621353606442,0.0063898681875254795,-0.012987183462619664,0.0,0.01680720250373278,0.01834912060618362,-0.022472833776264838,0.03115513769280437,0.0,0.01834912127514641,-0.00536193800039486,0.0,0.009477785176323028,0.0,0.004987536766390722,-0.00536193800039486,-0.009756165867938848,-0.007904397852321032,-0.021053472607028428
2023-09-20,-0.012927178232690609,-0.0033764504568582427,0.04184717006629001,0.003462204584782718,-0.006734025694352127,-0.008658054700508611,0.013495468447875933,0.0,0.0,0.00619196430619583,0.007905172057463819,0.0,0.0,-0.006557394395008837,-0.008162913035973956,0.0,-0.009132474615119266,-0.03861489088270174,-0.006153859705557642,0.0,0.018018488730808087,-0.010810905654593765,0.026668221646324243,0.0,0.040822016871996956,0.004962784644457254,0.0,-0.007380041503099163,0.007904397852321138,0.02797390860049385
2023-09-21,-0.0018605082356237125,0.002252304725326925,-0.03333648816952178,-0.004618858875629993,0.0,0.0,-0.008075406231589954,0.008032164006342388,0.007968519897495006,-0.012422508040835292,-0.007905172057463813,-0.026907427025710466,0.0,0.019544577857628517,0.02429151884398136,0.008298794604689132,0.0,0.03101020808131275,0.012270080925744102,0.008368241322527527,0.0,0.005420062216286035,0.0,0.018692285199233067,0.07696108087255739,0.00985228718583532,0.0,0.004926113418270377,0.02334742952243926,0.0858612848826816
2023-09-22,-0.001863887217501116,0.0011241457315313615,0.01680720250373278,-0.004640458105258895,0.006734025694352132,0.008658054700508674,0.0,0.0,-0.007968519897495108,0.006230543734639389,0.015748342185240974,0.07864315372911522,0.0,0.0,-0.01612860580800746,-0.008298794604689195,-0.009216645991064273,0.007604682801388995,0.030032329679765296,-0.008368241322527534,-0.005970161462834003,0.016086122327765937,0.013072069344937442,0.0,-0.028170962116189135,-0.004914010196641963,0.005361938000394903,0.0,0.007662120424207522,0.006309163024485387
2023-09-25,-0.003738318445499735,0.0,0.016529285665789057,-0.005830914960723008,0.0,-0.008658054700508611,-0.008141149682649956,-0.00803216400634236,0.0,-0.006230543734639407,-0.007843170127777188,0.01666703592721698,0.0,-0.012987183462619664,-0.016393007997511082,-0.03390162018676693,-0.01869222673014813,-0.007604682801389022,0.0,0.0,-0.012048327267974208,0.026248201434056425,-0.026317283546611645,0.009217617094282423,-0.028987510159685204,-0.019901135431252465,0.015915440207621843,-0.004926113418270369,-0.007662120424207421,0.0
2023-09-26,0.0,0.0,-0.008230491061099628,-0.005865114039385522,0.03947877380960053,0.01724179048677462,0.01621655591423976,-0.00809720241664192,-0.008032599697323202,0.0,-0.007905172057463813,-0.016667035927216904,0.037504359124100606,-0.040005296451461676,0.024489827039744137,-0.017391726485559075,0.009389843352046751,-0.019268401161701743,-0.01190496206238883,0.008368241322527527,-0.006079040349402174,-0.005194812051598307,0.0066445364029446095,-0.009217617094282477,-0.04000529645146156,0.01000007379760166,-0.010582099318558446,0.004926113418270377,-0.007721282109230618,0.0
2023-09-27,0.007462713898624507,-0.0033764504568582427,0.0,-0.005899716650116873,-0.012987183462619664,-0.017241790486774565,-0.002684562793282275,0.01612936642298423,-0.01626015208554028,0.0,0.015748342185240974,-0.02553337886423942,-0.01857636774639301,0.020202687854778384,0.0,0.0,0.009302383378101268,0.0,0.0,-0.025317884400500992,0.0,0.005194812051598424,0.0,0.0,0.005089064567689317,-0.010000073797601792,-0.005333340889063379,0.002453928084828775,0.0,-0.025479137057503595
2023-09-29,-0.011215059824510343,0.002252304725326925,0.008230491061099654,-0.015504171987494092,0.0,-0.008733671785050415,-0.005390843438307593,0.007968162080333152,0.0,0.0,0.015504172207925323,0.008583735786265884,-0.01257876994641129,0.0066445364029446095,0.0,-0.0176995602935799,-0.028170962116189135,0.0,-0.0060060184699918355,-0.025975462271824953,-0.01846204523194002,-0.015666102115497887,0.006600677798729651,0.027400064175987147,-0.025708393584907865,-0.010101086255878213,-0.07781701388160246,-0.014815071830292674,-0.015626147413208447,0.0
2023-10-02,-0.007547198166129499,-0.001125518253225545,-0.01652928566578902,0.009569442009954158,-0.026491590346980957,-0.035718048379316844,0.005390843438307659,-0.01600032608667548,0.0,-0.006269606921925834,-0.03125251439316616,0.0,-0.01273908961882177,0.006600677798729651,0.008031786765774648,0.0,-0.019231344291746142,0.03065380305427737,-0.006042308797982368,0.0,0.01234582401175363,0.010471290063899701,-0.013245214201674278,0.026667581616022444,-0.021053389382458272,-0.015345554702537739,-0.01162802671208472,-0.030305320297493145,0.0,-0.00647250851269115
2023-10-03,0.00378071909118631,-0.0022548440243270263,0.0,-0.0035778179907354503,0.013333518153242435,0.009049826732992556,0.0,0.008032164006342388,-0.01652884636643119,0.006269606921925908,0.023530475407740694,0.0,0.0063898681875254795,-0.013245214201674278,0.0,0.01769956029357998,-0.009756165867939072,0.01869211468507831,-0.04335039926239292,0.0,-0.03750435912410067,-0.03713951171022387,0.0,0.05129357563309986,-0.005333340889063379,0.01534555470253776,-0.011764830029498071,-0.025975523404794386,0.0,-0.01307206934493735
2023-10-04,-0.001888617886725481,-0.0011292237434811657,-0.008368241322527534,-0.01444067048204418,0.006600677798729651,-0.009049826732992521,0.002684562793282232,-0.024292669118037107,-0.01680801112362784,0.0,0.015384904731036134,0.0,0.0,0.013245214201674292,0.03149993622469419,0.017391726485559075,-0.009852287185835048,0.0,0.055398726530367176,0.0087336717850503,0.012658384455781869,-0.01086966167338712,0.0066445364029446095,0.04082151459855682,0.01063838808628069,-0.015345554702537739,-0.005934800599554761,0.04628076990468591,0.0,0.0
2023-10-05,0.0018886178867254765,0.0,-0.008438961181205271,-0.0012129420707219813,0.0,0.0,-0.002684562793282275,0.0,0.00843931880087858,0.0,0.0447836497872773,0.016949643077973472,-0.006389868187525432,0.0065573943950087855,-0.01562454624010562,0.0,-0.00995032141084811,-0.011173289684249603,0.0,0.0,0.0,-0.005479460395805272,-0.006644536402944578,0.0,0.005277052121341313,0.00514139445852456,0.005934800599554714,-0.020305246499891422,0.0,-0.006600677798729731
2023-10-06,0.0,0.001129223743481185,0.0,0.0,-0.006600677798729731,0.0,0.005361938000394903,0.02429266911803713,0.0,0.0,0.007272752393174878,-0.008438961181205271,0.0,-0.006557394395008837,-0.023907176750363225,0.008583735786265884,0.01980260859668314,-0.030420658414485192,0.05815593507890421,0.008658054700508674,0.006269606921925908,0.03243524439695832,0.0,0.0,-0.005277052121341222,0.01020416024401317,-0.005934800599554761,0.0025608183600686714,-0.023905517447139243,0.06412454337042704
2023-10-09,-0.001888617886725481,0.0011280575522256402,-0.008510681896768226,0.0,-0.006644536402944578,0.0444517201643673,0.015915440207621843,0.0,-0.00843931880087848,-0.01257876994641129,-0.0072727523931748195,0.0,-0.006430884414196457,0.0,0.0,-0.008583735786265919,0.0,0.03788337231310972,-0.02285811627493258,0.0,0.0,-0.032435244396958315,-0.006688981750297861,0.00796900005376276,-0.010638388086280572,-0.010204160244013221,0.017699630629052835,0.0,0.0,-0.050966471176688455
2023-10-10,0.009407442887554475,0.0011267864721015081,0.008510681896768206,0.0,0.0,0.01724179048677462,0.01047129006389992,0.0,0.0,0.0,0.0,-0.03448614416859313,0.0,0.0,0.023907176750363128,0.0,0.0,-0.030191033743862793,-0.01749314042340947,0.017094417683034057,0.006230543734639389,0.010929059852906247,0.0,0.007904472568146132,0.01063838808628069,0.0,0.0,0.0,0.0,0.032157157495637884
2023-10-11,0.01302338310698965,0.0011255182532255254,0.008438961181205244,0.0,-0.006688981750297861,0.008510681896768206,0.015504233340894498,-0.00803216400634236,0.01680801112362776,0.012578769946411373,0.021661476270717614,-0.0176995602935799,0.0064308844141964675,-0.013245214201674278,0.0,0.0,0.0,-0.0038387727937765547,0.05158731943009078,0.01680720250373278,-0.006230543734639407,-0.016438776097217507,0.0,0.01562543754029377,-0.01600032608667548,-0.02072617244601185,0.04572220571876607,-0.02067261267639216,-0.008096409485392041,0.0
2023-10-12,0.016499027584821205,-0.002252304725326959,0.03306082968336935,0.0,0.0,0.0,-0.0025673929907794484,-0.00809720241664192,0.0,-0.018927991377707634,0.014184621799781118,0.026433232078630374,-0.012903392926887598,-0.006688981750297861,-0.04016690882857,0.017094417683034057,0.009756165867939136,0.003838772793776592,0.03836089687452633,0.0,0.006230543734639389,0.005509716244311248,0.006688981750297954,0.022990424147153146,0.005361938000394903,0.04103141894590328,0.032970053436218595,0.0078023730270272785,0.0,-0.01273908961882177
2023-10-13,-0.00546951416072432,0.0033764504568581538,-0.016393793756152377,0.014458070715485011,0.0,-0.008510681896768226,0.0025673929907793006,-0.008163302695052731,0.01652884636643117,0.0,-0.014184621799781234,-0.017544293138656752,0.006472508512691137,0.013333518153242435,0.032262124339178064,0.008438961181205244,-0.009756165867939072,0.0,-0.027249681751811177,0.0,0.0,0.010929059852906247,0.0,0.015037977230709293,0.01063838808628069,-0.025446640958415936,-0.005420062216286126,-0.007802373027027265,0.016127793246758754,0.0
2023-10-16,0.007286086626474546,0.0,0.024490996172794287,0.0,0.0,0.008510681896768206,-0.005141394458524546,0.0,-0.01652884636643119,0.018927991377707627,0.0071174611259955806,0.01754429313865675,0.0,0.006600677798729651,-0.007970605495196568,0.008368241322527527,0.0,0.0,-0.005540175253055251,0.0,0.01234582401175363,0.0,-0.006688981750297861,-0.06155831148630238,0.0,-0.02083412894626986,-0.010929059852906334,0.0,-0.016127793246758757,-0.0194180678768161
2023-10-17,-0.08125341813227814,0.0,-0.00809720241664192,0.007151480008175428,0.006688981750297954,-0.017094417683034165,-0.007762059601332586,0.0,0.0,-0.006269606921925834,0.007067160673785595,-0.008733671785050415,0.0064308844141964675,-0.006600677798729731,-0.01612860580800746,0.008298794604689132,-0.019802608596683105,0.015209494844409694,0.005540175253055282,0.0,-0.012345824011753648,0.010810905654593712,0.006688981750297954,-0.03226109204305189,-0.005305047197217205,0.0,-0.00550971624431123,-0.007863729088470859,0.0,0.019418067876816054
2023-10-18,0.009794434918951928,0.01892099660399529,-0.008163302695052731,-0.002378120180158848,0.0,0.017094417683034057,-0.010443949408814664,-0.02489752698831648,-0.008368692322749328,0.0,-0.04317213112466823,-0.02666822164632427,-0.006430884414196457,0.013158072193738468,-0.008162913035973956,-0.05085846949196483,0.0,0.05505972416541928,-0.022347277854463853,-0.008368241322527534,0.0,-0.010810905654593765,0.0,0.03226109204305188,-0.016086122327765805,-0.02666822164632427,-0.011111215122715005,0.0,-0.008164915151741624,-0.012903392926887598
2023-10-19,-0.003906251147172869,-0.012201999236007718,-0.008230491061099628,0.008298795073831878,0.0,0.008438961181205244,0.010443949408814641,0.0,-0.02553328840369338,-0.012658384455781838,0.014598785447344208,0.0,-0.00647250851269115,0.006514674949928488,0.02429151884398136,0.008658054700508674,-0.06187540625445534,-0.007168482740163348,-0.017094417102432247,0.008368241322527527,-0.018809313681050734,0.0,0.0,-0.016000454405423647,0.0,0.005390843438307659,0.0055710398696598214,-0.0026350451548230957,0.016261324637133614,0.0
2023-10-20,-0.007858578882325183,0.0,-0.008298794604689418,-0.00236406509629224,-0.006688981750297861,0.04115803210001128,-0.007822718386154682,0.01666703592721698,0.0,0.012658384455781869,0.0,0.0,-0.006514674949928501,0.006472508512691137,0.007970605495196565,-0.008658054700508611,-0.054658426074659,-0.01085000573261631,0.0,0.0,0.006309163024485387,0.0,-0.006688981750297861,0.0,-0.01086966167338712,0.005361938000395123,-0.005571039869659899,0.0026350451548232076,0.008031383761366789,-0.026317283546611645
2023-10-23,0.0,-0.0067189973679875215,0.008298794604689352,0.0,0.0,-0.00809720241664192,-0.021164791166404406,-0.025105997108422158,0.008584121161209796,-0.01904825264330718,0.0,0.0,-0.006557394395008837,0.0,-0.03226212433917805,-0.008733671785050415,0.0,-0.007299295494986557,0.04495141120120763,0.0,-0.0063091630244854185,-0.005449599457101125,0.0,-0.016260637637628177,-0.010989176640116416,-0.010752781438702633,-0.005602250310674478,0.002628119936122682,-0.0242927083985004,-0.006688981750297861
2023-10-24,0.0,0.001122990480926821,0.0,0.001182731148455963,0.0,-0.016393793756152377,0.0026702260059476303,0.01680720250373278,0.0,0.0,0.014388723877542623,0.0,0.0,0.0064308844141964675,0.016259732078206923,0.0,0.04396314718520084,-0.007352967215510279,-0.0055097162443115645,0.03278979077748378,0.012578769946411373,-0.016529351893171625,0.0,0.06351385122887221,0.0,0.016086122327765937,0.022223181677700765,0.0,0.0,0.019934195951972208
2023-10-25,-0.007920825638302495,0.005596006887060624,0.008230491061099654,0.0,0.019934195951972208,-0.025105997108422158,0.013245214201674292,-0.008368241322527534,0.016949167242483645,0.01273908961882172,0.014184621799781118,0.008968661352744326,0.0,0.0,-0.00809681904223284,0.017391726485559075,0.03174866827191619,0.0,0.01098917664011634,0.0,0.006230543734639389,0.032789857004866425,0.0,0.015267575069772839,-0.005540175253055028,0.0,0.0,0.0,-0.016527673814837874,-0.013245214201674278
2023-10-26,-0.003984065041278902,0.004454346091905558,0.0,-0.005927694104133879,-0.013245214201674278,0.041499790864574636,0.00524935095878255,0.0,-0.00843931880087848,0.0,0.007017566200938237,0.0,0.0065573943950087855,0.01273908961882172,0.01612860580800738,-0.017391726485559075,0.030771690651569802,-0.0036968582970643505,-0.027702642073505927,0.008032164006342388,0.0,-0.005390843438307593,0.0,-0.038615861687447,0.011049891497366173,-0.005333340889063155,-0.00550971624431123,0.005235609152348328,0.0,0.0066445364029446095
2023-10-27,-0.0019980483476691635,-0.004454346091905699,0.0,0.004744962955678068,0.0,-0.02469258836084179,0.0026143781296879987,0.0,0.01680801112362776,0.006309163024485387,-0.021202188000719557,0.0,0.006514674949928488,0.006309163024485387,0.007970605495196565,0.0087336717850503,-0.010152361634351051,-0.003710575785625153,0.005602250310674402,0.0,-0.006230543734639407,0.005390843438307659,0.006688981750297954,0.053653838918156324,0.0,-0.010752781438702633,0.005509716244311248,0.015544401325544424,0.0,0.02614525565635826
2023-10-30,-0.00803216400634236,0.0022296000938831022,-0.03333648816952178,0.001182731148455963,-0.013423007444650008,0.008298794604689352,-0.005235609152348099,0.008368241322527527,-0.008368692322749328,0.0,-0.014388723877542694,0.01769956029357998,0.006472508512691137,0.0,0.0,0.0,-0.01025649013484849,0.0,-0.01123606273174864,-0.00803216400634236,-0.006269606921925834,0.0,0.0,0.014815182714059502,-0.016620931367026158,-0.005420062216286015,-0.011049891497366276,-0.012936840350115485,0.0,-0.026145255656358113
2023-10-31,-0.012170523848436116,0.002224745998022385,-0.02575247238354272,-0.0023668628064709386,-0.020478511345710583,0.008230491061099654,0.002621231022659948,-0.01680720250373277,-0.00843931880087848,-0.0063091630244854185,0.007220241137379365,0.042925105349798376,-0.00647250851269115,0.0,0.007904784489391971,0.0,-0.020834128946269747,0.0,0.04420611616796739,0.03174866827191641,0.0,0.0,0.0,-0.014815182714059611,0.0055710398696598214,0.005420062216286035,-0.005571039869659899,-0.007843170127777301,0.0,0.006600677798729651
2023-11-01,-0.014388772710688592,0.005540201451290698,0.042559674887275516,-0.004750598319524675,0.027212537040062754,-0.02489752698831648,0.0,0.008438961181205244,-0.008509848441605228,-0.006349221431296386,-0.007220241137379281,0.0,-0.006514674949928501,-0.0063091630244854185,0.0,-0.008733671785050415,0.0,-0.007462713898624489,-0.01634912206919197,-0.007843170127777188,-0.012658384455781838,-0.016260505111694804,0.0,0.0,0.005540175253055062,-0.01086966167338712,-0.011236062731748753,0.0,0.0,0.032365330459350285
2023-11-02,0.0041322334173704315,0.015351111919943173,0.008298794604689352,0.0,-0.013513706104480588,0.008368241322527527,0.0026143781296879987,0.008368241322527527,0.016949167242483645,0.04362058034428698,0.014388723877542623,0.008368241322527527,0.044735927442049156,0.012578769946411373,0.007842788615304061,0.05129334667232602,0.010471290063899701,0.0037383184454995756,0.0,-0.007905172057463813,0.025158535112346943,0.0,0.0066445364029446095,0.014815182714059502,-0.005540175253055028,0.026955784001153022,0.011236062731748845,-0.0026281199361225405,0.0,-0.019293261114412975
2023-11-03,0.0061665580300596535,0.0021739637016702637,-0.016667035927216904,-0.0011912695047579694,0.013513706104480555,-0.01680720250373277,0.010389694197928954,0.0,-0.00843931880087848,0.0,0.0,0.008298794604689352,0.04879011804678982,0.0,-0.007842788615304106,0.0,-0.010471290063899593,0.0,0.010929059852906027,0.007905172057463819,0.0,0.016260505111694797,-0.006644536402944578,-0.007380961993646705,0.021978951350272665,-0.005333340889063155,0.0055710398696598214,0.00524935095878255,0.0,-0.01307206934493735
2023-11-06,0.014242294732239372,0.004333697115210435,-0.008438961181205271,0.0,0.0,0.025105997108422245,0.007722100118394724,-0.008368241322527534,0.0,-0.012270080925744142,0.05556988107220004,-0.008298794604689418,-0.02409752908021036,0.006230543734639389,0.007842788615304061,0.016529285665789057,0.010471290063899701,0.0,0.010810905654593712,0.01562530335027686,0.0,-0.005390843438307593,0.013245214201674292,0.02197836509479618,0.010810905654593712,0.010638388086280471,0.0,0.0,-0.03390329100236257,0.019544577857628517
2023-11-07,-0.0020221952653827,-0.002164552604771607,0.0,0.0,0.006688981750297954,-0.025105997108422158,-0.0025673929907794484,0.0,0.0,0.012270080925744102,0.0,0.04879011686415906,-0.012270080925744142,0.00619196430619583,0.0,-0.00823049106109974,-0.010471290063899593,0.007434971238750044,-0.027249681751811177,-0.007782133222499723,0.0,0.0,-0.013245214201674278,-0.014597403101149403,0.005361938000394903,-0.005305047197217205,0.016529351893171517,-0.007884396113605627,-0.05310994863412337,-0.026145255656358113
2023-11-08,0.029912517757485522,0.004324430039394852,0.008438961181205244,0.008308730630753653,0.026317283546611638,-0.008510681896768226,-0.005154707127615426,0.008368241322527527,0.0,0.3117796370109471,0.026668221646324243,0.007905172057463819,0.006153859705557772,0.006153859705557772,0.05324450365337419,-0.01666703592721668,-0.010582099318558446,0.0,0.005509716244311468,-0.01574834218524093,0.01234582401175363,-0.027399013566558824,0.0066445364029446095,0.0,0.04189096361241628,0.0,0.021622443112089516,-0.0026420069665181274,0.01801947940132425,-0.006644536402944578
2023-11-09,0.030950216063126795,0.004305707401628905,0.0,-0.020299185399726156,0.0,-0.008583735786265919,-0.010389694197929029,-0.008368241322527534,0.00843931880087858,0.03509128677913902,-0.006600677798729731,0.01562530335027686,-0.006153859705557642,0.0,-0.022474341454899557,0.008368241322527527,-0.01069527888945819,-0.018692114685078302,-0.027856994098775387,0.015748342185240974,0.006116221220186421,-0.005571039869659899,0.0,-0.014815182714059611,0.0,0.010582099318558432,0.01063838808628069,-0.007968162080333081,0.0,0.0066445364029446095
2023-11-10,-0.003816794879762787,-0.002150587641078979,0.01666703592721698,-0.0024155443043865437,-0.019672747143667034,0.017094417683034057,0.010389694197928954,-0.034191433564748075,0.0,-0.008658054700508611,-0.01333351815324252,-0.007782133222499723,-0.018692114962761117,0.006116221220186421,0.015039731419189498,0.0,0.010695278889458152,0.0,-0.011363747874334036,-0.023716504265574045,0.006079040349402274,0.027549991219932724,0.0,0.0,-0.03125257552613559,0.00524935095878255,-0.010638388086280572,0.0,0.0,-0.006644536402944578
2023-11-14,-0.005752692816170016,-0.010822658012053506,-0.008298794604689418,0.0024155443043866495,0.0,-0.017094417683034165,-0.010389694197929029,0.025752472383542852,0.0,0.0672522632481174,0.006688981750297954,-0.007843170127777188,0.01250015065656515,0.006079040349402274,-0.007490297736859663,0.07232059227190009,-0.01069527888945819,-0.0037807190911865116,-0.017291480476206843,0.007968162080333152,-0.024541085581342225,-0.021978951350272766,0.006600677798729651,0.02941258581520894,-0.01600032608667548,0.020726172446011965,0.0367495691538919,0.0026631148831157895,-0.00896778324822058,0.0066445364029446095
2023-11-15,-0.0038535657754703747,0.00108757261549082,0.008298794604689352,0.014371491295592224,-0.006644536402944578,0.025533378864239318,0.02577465959527068,-0.008510681896768226,0.01666667434175323,0.0,-0.020202687854778488,0.007843170127777039,-0.006230543734639407,0.006042308797982336,0.029630334394832272,0.04546242130868971,-0.02173996550750004,0.003780719091186531,0.017291480476206718,0.015748342185240974,-0.006230543734639407,0.011049891497366392,-0.006600677798729731,-0.021978365094796153,0.0,0.005115095676324177,-0.005168026830771852,0.010582099318558432,0.00896778324822052,0.006600677798729651
2023-11-16,-0.005808289938536708,0.005420088201389766,0.0,0.0,-0.006688981750297861,-0.01694964307797349,0.0,0.008510681896768206,-0.008297982019003893,-0.008163302695052731,0.0,0.0,-0.01257876994641129,0.0,-0.014705426622262497,-0.007434971238749889,-0.011049891497366387,0.011257143446328352,0.0056980156960335475,0.015504172207925323,-0.01257876994641129,-0.011049891497366387,0.0,0.0,0.010695278889458152,0.015190150823567363,-0.015666102115498112,0.02853634176486314,0.01770043839810373,-0.01993419595197219
2023-11-17,-0.0058423164939181696,0.0,-0.008298794604689418,0.016509793645180515,0.006688981750297954,0.008510681896768206,0.0,-0.008510681896768226,0.01652884636643117,-0.008230491061099628,0.013513706104480555,-0.007843170127777188,0.012578769946411373,0.006006018469991941,0.007379744264090701,0.05092004184508653,0.011049891497366392,0.007434971238750044,-0.005698015696033632,-0.007722038985425443,0.0,0.0,0.0,0.007380961993646826,0.010582099318558432,0.01000007379760166,0.0,0.015228705956849267,0.0,0.0
2023-11-20,0.015504172207925323,-0.004333697115210327,0.008298794604689352,0.0,-0.013423007444650008,0.0,-0.005102046918878094,0.06613983918432709,0.016260152085540377,0.008230491061099654,-0.006734025694352127,-0.015873334137796888,-0.006269606921925834,0.0,0.014598089137774667,-0.014285943866159048,-0.011049891497366387,-0.011173289684249603,-0.017291480476206843,0.0,0.006309163024485387,0.005540175253055282,0.006600677798729651,0.04317099781468225,0.00524935095878277,0.0,0.01047129006389992,0.01251579598057542,0.0,0.0
2023-11-21,-0.009661855714007139,0.005414218966225243,0.008230491061099654,-0.011764830689502417,0.006734025694352132,0.008438961181205244,0.005102046918878188,-0.04082195478382607,0.0,-0.01652928566578902,0.006734025694352132,-0.00803216400634236,0.01250015065656515,0.005970161462833876,-0.014598089137774667,0.01428594386615902,0.011049891497366392,-0.015094611283339871,0.011560811248108576,0.007722038985425549,0.006269606921925908,0.005509716244311248,-0.006600677798729731,0.02090751099708042,0.0,-0.015037862986818345,0.0,-0.022642455018546188,0.0,0.03300626529690952
2023-11-22,0.0019398167285816883,-0.0032450744557864872,0.008163302695052716,0.0,0.006688981750297954,0.01666703592721698,0.002541294965066292,0.0,-0.008096409485392041,-0.025317884400500992,-0.02721253704006281,-0.02449099617279426,0.024541085581342322,0.0,0.014598089137774667,-0.043485070606336544,0.03243524439695832,0.01883292972883958,-0.017391725884585017,-0.007722038985425443,0.024692588966579433,0.010929059852906247,0.013158072193738468,0.1292112409515073,-0.005249350958782723,-0.020408851769199408,-0.005221939105117153,0.012642381220944496,0.0,-0.026317283546611645
2023-11-23,-0.003883496430665945,0.003245074455786388,-0.008163302695052731,0.0,-0.006688981750297861,-0.008298794604689418,0.015113623287089218,0.016529285665789057,0.0,-0.017241790486774565,-0.027973908600493886,-0.008298794604689418,0.018018488730808087,0.005934800599554714,-0.021977833401865397,0.0,-0.032435244396958315,0.0037243954531247596,0.0058309146364764605,0.007722038985425549,0.006079040349402274,-0.005449599457101125,0.0,0.05310957878535938,-0.005277052121341222,0.01025649013484875,0.005221939105117212,-0.038417040816214984,0.0,0.0066445364029446095
2023-11-24,0.0,0.006458522577968432,0.0,-0.007125999482297818,-0.006734025694352127,-0.008368241322527534,0.009950321410848074,0.0,0.0,-0.008733671785050415,0.0,0.0,0.0,0.005899716318173401,0.014705426622262418,-0.007434971238749889,-0.011049891497366387,0.0,0.0057971120756082056,-0.007722038985425443,-0.006079040349402174,-0.016529351893171625,0.006514674949928488,-0.029156164209170058,-0.021391169524983083,0.005089064567689096,-0.010471290063899817,-0.007863729088470859,0.0,-0.006644536402944578
2023-11-27,-0.007812532460724839,-0.0032240472338101113,-0.008230491061099628,-0.01682721896802165,0.0,0.024897526988316567,0.0024722456827359573,-0.008230491061099628,-0.008163742600148285,0.017391726485559075,-0.014285943866159048,0.0,0.005934800599554714,0.0058651137113246805,0.0,0.07197351445211475,-0.02247283477970896,-0.007462713898624489,-0.047346146071945816,-0.007782133222499723,-0.012270080925744142,0.0,-0.006514674949928501,-0.03614877764110737,0.010752781438702515,-0.005089064567689072,0.00524935095878277,-0.013245214201674278,-0.01770043839810363,-0.013423007444650008
2023-11-28,-0.0019626604903780205,0.004296457962474048,0.008230491061099654,0.019208255494641384,0.0,0.0,0.0,-0.016667035927216904,0.008163742600148278,0.017094417683034057,0.0422598524666528,0.03278979077748378,0.07410796711529048,0.0,0.0,-0.006968745732304421,0.0,0.011173289684249525,0.05884051447254449,0.015504172207925323,-0.012422508040835292,0.0,0.0,-0.006153239234069941,-0.04372283487492111,-0.005115095676324061,-0.005249350958782723,-0.01884306966093601,0.0,0.006734025694352132
2023-11-29,-0.011857834717357081,0.001071261895803416,0.06351334559153633,-0.0059631268498783335,0.0,0.02429266911803713,0.0,0.0,0.008096409485392059,-0.03448614416859313,-0.020906747926708304,0.008032164006342388,0.010929059852906247,0.0,0.007272406779602823,0.0,0.011299544599374666,0.0,-0.034887225142181386,0.037740382323264515,0.018576367746392982,-0.005571039869659899,0.0,-0.006192688794644385,0.01662093136702617,0.01020416024401317,-0.010582099318558446,-0.008185576598920058,0.0,0.0
2023-11-30,0.01382049520773499,0.0,0.030305411084514445,0.01543064437291178,-0.006779680410128465,-0.01612936642298425,-0.02247289331401162,0.0,-0.024491016432967663,-0.035718048379316844,0.007017566200938237,0.0,-0.021978951350272655,0.0058309146364764605,0.0,-0.01408472687472389,-0.011299544599374644,0.01834912100756125,0.0,-0.007434971238749889,-0.006153859705557642,0.005571039869660042,0.006514674949928488,0.0184628642678128,0.010929059852906247,0.005063297066661731,0.0,0.0,0.0,0.006688981750297954
2023-12-01,0.0,-0.0064447505543316925,0.007434971238750044,-0.028675773017674825,0.006779680410128444,-0.008163302695052731,0.024938924620469118,0.0,0.0,0.009049826732992556,0.0,0.007968162080333152,0.011049891497366173,-0.005830914636476495,-0.007272406779602811,-0.014285943866159048,-0.058496221370595784,-0.007299295494986557,0.005899716318173401,0.0,0.0,-0.005571039869659899,0.0,0.024097639404663543,0.0,-0.0412429807154693,0.010582099318558432,0.008185576598920183,0.01770043839810373,0.06453853603873219
2023-12-04,0.007812532460724927,-0.025096739235942668,0.0,0.0,0.0,0.01626050511169458,0.0,0.0,0.0,0.026668221646324243,0.020762054256274573,-0.01600032608667548,-0.00550971624431123,-0.060259204941203355,0.0,-0.044124762350312846,0.011976179932825813,0.0036563076970486893,-0.017804678380562083,0.007434971238750044,-0.006191964306195913,0.0,-0.006514674949928501,-0.005970786246573725,-0.005449599457101125,0.01047129006389992,0.0,-0.008185576598920058,0.0,0.03681393811396401
2023-12-05,0.0019436797020841912,0.013172515800813715,-0.014925635610135437,0.015634699352931426,-0.013605638815206152,0.0,-0.004938276989193394,0.008368241322527527,0.008230864347427294,0.034486144168593025,0.0,-0.00809720241664192,0.048527059959828006,0.00619196430619583,0.0,0.0,0.0,-0.029631768819758736,0.02366979209188704,-0.014925635610135437,0.00619196430619583,0.005571039869660042,0.0,-0.018126853158089862,-0.005479460395805272,-0.005221939105117265,0.01566610211549823,-0.005494513919280797,0.0,0.0
2023-12-06,0.0,-0.005467503050429968,0.014925635610135518,0.0059488519510902255,-0.006872872530504391,-0.00809720241664192,0.0,0.008298794604689352,0.0,-0.04329676552219957,0.0,-0.016393793756152377,0.02083412894626995,-0.006191964306195913,0.0,0.0,0.0,-0.007547198166129499,-0.011764830029498184,0.007490664371385532,-0.012422508040835292,-0.005571039869659899,0.0,0.0060784268258196805,-0.03352272627707541,0.020726172446011965,0.04061474158678939,-0.022285089747890917,0.0,-0.018237570367571024
2023-12-07,0.003875970083794454,0.005467503050429894,-0.007434971238749889,-0.021583551304021554,0.0,-0.016393793756152377,0.0,-0.008298794604689418,0.008163742600148278,-0.008888938939973515,0.006825958405077651,0.0,-0.020834128946269972,0.042559574312150454,0.014492307276145658,0.029631768819758722,-0.04879011804678975,0.0,-0.01190496206238883,-0.015037862537514927,0.006230543734639389,-0.005602250310674367,0.0,-0.06252075199805708,0.011299544599374666,-0.005141394458524546,-0.010000073797601792,-0.028573345190656557,-0.008812362021746172,0.006116221220186421
2023-12-08,0.007707159809764324,0.007604566294507403,0.007434971238750044,0.0,0.0,0.008230491061099654,-0.00496278464445737,0.0,-0.008163742600148285,-0.008968661352744359,-0.020619266929047586,0.024490996172794287,-0.03208828386261036,-0.04879011804678987,0.04913281861613963,0.021661476270717614,0.012422508040835311,0.0,-0.0060060184699918355,0.00754719816612951,0.00619196430619583,0.0,0.0,0.012820786870636402,0.005602250310674402,0.01025649013484875,0.01000007379760166,0.0,0.008812362021746192,0.024097529080210435
2023-12-11,0.04869871499054955,-0.0043383975598869666,-0.014925635610135437,0.023953218450319436,0.0068728725305045495,-0.02489752698831648,0.004962784644457254,0.0,0.008163742600148278,0.102654156679492,-0.006968745732304421,0.008032164006342388,-0.005449599457101125,-0.01257876994641129,0.03367390257809506,-0.021661476270717493,-0.02500127798724679,-0.007604682801389022,0.006006018469991941,0.0,0.012270080925744102,-0.005633812421074309,0.0,0.03750460206250261,-0.028330479834180973,0.0,0.0,0.014388723630732752,-0.01770043839810363,0.005934800599554714
2023-12-12,0.0,0.0,-0.007547198166129499,0.005899716650116809,-0.013793308523969885,0.008368241322527527,-0.00496278464445737,0.0,-0.008163742600148285,-0.008163302695052731,0.0069687457323044065,0.0,-0.005479460395805272,-0.3176629525573772,0.006600431804543211,0.06362571852771153,0.025001277987246766,-0.003824092951833983,-0.01812736761737642,0.007490664371385532,0.0,0.0,0.0,0.0,0.028330479834181008,0.0,-0.004987536766390735,-0.02898750882400805,0.026433254985693412,-0.005934800599554761
2023-12-13,-0.01845069086808564,0.0,0.02247283377626483,0.0,0.006920435993465473,0.0,-0.004987536766390735,-0.008368241322527534,-0.008230864347427274,-0.008230491061099628,0.013793308523969955,0.0,0.010929059852906247,-0.11020314717848592,-0.00660043180454316,-0.013793308523969885,-0.02500127798724679,0.015209494844409694,0.012121349147384488,0.04380258071909079,0.006079040349402274,0.005633812421074211,0.0,-0.012345928028714474,-0.005602250310674478,0.020202687854778384,0.03440139446747577,0.0,-0.01754517860933595,-0.011976179932825855
2023-12-14,0.0037174729405287568,0.0010863910861795,-0.007434971238749889,0.011696029000108544,0.020478511345710722,0.016529285665789057,0.014888598400041446,0.0,0.024491016432967725,-0.025105997108422158,-0.013793308523969998,0.0,-0.010929059852906334,-0.039609100685049775,0.019674118456405053,0.0,0.049392708060375407,-0.011385401892575567,0.017910980532380612,0.021202188000719626,0.018018488730808087,0.0,0.032157157495637884,-0.012500181196816831,-0.005633812421074309,0.0,0.028573458422041637,0.0,0.017545178609336038,0.011976179932825813
2023-12-15,0.001853611080720024,0.010799281951462283,0.0,0.01729148142671168,0.0,0.0,-0.002466031306457394,0.008368241322527527,-0.01626015208554028,0.025105997108422245,0.013793308523969955,-0.00803216400634236,-0.016620931367026158,0.01005032622042762,-0.026318336046479176,-0.0139863119332428,-0.036813938113963884,0.01138540189257555,0.005899716318173401,0.0069687457323044065,0.005934800599554714,0.0,-0.006349221431296386,-0.012658492836971364,0.005633812421074211,0.02469258933002205,0.018605169261405086,0.008784820969229577,0.0,-0.005970161462834003
2023-12-18,0.0,-0.002150587641078979,-0.015037862537514927,0.0011422852025167298,0.0,0.0,0.002466031306457443,0.0,0.0,-0.008298794604689418,0.006825958405077651,0.0,0.0055710398696598214,-0.010050326220427584,0.013244649394617189,0.020906747926708276,-0.02531785956523314,0.011257143446328352,-0.005899716318173342,0.0,-0.01190496206238883,-0.005633812421074309,-0.012820752601721806,0.018928757876480493,-0.01699756029540832,0.0048661851346001326,0.022780006060810876,-0.008784820969229647,0.017242645684234982,0.029500706728363458
2023-12-19,0.06627310598351392,-0.004314997195172939,0.02247283377626483,0.004555730803151185,0.006734025694352132,-0.01652928566578902,0.002460082111813219,0.09531017980432493,0.008163742600148278,0.03278979077748378,-0.02758801266135205,-0.00809720241664192,0.0,-0.010152361634351051,0.0,-0.027973908600493886,0.03774036760606856,0.0,0.017595744665974633,-0.006968745732304421,0.005970161462833876,-0.017094417102432247,-0.00647250851269115,0.0,0.011363747874334085,-0.009756165867938848,0.04405994813188323,0.026126279275566988,-0.017242645684235076,0.0057971120756082056
2023-12-20,-0.001734562770149022,-0.005420088201389771,-0.03774038232326442,0.01129954520820603,0.013333518153242435,0.008298794604689352,-0.009876613611529755,0.0,-0.008163742600148285,-0.032789790777483716,0.020762054256274573,-0.008163302695052731,0.0,0.0,-0.00660043180454316,0.007067160673785595,-0.0377403676060685,0.007434971238750044,-0.011696028347801235,0.0,0.005934800599554714,0.0057306692280980846,0.0,0.0,-0.02865522835054086,0.0,0.07472357497059295,0.011396123893397454,0.008657214247105596,0.039665218876341404
2023-12-21,0.0,-0.003266168734620343,0.007662865745610478,0.011173370248499126,0.0,0.0,-0.00497512962397467,0.00754719816612951,0.0,-0.04255967488727559,0.020339664509558174,0.008163302695052716,0.0,0.040005296451461635,0.0,0.0,0.025317859565233237,0.029199126740177498,0.005865113711324902,0.0,-0.01190496206238883,0.0056980156960335475,-0.006514674949928501,-0.018928757876480476,0.0,0.004889980733338628,0.06952608755801372,0.005649727214967146,0.0,0.005540175253055062
2023-12-22,-0.0017376596349698245,0.0032661687346203926,0.007604682801388995,0.0033277869243214537,0.006600677798729651,0.016393793756152287,0.004975129623974797,0.007490664371385532,0.0,0.0,0.0330062652969093,0.0,0.005540175253055062,-0.019802608596683105,0.026146309593661196,0.03460557886229043,0.024692588966579433,0.007168482740163504,0.0,0.0,0.005970161462833876,-0.005698015696033632,-0.006557394395008837,0.018928757876480493,-0.005830914636476495,-0.004889980733338691,-0.030305411084514525,0.04677608592068539,0.0,0.027249681751811156
2023-12-26,0.0,-0.0010875726154907655,-0.007604682801389022,-0.0066666850002898535,0.0,0.0,-0.0074720669003248376,0.007434971238750044,0.016260152085540377,0.12260230614460092,-0.013072069344937237,0.0,0.027249681751811156,-0.010050326220427584,-0.019545877789117937,-0.020619266929047586,0.012121349147384488,0.0,0.0058309146364764605,0.0,0.005934800599554714,-0.017291480476206843,0.0,-0.018928757876480476,-0.023669792091886934,-0.009852287185835272,-0.01160553541609122,0.008032164006342388,0.0,0.04725290161281101
2023-12-27,0.0,0.00108757261549082,0.0,0.0033388980759683543,-0.006600677798729731,0.0,0.004987536766390722,-0.022472833776264838,0.0,0.0,0.013072069344937223,0.0,-0.010810905654593765,-0.010152361634351051,-0.013244649394617157,0.054067168985500444,-0.024391430073128578,0.0071174611259955806,0.017291480476206718,0.0,0.005899716318173401,0.0,0.0,0.03750460206250261,0.035297818803971585,0.0,-0.01568658150052533,-0.024292669118037218,0.0,0.01020416024401339
2023-12-28,0.0034722224051189896,0.0,0.0,-0.00780825506803123,0.006600677798729651,0.01612936642298423,0.004962784644457254,-0.007604682801389022,0.008032599697323301,-0.015504172207925167,-0.006514674949928389,0.0,0.0,0.0202026878547786,-0.006688658658167797,-0.013245214201674278,-0.012422508040835292,-0.0035523982947536976,0.0056980156960335475,0.013889181725769988,0.0,0.0,0.0065573943950087855,0.0,-0.023392856741582885,0.0049382769891932795,0.13303724699232483,-0.050430871597012435,0.0,0.0
2023-12-29,-0.001734562770149022,0.0010863910861795,-0.0076628657456105625,-0.0033651151804679055,0.019544577857628517,-0.00803216400634236,-0.007453384134497951,0.0447836497872773,-0.008032599697323202,0.13157640626852452,0.012987183462619612,-0.008163302695052731,-0.005449599457101125,-0.010050326220427584,0.01333287624824167,-0.02702864625985619,0.024692588966579433,-0.007142880821977287,-0.005698015696033632,-0.0069204359934654305,-0.023810696850553942,-0.029500706728363503,0.0,-0.01857584418602214,0.01176483002949803,0.014670176064580797,-0.0034662045390789404,0.014265563573054679,0.0,0.03491623188377238
2024-01-02,0.0,-0.002173963701670247,0.0,0.0033651151804679046,0.01916997403301824,0.01600032608667546,0.004975129623974797,-0.04478364978727719,0.03174911290358899,0.21489035181591234,-0.019544577857628528,0.0,0.01086966167338728,-0.010152361634351051,0.019674118456405053,0.03367318266280076,-0.012270080925744142,0.069231808431617,0.0056980156960335475,-0.0139863119332428,-0.012121349147384575,0.005970161462833876,-0.006557394395008837,0.0,-0.005865113711324816,0.04276193147194801,0.0800426312573253,0.005649727214967146,0.02553332143586322,0.10241501990776829
2024-01-03,0.003466204539078954,0.0032591758229586956,-0.007722038985425443,0.0011192733177331543,0.0,0.007905172057463819,0.01965663297318382,0.007604682801388995,0.023167046484730572,0.01098917664011634,0.03871455189064657,0.02429266911803713,0.04233432376182237,-0.02061932901721874,0.03821933324013416,-0.020067543847594634,0.012270080925744102,0.036128690135271264,0.04445178612998184,0.007017566200938237,0.006079040349402274,0.0,0.0,0.0307712072509402,-0.005899716318173342,-0.009345853047052773,0.0,-0.022792987851500978,0.008369969566499463,0.00881062135360639
2024-01-04,-0.0017316417689299127,-0.001085212121288378,-0.007782133222499723,0.01773880745694548,-0.006349221431296386,0.007843170127777039,0.0,0.00754719816612951,0.030077836423977773,-0.016529351893171514,0.03727135891299075,0.007968162080333152,-0.010416751156715455,-0.021053389382458043,0.01857767342795905,-0.041385259272418894,0.024097529080210216,-0.016260505742097555,0.021506184544051815,0.013889181725769988,0.006042308797982336,0.0,0.025975462271824908,0.05310957878535938,0.02339285674158273,0.03687049934127202,0.015898646815070822,0.0,0.0,-0.0176995602935799
2024-01-05,0.0017316417689299593,0.011872741544193478,0.0,0.012015425479331474,0.0,-0.007843170127777188,0.02403959576192946,0.007490664371385532,0.021978951350272665,0.016529351893171517,0.024097529080210435,0.0,0.010416751156715365,0.0,0.12660542883421058,0.0,0.0,0.022691390156293966,0.005305047197217218,0.013698830935582138,0.023810696850554036,0.011834516917728159,0.05608948888121459,-0.03509036620651551,-0.01749314042340947,0.004514675980943573,-0.028802039741958597,-0.005780357339155479,0.10285661853379825,0.01769956029357998
2024-01-08,0.0017285660131724798,0.0,-0.007843170127777188,-0.012015425479331548,0.018927991377707627,-0.015873334137796888,0.0023724215749720582,-0.00749066437138548,0.007219533444620866,-0.07368771119292236,-0.005970161462834003,0.07637299687188454,0.11258828569295612,0.010582099318558432,-0.02185966291817398,0.020906747926708276,0.03509135651363814,0.015898646815070604,0.0,0.006779680410128444,0.011696028347801337,-0.011834516917728187,0.0,0.02932724710011472,0.06820825079711706,0.05690807880250251,0.11633902788004816,0.02008673932676642,-0.022814673112248374,-0.04485052299443612
2024-01-09,-0.0017285660131723451,0.002143672624467393,-0.007905172057463813,0.0163491227064854,0.024692588966579433,0.007968162080333152,-0.00952387286095172,0.014925635610135518,0.04225979864354812,0.0,-0.0060060184699918355,-0.01481507139420387,-0.03774040439905837,-0.021277378208016652,0.016439806884375244,0.0,0.011428684924131866,-0.0031595571962489775,-0.010638388086280346,0.013423007444649979,0.017291480476206718,0.0,-0.01834912127514634,0.045205745875628714,0.016349122069192402,-0.017167787811240575,0.0,-0.02008673932676646,0.03774104884271875,-0.04695705039012267
2024-01-10,0.0,0.0,0.0,0.0010804961317030127,0.0,0.0,-0.007202848246638382,-0.007434971238749889,-0.02090667960860769,0.028987508824008093,0.0,0.0,0.0,-0.010810905654593765,0.021505151041902336,-0.013889181725769854,-0.022989496172240394,0.009448879973770242,-0.0053619380003950825,-0.013423007444650008,-0.005730669228098182,-0.018018488730808017,-0.025001277987246565,0.043249114461208944,-0.01086966167338712,-0.01307206934493735,0.039665218876341404,0.0,-0.007436439444925409,0.04695705039012259
2024-01-11,0.0,-0.004291847909449223,0.007905172057463819,0.0,0.012121349147384488,-0.007968162080333081,0.0072028482466383326,0.022141104448373364,-0.01418431208331913,-0.023122395112683155,0.017910980532380612,0.0,-0.004819282006023266,-0.04445178612998174,-0.005333030878662104,-0.028370670740882994,-0.035506725198355425,-0.00944887997377034,0.01600032608667546,0.026668221646324243,0.022728229523506394,0.0,-0.01916997403301815,-0.0053045132085467244,0.0,0.013072069344937442,-0.25131441881985117,0.002894355230134138,0.043802709396620655,-0.02790887272121242
2024-01-12,0.0,0.005361963431161173,0.031010208081312964,0.01925191382543187,-0.018237570367571024,0.015873334137796822,0.002389542121131396,0.021661476270717614,0.007117844147809903,0.02312239511268329,0.0,-0.030305411084514525,-0.019512796067434328,-0.011428684924131786,-0.010752264129441559,0.007168482740163504,0.0,-0.01594936230053437,0.010526403080123732,-0.006600677798729731,0.0,-0.006079040349402174,-0.012987183462619664,-0.03243550700914149,-0.06199168284512107,0.01716778781124057,-0.021661476270717493,0.01434743466598412,0.08223819234969663,0.02790887272121241
2024-01-15,0.0,-0.004287247738910488,0.015151880967518554,0.006335812706621977,0.012195261569588601,-0.007905172057463813,0.009501249976804536,0.014184621799781118,0.027973147544117078,-0.017291480476206843,0.005899716318173401,0.007662865745610478,-0.024938924620469025,-0.011560811248108578,-0.0054198560337986165,0.0,0.011976179932825813,0.028528132246945757,0.05599427738796235,0.0,0.022223181677700765,-0.030962195888505375,0.006514674949928488,0.032435507009141586,0.04546233095194954,0.02105348951614831,0.01449299353055419,0.02253614383116393,-0.013243920152611829,-0.009216645991064273
2024-01-16,0.0017285660131724798,-0.0010747156922506552,0.0,-0.002107404984568386,0.029853005648536365,0.007905172057463819,0.00471698536904043,-0.014184621799781234,0.006873245024531769,0.07825218795681593,0.0,-0.023167037953535786,0.0,0.022989496172240335,0.0,0.0071174611259955806,-0.0363676100059544,-0.0031298899726409455,0.00985228718583532,-0.01333351815324252,-0.011049891497366276,-0.038466320520123144,0.006472508512691137,-0.04348542370708293,-0.016807102601408698,-0.008368241322527647,-0.014492993530554128,0.002781640379193226,-0.0202026878547786,-0.03774040439905837
2024-01-17,-0.0017285660131723451,0.004291847909449239,0.0,0.017773507685221956,-0.017804678380562083,-0.007905172057463813,-0.0047169853690404535,0.021202188000719626,0.0,0.2079753054920499,-0.005899716318173342,-0.01574834218524093,0.01503786298681836,-0.022989496172240394,0.005419856033798711,0.007067160673785595,-0.012422508040835292,-0.0614086460660913,-0.004914010196641963,0.019934195951972208,-0.005571039869659899,-0.019802608596683105,-0.046212799503952774,0.021979065991234868,0.0,-0.01694964307797349,-0.014706133209623379,0.01379337475135257,0.013512386000747063,-0.02927035506265089
2024-01-18,0.0,-0.0010712618958034863,0.0,0.010309433895993458,0.029500706728363458,-0.01600032608667548,0.0023612176950147377,-0.01408472687472389,-0.01379300318619048,0.0957070930464064,-0.005934800599554761,0.023530475407740694,-0.004987536766390735,0.0,-0.02185966291817398,-0.028573345677323933,-0.02531785956523314,-0.02702864625985619,0.038652118810368695,-0.006600677798729731,-0.011236062731748753,-0.006688981750297861,-0.03436769307148057,0.010810993171525857,-0.02285811627493258,-0.0042826578564018674,-0.014925635610135437,0.008185576598920183,-0.05518510440042376,-0.030153009265626442
2024-01-19,0.0,0.0,0.007490664371385532,0.001025114438119951,0.07825218795681593,0.01600032608667546,-0.004728136931999001,-0.014285943866159048,0.027398344915892246,-0.05296548411810963,0.005934800599554714,0.015384904731036134,0.0629748528895175,-0.059898155271483906,0.005511280817858295,0.007220241137379365,0.01273908961882172,0.043557932577061545,0.03721367218611703,0.03896600825807992,0.04420611616796739,-0.006734025694352127,0.0,-0.010810993171525833,-0.005797112075608216,0.046129827922691984,-0.07816478960961253,-0.021978951350272766,0.014083351086339882,0.015190150823567363
2024-01-22,0.0,0.0,0.007434971238750044,0.0,0.0,-0.01600032608667548,0.011778744443373698,0.06947238950671555,0.0,0.01659787498817786,0.0,0.03745761673310777,0.0046838446049385874,0.0,0.0,0.01428594386615902,-0.025642482545709326,0.013029488147417018,-0.01843368345995696,-0.006389868187525432,-0.005420062216286126,-0.006779680410128465,0.013889181725769988,0.021506357715848076,0.011560811248108576,0.02429266911803713,0.16454940442657826,-0.00557103986966001,-0.03558953563039176,-0.015190150823567276
2024-01-23,0.0,-0.0010724107286638914,0.00738010015545396,-0.001025114438119963,0.0,0.01600032608667546,-0.004694839837349066,-0.006734025694352127,0.006734330177688876,-0.07252647576015973,0.005899716318173401,-0.022305735765589314,-0.023641853144997563,0.0,-0.005511280817858403,0.0484524199462045,0.038221252492120855,0.006451629327164354,-0.01405185179416107,0.0063898681875254795,-0.010929059852906334,0.09097176762815021,-0.020906747926708304,0.005304513208546669,-0.023256839595909927,-0.01612936642298425,0.013698830935582138,0.0,0.06995791884240256,0.005089064567689317
2024-01-24,0.0,-0.0021481752849818064,0.007326033054169503,0.0071538305585329125,0.0,-0.007968162080333081,0.0,0.020067543847594575,0.0330060447601229,0.004415014026497735,-0.005899716318173342,0.0,0.028303861587111727,0.0,0.010990529861066493,0.006734025694352132,0.024692588966579433,0.044032303881749744,0.01869222673014823,0.012658384455781869,0.010929059852906247,-0.031548403299872546,0.0,0.005277669961610048,-0.011834516917728074,0.055350042896483514,0.03344790205645282,-0.008415189046158922,-0.006779015898673796,0.03491623188377238
2024-01-26,-0.0034662045390789404,0.002148175284981716,-0.014706133209623379,0.005078726282276886,0.01600032608667546,0.007968162080333152,0.007034075678021245,0.05789399963578768,0.006472742986039472,0.030371069598933553,0.0,0.036904521212933625,-0.004662008442114028,0.07145896651959255,0.0,0.08365002582986551,-0.024692588966579474,0.0,0.004618941278365039,0.02484597466831889,0.0,0.01904825264330729,-0.014184621799781234,0.0,0.0,-0.01160553541609122,0.0065573943950087855,0.002812938735484649,0.0,0.019418067876815836
2024-01-29,-0.02460587090178214,-0.007539044428983158,-0.014925635610135437,-0.0010137564165436375,-0.005305047197217205,0.0,0.0023336654335107585,0.03077162931598164,-0.012986837371063294,-0.034786083625431376,0.01176483002949825,0.0,0.009302383378101268,0.022728229523506394,-0.005479249043208133,0.0,0.06062463496451775,-0.0030816635939688655,0.013730179327818448,-0.01857636774639301,0.0,-0.0649579108671041,0.0071174611259955806,0.0,0.017699630629052835,0.041910946500605784,0.006514674949928268,-0.011299544599374644,-0.02061932901721874,-0.019418067876815874
2024-01-30,0.003552398294753631,0.008611455157647016,-0.007547198166129499,0.005058247510509261,0.010582099318558432,0.007905172057463819,-0.007017510038449247,0.012048327267974135,0.012986837371063206,0.004415014026497735,0.0,0.0,0.01834912060618362,-0.011299544599374644,-0.005511280817858403,-0.018692114962761117,0.12169688457653362,-0.025001277987246565,-0.00455581208221365,0.012422508040835311,-0.010929059852906334,-0.006734025694352127,-0.014285943866159048,-0.026667911480883037,0.0058309146364764605,0.007434971238750044,0.044451796226760244,0.002836878648922792,0.0,0.0
2024-01-31,0.0,-0.008611455157647063,-0.007604682801389022,-0.00202027313095977,-0.005277052121341222,-0.007905172057463813,-0.00470599874710827,0.017804678380562166,-0.019544584688377643,-0.013303952966471248,0.0058309146364764605,-0.01459878544734433,-0.013730179327818306,-0.046520041437769985,-0.02801160009042303,0.01250015065656515,0.02061932901721869,0.025001277987246547,-0.013793308523969885,-0.006191964306195913,-0.016620931367026158,0.013423007444649979,0.007168482740163504,0.0,-0.02353054526552943,-0.007434971238749889,0.06609011957767977,-0.02292361797568932,0.0,-0.029852934817110672
2024-02-02,-0.03243524509376189,0.0032379664991188024,-0.0076628657456105625,-0.005068357472040357,-0.021391169524983083,0.0,0.0,-0.005899716318173342,-0.013244861279368756,-0.004474276099262872,-0.011696028347801235,0.02898750932488704,0.02727439131429241,0.011834516917728159,0.02247174691881895,-0.031548403299872435,0.04976146231940084,0.006153859705557772,0.0,0.0,0.01662093136702617,0.013245214201674292,0.014184621799781118,-0.005420629405121666,0.0,-0.011257143446328369,-0.059898155271483906,0.025752471505066855,0.0,0.0
2024-02-05,-0.02974194019765308,0.0,0.0,-0.005094249695636398,0.005390843438307659,-0.007968162080333081,-0.004728136931999001,0.09045708918448282,-0.013423671956104772,-0.018100024068687628,0.0,0.014184621799781118,-0.041195715970758905,0.0,0.016530383032670567,0.02531785956523302,0.056618952398999514,-0.027995580496555317,0.004618941278365039,0.0,0.0,0.013072069344937223,0.027779620457212616,0.047754201324842566,0.023530545265529484,0.0037664790749428476,0.006153859705557772,0.03606496648531779,-0.006970038296118221,-0.005063297066661577
2024-02-06,0.05327245791780347,0.0032276183371330344,0.0,0.007124632788127261,0.0,0.0,0.011778744443373698,-0.03857230374689307,0.01342367195610467,0.0,0.0,-0.014184621799781234,-0.004683844604938501,-0.03593204599793834,0.07878062913021056,0.04879011804678982,0.009132474615119254,-0.0031595571962489775,0.0,0.00619196430619583,-0.00550971624431123,0.0,0.01360563881520608,0.010309445527913168,0.0,0.0,0.006116221220186421,0.029532319207632753,0.013889796457777175,0.04467239775171133
2024-02-07,0.010676247573951962,0.00962051233348552,0.015267548546999675,0.0040486572569113245,0.0,-0.01612936642298425,0.004672901274182882,-0.02849192869600684,-0.013423671956104772,0.009090962834262329,0.005865113711324902,0.014184621799781118,0.0,-0.024692588966579474,0.0050374922398348145,-0.02409752908021036,-0.037041347336331645,-0.01916997403301815,-0.013921324656466415,-0.018692114962761117,-0.01671346543338953,-0.006514674949928389,-0.013605638815206152,0.02030541332381494,-0.011696028347801235,-0.003766479074942861,0.006079040349402274,0.015748342185240974,0.0068722039836060424,-0.039609100685049775
2024-02-08,-0.025090897333365454,0.006362738402165053,0.015037862537514834,0.006042308797982336,-0.005390843438307593,0.01612936642298423,0.0,0.017192384096632155,0.01342367195610467,0.04857462411282715,0.02312239511268329,0.1317693107966364,0.0,0.048790118046789614,0.03457144024624286,-0.006116221220186404,0.0,0.009630960387242236,-0.01411798028404588,0.018692114962761144,0.016713465433389387,-0.006557394395008837,0.006825958405077651,0.010000154719646529,-0.005899716318173342,0.03339824789470168,0.05310984524444615,-0.01310633521872297,0.033673880610475784,0.058840444976795865
2024-02-09,0.030386537806810738,0.0031662014073874376,0.022141104448373364,-0.007052991675344258,0.031917572605107046,0.0,0.0,-0.017192384096632173,0.0066438258837433605,-0.008658054700508611,0.028170850475742706,0.012270080925744102,0.0,-0.0363676100059544,0.019232109397388022,0.006116221220186421,0.0,0.02211778359218723,0.014117980284045808,0.0,0.0,0.0,0.020202687854778384,0.01970515065198179,0.0,-0.007326033054169567,0.0057306692280980846,0.007884396113605759,0.019672877097963583,0.00947873538604097
2024-02-13,0.005267827837663397,-0.006342459496033469,0.0,-0.0030379743795493647,0.010416751156715365,0.007968162080333152,0.0,0.039665218876341404,-0.006643825883743388,0.008658054700508674,-0.00557103986966001,0.053425186421347956,0.04587956057569745,0.059898155271483934,0.0094782706785761,0.047628074345739874,0.0,0.02163915436944962,0.023095691902071138,0.030397448543120594,0.01643877609721746,0.0,0.0,0.03828245035465593,0.0,0.0036697253571208966,0.02259981060608265,0.015584777987487237,0.044451081037689515,0.02790887272121241
2024-02-14,-0.003508772154090454,-0.0031864803135189745,0.007272752393174878,0.0,0.015424516965620439,-0.007968162080333081,0.011587659222955694,-0.011173290180334456,0.0066438258837433605,-0.02620234783916546,0.0,-0.01749314042340947,0.0,0.0,0.04609037227329368,0.0057971120756082056,0.009389843352046751,-0.018519030050575022,0.004555812082213534,0.0,-0.010929059852906334,0.013072069344937223,0.0,0.0,0.005899716318173401,-0.011049825512574671,-0.005602250310674367,0.01025649013484875,0.012346498121999354,0.009132474615119254
2024-02-15,-0.0035211269991762668,0.0,0.007220241137379365,0.014098983718165547,-0.005115095676324061,-0.00803216400634236,-0.0023068588762635168,-0.005633812421074309,0.01315878271293976,0.00881062135360639,0.0,0.11647494547141635,-0.013544211986474024,0.0,-0.009049390437311152,0.0,0.009302383378101268,0.02157246464770479,-0.009132474615119266,-0.012048327267974208,-0.00550971624431123,0.01290339292688759,-0.006688981750297861,0.013985831736965899,0.017493140423409482,0.011049825512574631,-0.011299544599374644,0.017699560026821166,0.006115679845770395,-0.027651503984284922
2024-02-16,-0.023194637321925612,0.0,-0.007220241137379281,0.0,-0.005141394458524434,0.0,0.013761672279226143,0.022347277854463856,0.0065140943850237575,-0.0176995602935799,-0.01123606273174864,0.010416751156715583,-0.018349120606183555,0.03428904077161518,0.026907710543532047,-0.01162802671208472,0.0,0.00304413950903459,0.0,-0.012195261569588702,0.01098917664011656,0.05001044853181269,0.006688981750297954,0.004619480692306816,0.01149436840059853,0.010929060090223559,0.016901794910049023,0.009975194728282037,0.012121901756318706,-0.028438021020957063
2024-02-19,-0.0018066403991875083,0.00741928670125492,0.0,0.025667792898606615,-0.08607465433948736,0.01600032608667546,-0.0022804461573577074,-0.03371102572879788,-0.0130718417023381,-0.013483337333688223,-0.02285811627493258,-0.015666102115498112,0.013793308523969955,0.09633114447433566,0.008810194052505728,-0.029675810561878704,0.0,0.003034900840367581,0.04922689348451463,-0.012345824011753648,0.026955784001153022,-0.006116221220186404,-0.006688981750297861,0.0045972401896378755,0.0,-0.0072727523931748195,-0.005602250310674367,-0.0024845301339341554,0.01791092082999926,-0.02927035506265089
2024-02-20,0.0,-0.0052938387079099845,0.0,0.02312239511268351,-0.005633812421074309,0.0,0.0068259043419073235,-0.011494368400598594,0.013071841702338039,0.013483337333688235,-0.005797112075608216,-0.02666822164632427,0.01810002406868767,0.0,0.03448601013330542,0.041303837273963445,-0.009302383378101402,0.006042308797982336,-0.008771977817187334,0.00619196430619583,0.0,-0.05032511172582266,0.019934195951972208,0.05358461677323794,0.0,-0.0036563076970486936,-0.022728229523506522,-0.015037862986818345,-0.0059340950090063455,0.019608453053774177
2024-02-21,-0.0018099966406075092,0.016842487331475548,-0.01459878544734433,0.0,0.04420611616796739,0.0,-0.00911167193867993,0.005763699172500381,-0.006514094385023723,0.0,0.0057971120756082056,0.037139511710224234,0.008928622191168457,-0.05236799728913495,0.016807778345702646,-0.029327657341137677,-0.018868578738087744,0.029675810561878693,0.0,0.012270080925744102,0.005305047197217218,-0.012987183462619439,-0.006600677798729731,-0.044452068628894705,-0.02898750882400805,-0.007352967215510279,-0.005763699172500427,-0.007604592031727906,0.05218570446217316,-0.009756165867939072
2024-02-22,0.005420105291322367,0.07052265003256164,0.007326033054169503,-0.013423076484780408,0.021391169524982982,0.007905172057463819,0.0,-0.005763699172500427,0.0,0.0,-0.005797112075608216,-0.04255957392651009,-0.0362030135054609,0.010695278889458152,0.0,0.005934800599554714,0.05556990945536512,0.02312239511268329,0.004395607327108693,0.0,0.0,0.03215715749563767,-0.006644536402944578,0.00453567973119274,0.011696028347801337,0.03267075118327641,-0.029327657341137677,-0.007662865278947025,0.06029122591838127,-0.009852287185835048
2024-02-23,0.0,0.0,-0.007326033054169456,0.0038535658639832697,0.005277052121341313,0.0,-0.00458715974260037,-0.04130383727396346,-0.006557747317314311,0.06481753971195549,0.017291480476206718,-0.04445178612998185,0.040637606353528755,-0.032435244396958315,0.008298391903634652,-0.01190496206238883,-0.03670133071727745,0.05014980182601543,0.0087336717850503,0.0,0.015748342185240974,0.012578769946411373,0.0066445364029446095,0.022371960073753177,0.0,0.017699560667042275,0.03509135651363814,0.03278985043142742,0.061875409424921084,0.0098522871858351
2024-02-26,-0.012692857684497209,0.0019436797020841912,-0.007380100155453859,0.005752647360942751,-0.02666822164632427,0.01562530335027686,-0.009237932337597185,0.017910980532380612,-0.006601035395625451,0.03696515803143419,-0.011494368400598594,0.011299544599374666,-0.04525654763189394,0.021739965507499983,-0.025106170249337256,0.029500706728363458,0.02765150398428485,0.09580415789209125,0.008658054700508674,0.018127367617376385,0.035809479840786015,0.11778299426426857,-0.006644536402944578,0.013186618551026472,0.0,-0.014134497835800392,0.011428684924131866,0.004950500193259343,0.26236456019849336,0.0
2024-02-27,0.0036429877979378892,0.0,-0.007434971238749889,0.010461399662799093,-0.05556986404230139,0.03802745006993996,-0.002322823782987026,-0.005934800599554761,-0.04054608459408167,0.0040241464388207845,-0.005797112075608216,0.016713465433389606,-0.03774040439905837,-0.02173996550750004,0.00843994649214163,-0.04154903399633766,-0.009132474615119266,-0.12335414911202384,0.008583735786265884,0.0,-0.015190150823567276,0.0,0.013245214201674292,-0.013186618551026538,-0.005830914636476495,0.014134497835800324,-0.028820410808716793,-0.0074350303271935175,-0.059423480824059446,0.0
2024-02-28,0.0,0.0019398167285819099,0.0,0.02522317253278339,0.011363747874334085,-0.04580958329243974,0.006952457338088807,-0.04879011804678987,0.006873245024531769,-0.012121348855462816,-0.02353054526552943,-0.022347277854463853,0.02375417641601849,0.05348863377941631,-0.016950216841921342,-0.04969962069368934,-0.018519029369165625,-0.01974674434069715,-0.030371069598933625,0.0,-0.041672718399676914,0.0593165861716656,-0.02666822164632427,-0.10732926021396483,0.017391725884585187,-0.021277378657777655,-0.017699630629053012,-0.0024905994900405264,0.0708958796327913,-0.009852287185835048
2024-02-29,-0.00913251856049572,-0.001939816728581956,0.007434971238750044,0.020091981707674796,-0.07020426234687842,0.00778213322249964,0.0023068588762634903,0.006230543734639389,-0.03484639256864885,-0.23747336288085255,0.03509135651363814,0.016807102601408712,-0.04808625448947603,-0.06453852527678271,-0.04367443784472223,0.0,-0.009389843352046762,0.025317784210357196,0.013129279112159121,-0.012048327267974208,0.031416228264828504,0.04604395597711438,0.006734025694352132,-0.014888174431666769,0.06130053327039951,0.003577817990735309,-0.005970161462834003,-0.03295611526597716,0.04097445758529204,-0.05077233828284515
2024-03-01,0.0,-0.009756212162808945,0.0,0.042484289307253655,0.0357181193598611,0.0,-0.013921324656466415,0.042559574312150454,-0.007117844147809761,-0.0051680268307717405,-0.04106151797647203,0.0,0.043380255742367764,0.0,-0.0837705684467882,0.05574192949167162,0.0,0.0,-0.053584194779486456,0.012048327267974135,0.00514139445852456,0.03922067647349922,-0.006734025694352127,0.03922003840922279,0.005390843438307659,0.0,0.011904962062388738,0.01534555470253776,0.0,0.015504233340894498
2024-03-04,0.009132518560495809,-0.019802608596683105,-0.007434971238749889,0.03908741267386605,-0.005865113711324816,0.022989587532424978,-0.009389843352046762,0.03509135651363814,0.014184312083319274,0.015424516965620439,0.005970161462833876,-0.011173290180334456,-0.0335762648123872,0.032789857004866425,-0.04467203548533899,-0.018237570367571024,0.0,0.0593165861716656,0.018182301348111576,0.005970161462833876,0.0,0.04695705039012237,-0.006779680410128465,-0.029269641671203446,-0.02173996550750004,0.017699560667042275,-0.04230241060550934,0.005063297066661731,0.032318835761500866,0.005115095676324177
2024-03-05,-0.014652262710496819,0.015873334137796822,0.007434971238750044,-0.031318714417895514,-0.005899716318173342,0.0,-0.009478735386040972,0.0170944171024322,0.0,-0.005115095676324061,0.011834516917728159,-0.005633812421074309,0.0,-0.02173996550750004,0.03491634504778265,-0.01857636774639301,-0.009478735386040972,0.018158779455232428,0.0,-0.005970161462834003,0.0,0.0,-0.013698830935582187,-0.004963303667225026,-0.02785699409877493,0.0035026273336773027,0.03636761000595446,0.007547198392470382,-0.03597475181543997,0.06899280661114664
2024-03-06,-0.009267942318313191,0.005888183771778883,0.014706133209623233,0.010265264638176454,0.0,0.00754719816612951,-0.051293246584325665,-0.011363747874334036,-0.007066467935509337,-0.010309421289296308,0.005865113711324902,0.0,-0.004889980733338914,0.010929059852906247,0.019417126158715017,0.006230543734639389,-0.009569442282869082,-0.031334188197369585,-0.018182301348111638,0.017804678380562166,-0.025975523404794386,-0.056618952398999486,0.0,-0.010000154719646569,-0.02285811627493258,-0.01408472687472389,-0.011976179932825855,0.0,-0.014761198656804628,-0.04879011875636827
2024-03-07,0.0018605082356237372,0.005853623147832117,0.007272752393174878,0.0017006791304585427,-0.01190496206238883,0.0,-0.01007564230707611,0.02259981060608265,0.021053389382458338,0.0,0.028820410808716872,-0.011363747874334036,0.009756165867939136,0.010810905654593712,0.0,0.01234582401175363,0.0,0.02099812712829168,-0.009216645991064273,0.0,0.01047129006389992,0.03809992302983384,0.027212537040062754,-0.01518978147214955,0.017192384096632155,0.0348467811309983,0.0,0.00250312782795713,0.018417114710743615,0.04879011875636829
2024-03-08,0.0,0.0,0.007220241137379365,0.016849642821303225,0.017804678380562166,0.007490664371385532,0.0445618436977492,-0.005602250310674367,-0.00696897541517529,-0.010416751156715566,-0.005698015696033632,0.016997560295408266,-0.019608453053774056,-0.03278985700486646,0.03774015710749119,-0.043894227311626004,-0.0194180678768161,-0.05334592980646761,0.0,0.011696028347801337,0.005194812051598424,-0.009389843352046762,-0.034132973033528226,-0.05775864929929941,0.0,-0.00687287253050428,-0.012121349147384575,0.0,0.003642599002987324,-0.019231344291746142
2024-03-11,0.012927178232690564,0.0019436797020841912,0.0,0.0008350723193709599,0.0,0.07889395044558029,-0.0369956105939268,0.016713465433389606,-0.014084413967283046,0.005221939105117212,-0.017291480476206843,0.05996347327187628,0.014742267919173921,-0.01117329018033423,-0.01869121275268544,0.037740367606068345,0.009756165867939136,0.002735977141819197,-0.009302383378101402,0.011560811248108576,0.0,0.01869222673014823,0.013793308523969955,0.01075286242139812,-0.028820410808716907,-0.0034542314543866653,-0.01846204523194002,-0.0025031278279571165,0.2238707804835825,0.0
2024-03-12,0.0,0.0019398167285819099,0.01428594386615902,0.0025009814633939133,-0.005899716318173342,-0.020906747926708304,0.012484603931535854,-0.005540175253055251,0.0,0.010362838882369933,0.017291480476206718,-0.01600032608667548,0.0048661851346001326,0.0,-0.009478270678576239,0.006153859705557772,-0.009756165867939072,-0.013755427578821595,-0.004683844604938501,0.0170944171024322,-0.005194812051598307,0.027398947339175996,-0.006872872530504391,-0.016173491826519684,0.028820410808716872,0.013745907389641179,0.00619196430619583,-0.005025131386227583,-0.047627810638193074,-0.019608453053774056
2024-03-13,0.005489530762557972,0.007722038985424888,0.014084726874723943,-0.0008329259548075289,0.0,-0.014184621799781234,-0.0024845301339341554,-0.011173290180334456,0.021053389382458338,0.02544664095841606,0.0,-0.005390843438307593,0.009661902008876854,-0.034289040771615105,-0.009570673676229576,-0.006153859705557642,0.009756165867939136,-0.02240988044513648,-0.009434135679107251,0.0,0.030771690651569372,0.008968661352744326,-0.0069204359934654305,0.032088540886004616,-0.017192384096632173,0.010186835410455923,0.0,-0.0025220670062429144,0.018127372840505366,-0.00995032141084811
2024-03-14,0.0480947503687718,0.02281474671312926,-0.0070175662009383764,0.0008329259548075714,-0.005934800599554761,-0.007168482740163348,0.012361143745463864,0.016713465433389606,-0.00696897541517529,-0.020305246499891422,0.016997560295408266,-0.01634912206919197,0.009569442282869345,0.0,0.028438220274739127,-0.012422508040835292,0.009661902008877073,0.027934816962858044,0.009434135679107399,0.011236062731748627,0.029852934817110828,0.0,0.006920435993465473,-0.01591504905948493,0.017192384096632155,0.0,0.012270080925744102,0.0,-0.03348898003735454,0.0
2024-03-15,0.008658095628435286,0.005623207461498323,0.0,-0.0008329259548075289,0.0,0.01428594386615902,0.007343908818167356,-0.022347277854463853,0.006968975415175241,-0.010309421289296308,0.011173290180334477,0.010929059852906027,0.01886857873808785,-0.023530545265529546,0.0,0.0,0.019048177668909923,-0.022285089747890917,0.0,0.022100391762831545,0.0,0.0,0.0,0.02116387118212871,-0.005698015696033632,0.020067543847594575,0.006079040349402274,0.01005032622042762,-0.006210529559597011,0.01980260859668314
2024-03-18,-0.005185873223316394,-0.00374531921853488,-0.035846098070498794,-0.0008337396075444822,-0.005970161462834003,-0.0287789373967132,-0.0024419430876502345,-0.005665732178300458,0.013793003186190603,-0.005194812051598307,0.0,-0.016438776097217507,0.0,-0.0363676100059544,-0.009389275919933446,0.0,-0.009478735386040972,0.019526404168874262,0.03233534858922351,0.01086966167338728,-0.0248151456278942,0.01769956029357998,0.0,-0.005248822122643818,0.0056980156960335475,0.02614525565635826,0.012048327267974135,-0.007528259214184675,0.21752027700638193,-0.0248151456278942
2024-03-19,0.19323807184093542,-0.015123147260159663,-0.007326033054169456,0.009958579658703668,0.017804678380562166,0.007272752393174878,0.0073081282222503385,0.022472834779709055,0.006826325831028138,-0.005221939105117265,-0.016807102601408698,-0.01111121512271523,0.0,-0.012422508040835292,0.009389275919933514,0.006230543734639389,0.0,0.04325000783848652,0.02690742702571047,0.03191757260510683,0.014962858442059178,-0.0176995602935799,0.0,0.05628067401021252,0.0335227262770753,0.06856268209339346,0.005970161462833876,0.005025131386227565,-0.05142553722256565,0.014962858442059178
2024-03-20,0.05421756783789523,-0.00573071490215623,0.02898750932488704,0.011494369300608872,-0.005899716318173342,0.007220241137379365,-0.009756165867939072,-0.022472834779709076,0.0,0.0,0.005633812421074211,0.011111215122715356,0.009302383378101268,0.0,-0.009389275919933446,0.01234582401175363,-0.009569442282869082,-0.005305047197217205,-0.0314632391079241,-0.02116479116640418,0.0,0.008888938939973553,0.0,-0.004987093070794151,0.010929059852906247,-0.024391430073128693,-0.011976179932825855,0.00250312782795713,0.0907423440249939,0.0098522871858351
2024-03-21,-0.012253342610799838,0.00953299723263739,-0.014388723877542694,-0.0008166007550849099,0.0,0.02135310453994471,0.009756165867939136,0.016901794910049023,0.013513346076362509,-0.010526403080123783,0.011173290180334477,-0.01671346543338964,-0.009302383378101402,0.0,-0.01904894435480576,0.012195261569588601,0.0,-0.021506184544051773,0.0,0.010638388086280471,0.038839797345520136,0.0,0.0,-0.010050403069364309,-0.010929059852906334,0.06858126945611326,0.023810696850554036,0.002496937276350143,0.0,0.009756165867939136
2024-03-22,-0.005494513919280685,0.0,-0.01459878544734433,0.008946719746647465,0.005899716318173401,0.0,-0.002430074591113589,-0.01690179491004905,-0.006734330177688867,-0.010638388086280346,-0.00557103986966001,0.011173290180334477,0.018519029369165677,0.0,0.019048944354805832,0.0,-0.009661902008876995,-0.010929059852906334,0.02257430016795043,0.020943154236839373,-0.019231344291746142,0.0,0.020478511345710722,-0.04124317787005409,0.016349122069192402,0.005747136743136456,0.011696028347801337,0.002490599490040648,0.01909389941404361,-0.009756165867939072
2024-03-25,-0.030771695611780964,0.009442976686715083,0.014598785447344208,0.0,0.011696028347801337,0.0,0.002430074591113635,0.0,0.0,0.0,0.005571039869660042,0.0,0.009132474615119254,0.0,-0.01904894435480576,-0.030771629315981694,0.0,0.010929059852906247,0.013303952966471196,-0.015666102115498112,0.0,0.05173572670340476,0.033225616041333075,0.005248822122643802,0.026668221646324243,0.017045851108364745,0.017291480476206718,0.017263109475981163,-0.16126808418692626,0.0
2024-03-26,-0.012866532618511778,0.007490664371385532,-0.01459878544734433,-0.01632676124974664,0.028655228350540934,-0.014184621799781234,0.007255221638197886,0.0,0.006734330177688876,-0.0053619380003950825,0.0,0.016529351893171517,0.009049826732992556,0.012422508040835311,0.009570673676229598,0.012422508040835311,0.0,0.00271370323795161,0.004395607327108693,0.02083412894626995,0.0,-0.008438961181205271,-0.006557394395008837,-0.010526492084253825,-0.043017343715516694,-0.0028208736855895892,-0.02898750882400805,0.00973242732034403,-0.10227918229514173,-0.019802608596683105
2024-03-27,0.02837073791118327,-0.04776456964843794,-0.007380100155453859,0.008196642258183985,0.005633812421074211,0.014184621799781118,0.004807696883909408,-0.011428684924131786,-0.013513346076362374,-0.027249681751811177,-0.011173290180334456,-0.02210039176283156,-0.004514675980943847,-0.012422508040835292,-0.028987799834944584,-0.025001277987246565,0.009661902008877073,0.0,-0.013245214201674278,-0.02083412894626986,-0.009756165867939072,0.0,-0.006600677798729731,0.014816112851417792,0.03243524439695832,-0.011363747874334149,-0.029853005648536338,0.05419465330090599,0.07410772063511559,0.0
2024-03-29,0.03301534684918986,0.00390625114717297,0.00738010015545396,-0.021452948959312497,0.005602250310674402,0.054808266717068836,0.004784693483860255,-0.005763699172500427,0.0,0.027249681751811156,0.005602250310674402,0.0,0.009009061234425433,-0.07796154348338225,0.009755690437556381,0.006309163024485387,0.09180757338455856,-0.005434790704315597,-0.00892862219116849,0.01047129006389992,0.0,0.09684983376105812,0.0,-0.01600032608667548,0.031416228264828504,0.0,-0.01834912127514634,0.047041154485264955,-0.02898731448271647,-0.005012537031211045
2024-04-01,0.013441050077596588,0.019305600232920665,0.0,0.0,-0.022599810606082807,-0.006688981750297861,0.004761909164848319,0.01149436840059853,0.0,0.005361938000395123,0.005571039869660042,-0.01690179491004905,0.00447427609926283,0.013423007444649979,0.0,0.006269606921925908,0.0,0.0054347907043156675,-0.013544211986474024,-0.021053389382458272,0.0,0.18871142498147997,0.05789399963578768,0.026526729166799393,0.06967985446312597,-0.008608366291577376,-0.012422508040835292,0.0021857389992497875,0.037522213459031686,-0.0050377891892164845
2024-04-02,-0.05347399635556809,0.01893994213992232,0.007326033054169503,-0.014279883679544613,0.0,-0.006734025694352127,0.0071005585069712955,0.016997560295408266,0.0,-0.01617284365498865,0.0,0.02801301003276436,0.01769956029357998,0.013245214201674292,-0.01960924846122169,0.012422508040835311,-0.0176995602935799,0.0027063589783342767,-0.018349120606183555,0.015831450277340973,-0.009852287185835048,0.018927991377707627,0.0,0.010416751156715365,0.0,-0.020379142532430478,0.006230543734639389,0.0021810758479753126,0.09453761482310857,-0.010152361634350827
2024-04-03,-0.007067126736469515,0.0037453192185347194,0.007272752393174878,-0.018787957163248773,-0.005730669228098182,0.0,-0.007100558506971178,0.0222231816777012,0.0,0.021506184544051815,0.0,0.0,-0.04485052299443612,0.0,0.0,0.02439143007312866,-0.008968661352744359,0.0,0.009216645991064322,0.005221939105117212,0.0098522871858351,0.060624634964517955,0.012422508040835311,-0.010416751156715455,-0.02927035506265089,-0.0118345169177283,0.0,-0.030976003999621443,-0.03407909735557159,0.0
2024-04-04,-0.0042644285580685365,-0.0018708615356126254,0.0,0.009438070809094663,-0.005763699172500427,0.0,0.0023724215749720582,0.048266694674298775,0.0067790158986735915,0.005305047197217218,-0.00557103986966001,0.01098917664011634,0.009132474615119254,0.013072069344937223,-0.00994984442554972,0.011976179932825813,-0.009049826732992521,0.026668221646324243,0.0,0.0,0.02898751015968521,0.08455737286630956,-0.0313504994185429,0.005221939105117212,-0.00995032141084811,0.011834516917728159,0.0,-0.011299490717749354,-0.01884365275001169,0.01015236163435085
2024-04-05,0.0014235203465895838,0.0018708615356125492,0.0,0.016095207879270934,-0.01749314042340947,0.026668221646324243,0.0,0.0,0.026668533235473583,-0.021391169524983083,-0.02833047983418086,0.0,0.022472834177642478,0.0,0.0,0.03509135651363814,0.018018488085736917,-0.0026350451548230957,0.009132474615119254,0.010362838882369933,0.0,-0.02739901356655871,0.0,-0.005221939105117153,-0.020202687854778374,0.01459878519327518,0.018462045231939988,-0.009132474615119266,0.05034229023808537,-0.005063297066661577
2024-04-08,-0.01577095501257384,0.022182034995474092,0.007220241137379365,0.015012838164916937,-0.005899716318173342,0.10008343988384774,0.004728136931999134,0.010416751156715583,-0.006601035395625451,0.005390843438307659,-0.017391725884585017,0.03226083119837014,-0.013423007444650008,0.0,0.009949844425549746,0.0170944171024322,-0.018018488085736913,-0.015957770259911262,0.0,0.01025649013484875,-0.019231344291746142,-0.05715835929975083,0.006349221431296268,-0.005249350958782723,-0.02061932901721874,0.002894355230134138,-0.012270080925744142,0.009132474615119254,-0.04222316894291954,0.0
2024-04-09,0.004325851478120469,0.005469514160724344,-0.014492993530554128,0.006600677798729651,0.0,-0.005970161462834003,-0.0023612176950148535,0.020513581533309556,0.0,0.01600032608667546,0.0058309146364764605,-0.010638388086280346,0.04836102606174727,-0.013072069344937237,0.019609248461221706,-0.017094417102432247,0.0,0.0,0.0045351507520485805,-0.025841268122335982,0.0,0.0,0.0,-0.005277052121341222,-0.010471290063899817,-0.01162802671208472,-0.012422508040835292,-0.011428739421586523,0.047377355104366685,0.0
2024-04-12,-0.0072202067082546536,-0.007299295494986669,-0.014706133209623379,0.019544577857628517,-0.005934800599554761,0.011904962062388738,0.0023612176950147377,0.010101086255878222,0.01315878271293976,-0.021391169524983083,-0.011696028347801235,-0.03261161975220613,-0.01295913263037253,0.0,0.0,-0.011560811248108578,-0.009132474615119266,0.0,0.004514675980943573,0.010416751156715583,0.0,0.05158731943009099,-0.01916997403301815,0.010526403080123953,0.00524935095878277,0.014514028821105977,0.006230543734639389,0.04275118047379481,-0.036652823649520994,-0.015345554702537739
2024-04-15,-0.019020341317750888,-0.02035225366121167,-0.014925635610135437,0.0016116024081729429,0.017699630629052835,-0.05472491864634459,-0.01425200979295079,-0.04103141894590327,-0.019802608596683105,-0.01634912206919197,0.0,-0.02801301003276431,-0.021978885986724647,-0.05406716898550054,0.0,-0.05374429556592626,-0.018519029369165625,-0.02168104504679599,-0.013605638815205929,-0.010416751156715566,-0.019608453053774056,-0.016901794910049166,0.0,-0.04826669467429936,-0.015831450277341185,-0.02924189179825015,0.0,-0.015538641962354344,0.04942465580113745,-0.04750235059259424
2024-04-16,-0.016381622465626883,-0.013170405627627694,0.0,0.006420561905805873,-0.005865113711324816,-0.025317859565233025,-0.01932425501943638,-0.05377641091861036,-0.020202687854778374,-0.011049891497366723,0.017493140423409482,-0.04058524083821508,-0.013423007444650008,0.0,-0.05487740636493109,-0.006153859705557642,-0.06765869749445606,0.01360563881520608,-0.01843368345995696,-0.02116479116640418,-0.014962858442059175,-0.017192384096632173,-0.026145255656358113,-0.06234313708579235,-0.01069527888945819,-0.027069296732119025,-0.031548403299872435,-0.0318208372939357,-0.010203979327638089,-0.07286134451850829
2024-04-17,-0.022779970262225464,0.0018921012044611327,0.0,0.0,0.0058651137113246805,0.02531785956523302,0.0048661851346001326,0.03261161975220624,0.013513346076362509,0.0,0.017192384096632155,0.017595744665974633,0.004494385253481471,-0.0139863119332428,-0.03655772718614605,0.02439143007312866,0.03922067647349922,0.0026990543638770567,0.0,0.021164791166404105,0.024815145627894136,0.01149436840059853,0.0,0.017391725884585187,-0.010810905654593765,0.021116903695663238,-0.01290339292688771,0.0,-0.005141579117927605,0.011560811248108576
2024-04-18,-0.001537314477385987,-0.005687168395785652,0.0,0.0,0.0058309146364764605,0.04879011804678982,0.012062918522107176,0.04700605928874008,0.0,0.0,-0.005698015696033632,-0.005830914636476384,0.00447427609926283,0.013986311933242724,0.010583465454310178,-0.036813938113964,-0.0194180678768161,0.0026917890744305533,-0.004662008442114251,0.020726172446011965,0.0,0.0,-0.006644536402944578,-0.017391725884585128,0.005420062216286035,0.0029806253845470537,-0.006514674949928389,0.056131457073477165,0.015345558445565743,0.0504308715970124
2024-04-19,-0.023347379015484476,0.0037950671913245643,-0.007547198166129499,0.015873334738536103,0.0057971120756082056,-0.005970161462834003,-0.0048076968839094155,-0.031090619081118508,-0.006734330177688867,0.011049891497366831,0.016997560295408266,-0.017699630629053012,-0.013483337333688223,0.0,-0.015916496332972322,-0.006269606921925834,-0.009852287185835048,-0.018996482253513636,0.0,-0.015504233340894603,0.0,-0.023122395112683266,0.0,-0.054067240635007376,0.026668221646324243,-0.008968661672374244,-0.006557394395008837,0.06549329471519423,-0.028316179388223946,-0.027702642073505927
2024-04-22,0.03861483669666182,0.015037862537514834,-0.022989587532425013,0.011741863019820668,0.02849192869600681,-0.0060060184699918355,0.01197612265354822,0.00524935095878255,-0.020478586754233506,0.00547946039580478,-0.005633812421074309,0.017699630629053054,0.017937683425593834,-0.0139863119332428,-0.021621397186548964,0.01250015065656515,0.019608453053774177,0.002735977141819197,0.0,0.005194812051598424,0.019418067876815836,0.017391725884585187,0.026317283546611638,0.03636761000595446,0.031090619081118483,-0.0030075182604515716,-0.02666822164632427,0.016227521710355634,-0.013140314332580292,0.022223181677700765
2024-04-23,-0.007604555815782332,-0.013145761333053932,0.0,0.0023318515986940234,0.011173290180334477,-0.043083545035889834,-0.004773274406909872,0.020726172446011965,-0.013888733576834024,-0.016529351893171514,0.005633812421074211,-0.005865113711324928,0.004434592848067803,0.0,0.005449277023308848,0.0,0.03809992302983384,0.005449599457100964,-0.009389843352046762,0.015424516965620439,0.009569442282869345,0.0504308715970124,0.019293261114412995,0.057819586037144495,0.04000529645146142,0.003007518260451599,0.026668221646324243,0.004016066001746044,0.018348842795166298,-0.022223181677700703
2024-04-24,-0.021605831639071347,-0.0018921012044610947,0.015384904731036134,0.013112456326821726,0.0,0.018692114962761144,0.011890792097935964,0.0,0.013888733576834112,-0.00557103986966001,0.011173290180334477,0.011696028347801337,0.043296765522199646,0.013986311933242724,0.0,0.01234582401175363,-0.03809992302983391,-0.0027210874663639514,0.02331116800851309,0.020202687854778384,0.01886857873808785,0.01086966167338728,-0.006389868187525432,-0.011299544599374644,0.10241501990776829,0.020803178590102462,0.0065573943950087855,-0.012096910660476662,0.025642233074274445,0.0
2024-04-25,0.009316828957018748,-0.0018957785205855734,-0.0076628657456105625,0.010670823070823213,0.005540175253055062,0.0,0.0,-0.02072617244601185,0.0,0.016620931367026824,0.0,-0.005830914636476384,-0.008510681896768226,0.0,0.01617212016324028,0.0,0.0,0.002721087466364004,-0.004618941278365068,-0.010050326220427584,0.0,-0.01086966167338712,-0.006430884414196457,-0.017192384096632173,0.05173572670340476,0.0029368567943549146,0.012987183462619612,0.00606679519291175,-0.04664065070064063,-0.01699756029540832
2024-04-26,0.0030864193642173477,0.013195322612600723,0.022814746713129042,-0.057738289025157534,-0.01671346543338953,0.03636761000595446,0.0023612176950147377,0.010416751156715583,-0.006919758161658755,0.0,0.0,0.01162802671208463,0.004264394884352982,0.0,-0.005361736816045683,-0.006153859705557642,0.0,0.0,-0.004640374935987102,-0.005063297066661689,0.009302383378101268,0.005449599457100964,0.0064308844141964675,0.05071511037370765,0.049190196106353674,0.017442285738075665,0.0064308844141964675,0.008032164006342388,0.007926156389439356,-0.011494368400598594
2024-04-29,0.07421802805238459,-0.003752345925885584,-0.015151880967518485,0.0032076980989734598,0.011173290180334477,-0.011976179932825855,-0.0023612176950148535,-0.010416751156715566,0.02061932901721869,0.08426032443098563,0.0,0.0,0.016878122262197547,0.013793308523969955,0.06252096875970722,0.0,0.019231344291746166,0.0,0.004640374935987167,0.020101160053479894,0.01834912060618362,0.05292241280888037,-0.006430884414196457,-0.022223181677700703,-0.024292669118037107,0.005747136743136456,-0.025975462271824953,0.05826894411168526,-0.005276581558239496,0.04520539412939638
2024-04-30,-0.0014316039946635285,0.003752345925885716,0.007604682801388995,0.008768424554574791,0.011049891497366173,-0.024391430073128693,-0.00711751769102607,0.005221939105117212,-0.0068263258310282005,-0.015267457310674819,0.0,0.01149436840059853,-0.016878122262197592,0.013605638815206298,0.029853242048521227,-0.006191964306195913,-0.019231344291746142,0.008119116580163102,0.0,0.004962784644457254,0.0,0.09343403087914438,-0.012987183462619664,-0.005633812421074309,0.07117621133714684,0.008559245244474677,0.019544577857628517,0.10724551052985934,0.028684661569187867,-0.005540175253055028
2024-05-02,0.008559245244474677,-0.003752345925885584,0.015037862537514834,0.003960454168087931,0.005479460395805221,0.01834912127514641,-0.002383732285778536,-0.03713951171022411,-0.01379300318619048,0.0,0.0,-0.005730669228098182,0.008474619285550421,-0.013605638815206378,-0.01980340244921486,0.01234582401175363,0.028710079677787145,-0.00811911658016315,-0.009302383378101402,-0.014962858442059175,-0.018349120606183555,0.03233534858922351,-0.006557394395008837,-0.02285811627493258,0.02264254533890393,0.022472834779709055,0.0,0.010118120402112027,0.07429162874407176,-0.028170850475742682
2024-05-03,-0.02590070355081214,0.0,0.022141104448373364,0.0,0.0,0.0,0.002383732285778579,0.021391169524982982,0.0,0.005115095676324177,0.0,-0.005763699172500427,0.004210628908069916,-0.013793308523969885,0.009949844425549746,-0.012345824011753648,0.009389843352046751,-0.005449599457100901,-0.018868578738087744,-0.010101086255878213,0.01834912060618362,-0.018349120606183555,0.0,0.005763699172500381,-0.015037862537514927,-0.013986228915818995,-0.006472508512691262,0.05864874784261877,-0.02415557647893698,-0.005730669228098182
2024-05-06,0.008708319454179974,0.007490664371385532,0.0,-0.0015822772890182971,0.005449599457100964,-0.006079040349402174,0.0,-0.010638388086280346,0.034132675093581075,0.09716376872733568,0.011049891497366831,0.034094179006681276,-0.008438961181205271,0.0,-0.00994984442554972,0.00619196430619583,-0.009389843352046762,-0.005479460395805383,0.032789903394554135,0.010101086255878222,0.009049826732992556,0.10951852168445392,0.0065573943950087855,0.011428684924131866,-0.007604682801389022,0.013986228915818986,0.006472508512691357,0.018809313681050474,-0.004902230770644211,0.0
2024-05-07,0.0014440077763354022,0.014815071394203828,0.007272752393174878,0.005526995476379863,0.02150618454405203,-0.006116221220186404,0.004750598454041804,0.0,0.013333167662159254,-0.004640374935987102,-0.011049891497366723,0.005571039869660042,0.0,0.013793308523969955,0.009949844425549746,0.012270080925744102,0.0,-0.01941813337642603,0.03620301350546104,0.0,0.0,0.14999261703430308,-0.006557394395008837,0.011299544599374666,0.0,-0.008368241879059607,0.025479137057503713,-0.006230543734639295,-0.0024597605015815906,0.011428684924131866
2024-05-08,0.021414108498597276,-0.007380100155453859,0.0,0.0,0.0,-0.01857636774639301,-0.007134330739820362,0.005333340889063095,0.0,-0.01405185179416107,0.011049891497366831,0.2537805184923966,0.008438961181205244,0.0,0.0,-0.006116221220186404,0.0,-0.011267714251726672,0.026317283546611638,0.005012537031210991,0.017857600292717848,-0.0035778179907354503,-0.006600677798729731,0.03315224153060695,0.015151880967518554,0.0027972020093997587,-0.0063091630244854185,-0.01257876994641129,0.0,-0.011428684924131786
2024-05-09,0.0014114651359527655,0.003696858297064305,0.014388723877542623,0.003929330704617008,0.005305047197217218,0.012422508040835311,0.002383732285778579,0.010582099318558432,0.0,0.02790887272121241,0.016349122069191965,-0.03956556287840182,-0.008438961181205271,-0.013793308523969885,-0.014962191785021202,0.006116221220186421,-0.009478735386040972,-0.0028368786489228145,0.01290339292688759,-0.005012537031211045,0.026202347839165366,-0.04396308117385487,0.0,0.0,0.11359715185702848,-0.008415189046159033,0.07906851862225416,-0.01273908961882177,0.03151756775116281,-0.005763699172500427
2024-05-10,-0.01563644255872785,-0.009267942318313191,0.014184621799781118,-0.00392933070461702,0.005277052121341313,0.03636761000595446,0.007117517691026101,0.00524935095878255,0.026145620084003084,-0.03263700965321147,0.0,0.10625697384265251,0.012631835249782387,-0.0139863119332428,0.005012347359471521,-0.006116221220186404,0.00947873538604097,0.0,0.004264394884352982,0.0,0.025533378864239318,0.036768812326842704,-0.01333351815324252,-0.005449599457101125,-0.034132973033528226,-0.01418462155992368,0.12619460974757876,-0.006430884414196457,0.00238421588351179,0.0
2024-05-13,0.001431603994663613,-0.001863887217501116,0.013986311933242724,-0.0015760430341571798,0.0,-0.005970161462834003,0.0023612176950147377,-0.01583145027734096,0.03797933763343593,-0.04359039579956212,-0.005420062216286015,-0.012170523848436116,0.0,0.027779620457212616,0.009949844425549746,0.018237570367570944,0.0,-0.03468552452004155,0.061875444299974075,-0.010101086255878213,-0.008438961181205271,0.09956758395128086,0.0,0.03226083119837014,0.040821954783826074,0.0,-0.015584777987487312,0.003220611732483714,0.023530309289201263,0.005763699172500381
2024-05-14,-0.004301043674320657,-0.0037383184454998467,0.006920435993465473,0.01020021357612338,0.0,0.029500706728363458,0.0,0.0,0.0,0.034066522938610365,-0.0054495994571012365,0.05942336432827762,0.0,-0.013793308523969885,-0.025062787024117412,0.03550672519835532,0.0,0.0,-0.004008017567521535,0.015113623287089218,0.01680720250373278,0.0032626425892958387,0.019934195951972208,-0.02681123174126915,0.0,0.002853066265385662,0.015584777987487237,0.0,-0.0235303092892013,0.03390151970384086
2024-05-15,-0.007209864129820696,0.013023383106989868,0.0068728725305045495,0.0,-0.021277378208016652,0.011560811248108576,0.0,0.036557622723352945,0.012345498540213239,-0.004796167875959173,-0.005479460395804825,0.003838772793776592,0.020704652919739504,0.0,0.01511294259856775,0.03428904077161518,-0.009478735386040972,0.028987508824007878,-0.020284651550515627,0.0,0.016529285665789057,-0.006535964868773635,0.0,-0.010929059852906334,-0.020202687854778488,-0.03184057508939359,-0.01036283888237005,-0.01948111747458135,-0.019231604149292817,0.005540175253055062
2024-05-16,0.012940533357918841,0.0018467648743241579,-0.0068728725305046146,0.022386038685795626,-0.016260505111694804,0.15415066025266233,0.007050607511374592,-0.010309421289296308,0.024243924950011785,-0.009661902008876995,-0.0055097162443115645,-0.007692338569246892,0.008163302695052716,-0.0139863119332428,0.0,-0.022728229523506522,0.06453857080810949,0.0,0.004089981263258659,-0.005012537031211045,0.10125372791480068,-0.00988474991426066,0.013072069344937442,-0.00550971624431123,0.026847224257723172,0.0058651137113246805,0.005194812051598424,0.0032733222794778514,0.0,-0.022347277854463738
2024-05-17,-0.0014296255537774901,0.021898664345529107,-0.0069204359934654305,-0.01383571968182392,-0.005479460395805272,0.024332078073457882,-0.0023446087642663943,0.005168026830771692,-0.01812737284050544,0.028710079677787145,-0.005540175253055251,-0.01165060643245484,0.039845870688558355,0.0,0.019803402449214937,0.0,0.0,-0.028987508824007937,0.0,0.01000007379760166,0.07145897920683031,0.0,-0.01307206934493735,-0.01671346543338953,-0.006644536402944578,0.03730701667260697,0.020513581533309556,0.03846632052012333,0.0,-0.005665732178300458
2024-05-20,0.0028572101957236107,0.035464676583132515,0.0,-0.005432626526117309,0.010929059852906247,0.009569442282869125,0.007017510038449151,-0.0051680268307717405,0.02409785531357573,0.01869222673014823,0.016529351893171517,0.0,0.00778213322249964,0.0,-0.009853558023665223,-0.011560811248108578,0.01769956029357998,-0.03288790648890395,0.020202687854778384,-0.010000073797601792,0.013698830935582138,-0.020067543847594634,-0.02666822164632427,0.005602250310674402,-0.027028646259856074,0.02777960366717176,-0.015345554702537739,0.009389731240800418,-0.0677800592523122,-0.005698015696033632
2024-05-21,-0.015816308272678842,0.010398779981104559,0.013793308523969955,-0.010954715716940726,-0.005449599457101125,-0.04879011875636827,-0.007017510038449247,-0.005194812051598307,0.0,-0.009302383378101402,0.0,0.011650606432454828,-0.007782133222499723,-0.014184621799781008,0.09441000081047969,0.0,-0.008810621353606442,-0.027736728475614144,0.0,0.01000007379760166,0.020202687854778384,-0.010186835410455947,0.0,0.0055710398696598214,-0.02777962045721279,0.002735977141819197,0.01025649013484875,-0.04459340917162792,0.012903671597999882,0.0
2024-05-23,0.01152749408229181,-0.0017256654412140643,-0.0068728725305046146,-0.0015748019673033613,0.0,-0.03562720482039874,0.009345853047052682,-0.010471290063899817,0.011834130823163223,-0.018868578738087744,0.0,-0.01165060643245484,0.01934294500170171,0.0,0.008969816097530227,0.0,0.00881062135360639,-0.06453853603873223,0.0039920174700382215,0.0,0.0,0.010186835410455923,0.006734025694352132,0.0,0.054808266717068836,0.024292669118036913,0.0,0.05697745648755745,-0.007722038985425443,-0.011494368400598594
2024-05-24,0.001431603994663613,0.018820082079164725,-0.013889181725769854,0.003932308514665573,0.0,-0.015666102115498112,-0.00700124428278621,0.00524935095878255,-0.011834130823163275,-0.014388724288892547,0.0,-0.027724521833095508,-0.019342945001701795,0.014184621799781118,-0.008969816097530186,-0.01759574466597464,-0.008810621353606442,0.04879019444480681,0.003976144610294784,0.0,-0.027028646259856074,-0.006779680410128465,0.006688981750297954,-0.005571039869659899,-0.006688981750297861,0.0026631148831157895,-0.010256490134848601,-0.015504171634804215,-0.026180050238940593,0.005763699172500381
2024-05-27,0.0014296255537774027,0.016807102152409884,0.03436769307148061,-0.004720696884399184,-0.010989176640116416,0.0,0.0,0.010416751156715583,0.011834130823163223,-0.014598785870792438,0.0,-0.02851514261161535,0.023167037953535825,0.0,0.008969816097530227,0.005899716318173401,0.00881062135360639,-0.0031796497837821994,0.007905172057464039,-0.004987536766390735,0.027028646259855987,-0.01715306238996867,0.0066445364029446095,-0.011236062731748753,0.03947877380960053,-0.0026631148831158277,-0.015584777987487312,0.07232066331231923,-0.048922779934572835,-0.011560811248108578
2024-05-28,-0.007168516922478154,0.0033277869243214537,-0.006779680410128465,-0.0007888975109917624,0.0,-0.02666822164632427,-0.0023446087642663943,-0.005194812051598307,-0.029852618908900147,-0.009852287185835272,0.01086966167338728,-0.008298794604689082,-0.011516431521080924,0.013986311933242724,-0.01801920653484129,-0.005899716318173342,-0.035718048379316844,0.09704576676563512,-0.023905498144139396,-0.03045917798962703,0.0769610440795675,0.01032710398489118,-0.006644536402944578,0.0,0.0,-0.013423007444650008,-0.026526729166799174,0.008683114184629458,-0.02538922375841249,-0.01759574466597464
2024-05-29,0.01144510353445337,-0.008340363891643488,0.006779680410128444,-0.001579777642212635,0.0,0.010752781438702735,-0.009434135679107251,0.0,-0.01219591933734521,-0.02000064763127562,-0.02185883831350347,-0.012578870230597734,0.0,-0.0139863119332428,-0.027651705916049072,-0.005934800599554761,0.018018488085736917,0.034094179006681276,0.0,0.0,-0.018692114962761117,-0.0068728725305046146,0.0066445364029446095,-0.02285811627493258,-0.012987183462619664,-0.02185883831350347,-0.005390843438307593,-0.01451402882110585,-0.026050666412669624,-0.005934800599554761
2024-05-30,-0.0014235203465896597,0.005012576967322072,0.006734025694352132,-0.007936541936666739,-0.01671346543338953,-0.010752781438702633,0.0,-0.010471290063899817,0.018237581602089162,-0.020408851769199408,0.01643877609721746,0.0,-0.0038684732099550086,0.0,0.027651705916049103,-0.011976179932825855,-0.03636760869192046,0.011111215122715136,-0.016260505111694693,-0.0051680268307717405,-0.0063091630244854185,0.017094416637950666,0.019672747143666937,-0.029327657341137677,-0.013158072193738508,0.0,-0.005420062216286015,-0.06025920494120347,0.0,0.017699630629052835
2024-05-31,0.014144494030022641,0.004987576305126371,-0.006734025694352127,0.0015923554828002984,0.04932508518559559,-0.01634912206919197,0.007083904606024743,0.0,-0.05574196448325898,-0.02611118106761108,0.0,-0.008474619285550513,0.03802745006993996,0.0,-0.018349769083297045,0.0,0.009216645991064322,0.019152479335169285,0.03226083119837014,-0.015666102115498112,-0.09975046660845145,-0.038001164564658955,-0.01307206934493735,-0.011976179932825855,-0.026847224257723082,-0.03371102572879788,-0.0054495994571012365,0.018462045231940206,-0.023739440245954473,-0.023669792091886934
2024-06-04,0.005602250310674402,-0.05628090415493423,-0.027398947339176118,0.0,-0.03261161975220602,0.010929059852906027,0.004694839837348985,-0.015915440207621607,0.0063495650363878855,-0.01600032608667548,0.0,0.041672756445195525,0.047367643550332676,0.027779620457212616,0.0,-0.012121349147384575,0.027150962700856145,0.02144852284130395,-0.0281708499351115,-0.005277052121341222,0.013889181725769988,-0.02135310453994464,-0.006600677798729731,0.017910980532380612,0.026847224257723172,0.008534894344956464,0.005449599457101185,0.018127367617376385,0.026668221646324243,-0.01812736761737642
2024-06-05,0.0397040471280767,-0.008810579340706164,-0.021053472607028428,-0.0422484396364055,0.0,-0.0054495994571012365,0.0,0.005333340889063095,-0.012738787823114864,-0.005390843438307593,0.005420062216286035,-0.008196759194820219,-0.028882846799008207,-0.027779620457212675,0.01834976908329707,0.0,-0.018018488085736913,-0.00798938242426733,0.0,0.0,0.06669131084966336,-0.05167196051644229,0.0,0.02915655591408321,-0.026847224257723082,0.0028288535293776312,-0.0054495994571012365,-0.0060060184699918355,-0.0176995602935799,-0.01846204523194002
2024-06-06,-0.05518636291070526,0.008810579340706082,-0.05841070621647186,0.016461262517583872,-0.01671346543338953,0.026955784001153022,-0.00705060751137469,-0.016086122327765805,0.012738787823114966,-0.005420062216286015,-0.01086966167338712,-0.025001377964824916,0.0036563076970486893,-0.014184621799781008,0.07020391472934333,0.024097529080210435,0.018018488085736917,-0.029852934173189318,-0.01646126090242003,0.015748342185240974,-0.019544577857628528,-0.007604682801389022,0.0,0.0057306692280980846,-0.034605578862290355,0.016807102601408493,0.01086966167338728,-0.006042308797982368,0.0,-0.01250015065656526
2024-06-07,-0.03463553211976342,0.008733713431012103,0.0,0.004886115144058655,0.011173290180334477,0.0,0.002355767674025659,0.0,0.006309389845795259,0.01617284365498859,0.005449599457101185,0.0,0.007272752393174878,0.014184621799781118,-0.03448601013330553,0.0,0.0,-0.008298860832071861,0.004140788578061737,0.010362838882369933,-0.006600677798729731,0.0,-0.006644536402944578,0.02259981060608287,0.007017566200938237,-0.013986228915818995,0.047502350592594174,0.009049827058433975,0.03221307430286276,0.030962195888505194
2024-06-10,0.0,-0.0034843207539046917,0.022305735765589245,0.0,-0.005571039869659899,-0.06029223849573326,0.0,0.03191757260510683,0.006269048596781185,0.0,-0.0054495994571012365,0.004210628908069916,-0.0036297645952370152,0.0,0.017392422639705925,0.005934800599554714,-0.008968661352744359,-0.005571039869659899,-0.008298794604689082,0.0,0.04531522968937645,0.0,0.0,-0.011236062731748753,-0.0070175662009383764,0.0,-0.0051680268307717405,0.03829631901351192,0.014306694591993827,0.0
2024-06-11,0.013129313665576476,0.006956543159023536,-0.022305735765589314,-0.013082757402242635,0.0,0.016807102601408712,0.0,0.035993629756686685,0.006230880861992153,0.0,0.01086966167338728,0.0,0.0036297645952369758,0.027779620457212616,-0.00865917072461757,-0.005934800599554761,-0.018182301348111753,0.030263694457884363,0.028749385132645223,0.01025649013484875,-0.006349221431296386,-0.011516431521080924,0.013245214201674292,-0.017094417102432247,0.027779620457212835,0.03324409279972779,-0.026248201434056553,0.005763699172500381,-0.028820208601276747,0.035932045997938464
2024-06-12,-0.010196763012298465,-0.0052129067577880335,0.0,0.008196642258183985,0.0055710398696598214,-0.016807102601408698,-0.0047169853690404535,0.12337901578490534,-0.01880931930456861,-0.027101903507894605,0.03191757260510683,-0.008438961181205271,-0.040671000287876645,0.0,-0.0721028624271751,0.005934800599554714,0.0,-0.03306089646728396,-0.020450590527956263,0.0,0.006349221431296268,0.0,-0.006600677798729731,-0.011560811248108578,-0.02777962045721279,0.01889393112135247,0.005305047197217218,0.0,-0.0176995602935799,-0.035932045997938575
2024-06-13,0.0029239759395990506,-0.006993029078342959,0.0,-0.014802888820134788,0.005540175253055062,-0.005665732178300458,0.011751061047061695,-0.018018488085736913,0.006309389845795259,0.027101903507894546,0.005221939105117212,0.0042283322731352085,0.0037664790749430688,-0.041964242256993786,0.0,0.01176483002949803,0.0,0.005586601499866274,-0.004140788578061706,0.005089064567689096,0.055398726530367176,-0.015564502101345714,-0.006644536402944578,0.011560811248108576,-0.014184621799781234,-0.01345914041703677,0.03125257552613566,0.0,0.002971449183492016,0.012121349147384488
2024-06-14,-0.007325998120575806,0.003502627333677524,0.014925635610135518,-0.005816320531633322,0.0,0.0,-0.0023392358406721064,-0.00455581208221365,-0.006309389845795362,-0.01617284365498865,-0.02638673027152143,-0.012739014169903484,-0.01134226535745401,0.0,0.009301936832752112,-0.005865113711324816,0.027150962700856145,0.002781640379193226,-0.0041580060266274066,-0.005089064567689072,-0.02424358883756287,-0.003929274458886312,0.0,-0.011560811248108578,-0.007168482740163348,0.029374580624658687,-0.005141394458524546,0.028330479834181008,-0.008941931656562296,-0.006042308797982368
2024-06-18,0.0,-0.008779637516541582,-0.014925635610135437,-0.008368301761972223,-0.01671346543338953,0.0,0.01395370162087501,-0.009174367245604869,0.012578438442576468,-0.0054495994571012365,0.021164791166404105,-0.021599091781746297,-0.0038096156100643833,0.014184621799781118,0.0,-0.017804678380562083,0.0,-0.011173290180334456,-0.012578870230597734,0.0,0.012195261569588601,-0.040166003255833874,-0.006688981750297861,-0.011696028347801235,-0.044124762350312846,-0.013245214201674278,-0.01036283888237005,-0.06939199781065296,-0.03658942349022512,0.012048327267974135
2024-06-19,-0.01630875753803534,-0.0035335691578420145,-0.015151880967518485,-0.004210468373061138,-0.01699756029540832,-0.005698015696033632,0.006904563588962702,0.07114103212255839,0.0,-0.016529351893171514,-0.03733763482139278,-0.04922689348451467,-0.027080933622426594,0.0,-0.009301936832752,-0.02424358883756287,0.0,0.0,-0.01702167202630534,-0.02061932901721874,-0.04335039926239292,-0.06782263233811493,-0.02721253704006281,-0.011834516917728074,-0.022814746713128983,0.0,0.0,-0.06493774017614297,-0.05424008355935279,-0.0060060184699918355
2024-06-20,0.016308757538035262,-0.017857599912556144,-0.0076628657456105625,0.0042104683730610805,0.0056980156960335475,0.028170850475742706,-0.04216088251416324,-0.043866640808265925,-0.012578438442576598,-0.00557103986966001,-0.027549991219932752,-0.02790887272121242,0.011696028891390677,-0.014184621799781008,-0.018867546598509616,-0.006153859705557642,0.05218570446217316,0.013947214494684635,0.0,0.0,0.0,0.021692804415422866,0.0068728725305045495,0.0,-0.015504172207925167,-0.00803216400634236,-0.02638673027152143,0.02211778359218723,0.0,-0.006042308797982368
2024-06-21,0.007325998120575863,0.01075278120897887,-0.03125251439316616,0.011696088686293722,0.022472834779709055,0.0,0.009523872860951717,-0.022676686601593315,0.0,0.0,0.027549991219932724,0.032485535254118084,0.015384904731036134,0.028170933733023967,0.0465192525145587,0.006153859705557772,0.0,0.01920502703592249,-0.004301077929863997,0.005194812051598424,0.006309163024485387,-0.01295913263037253,-0.006872872530504391,0.0,0.045809583292439726,0.008032164006342388,0.015915440207621624,0.018576367746392982,0.03226141871453867,0.029853005648536365
2024-06-24,-0.007325998120575806,-0.0017841626227587816,0.007905172057463819,-0.007503154344533057,-0.022472834779709076,-0.028170850475742682,0.007083904606024743,-0.004597704712699258,-0.00634956503638792,-0.01123606273174864,0.010810905654593712,-0.004576662532905611,0.015151880967518554,-0.028170933733023873,-0.027651705916049072,-0.01857636774639301,-0.008510681896768226,-0.010929059852906334,-0.01301535599548044,-0.015666102115498112,0.006269606921925908,-0.0131292791121591,0.0068728725305045495,0.023530545265529484,0.0,-0.013423007444650008,-0.010582099318558446,0.0,-0.009569442282869305,-0.017804678380562083
2024-06-25,0.0,-0.007168482740163348,0.007843170127777039,0.0016722395922542325,-0.005698015696033632,-0.005730669228098182,0.009367741111531897,-0.009259316214352087,-0.012820453292479468,-0.02285811627493258,-0.021739965507499584,0.004576662532905499,-0.01134226535745401,-0.014388723877542694,0.0,0.0,-0.034786083625431376,0.0027434832539862254,-0.017621584691752862,0.01047129006389992,-0.05789399963578763,0.008771977817187141,0.0,-0.02353054526552943,-0.022642545338903967,-0.02739901356655871,-0.10064349519407542,0.012195261569588601,-0.012903973491792115,-0.012048327267974208
2024-06-26,0.0,0.0,0.023167037953535825,0.0058309147522787475,-0.005730669228098182,-0.005763699172500427,0.006968717944590699,0.00925931621435205,0.0,0.005763699172500381,0.0,0.03146323910792397,0.015094611283339934,0.028573345677323784,0.009301936832752112,0.012422508040835311,0.0,0.01360563881520608,-0.03620301350546102,0.0,0.013158072193738468,0.1307983802333493,-0.006872872530504391,0.023530545265529484,-0.0076628657456105625,0.005540175253055282,0.028987508824008093,0.02099025638271681,0.009693125845475969,0.006042308797982336
2024-06-27,0.0058651137113246805,0.008952645362922224,0.02264254533890393,0.004971008008767585,0.0,-0.01749314042340947,-0.011641619218773457,0.00459770471269931,-0.019544584688377643,0.0,-0.0055097162443115645,-0.013363215039236369,0.0037383184454995756,0.013986311933242724,0.0,-0.006191964306195913,0.026202347839165366,0.0,-0.004618941278365068,-0.005221939105117265,0.0,0.018975973919352566,0.0,-0.02353054526552943,0.022814746713129042,-0.013908417132114808,-0.017291480476206843,0.011799606060174524,0.08915299156045833,0.0
2024-06-28,-0.01918879727394679,-0.008952645362922272,-0.022642545338903967,0.012320414418678937,-0.005763699172500427,0.017493140423409482,0.004672901274182882,0.0,0.045023992863040485,0.011428684924131866,0.0,0.013363215039236298,-0.00749066437138548,-0.0139863119332428,-0.01869121275268544,0.0,0.017094417683034057,0.005390843438307659,0.022884271358232112,0.010416751156715583,-0.013158072193738508,-0.026668312488599424,0.0,0.017699630629052835,0.0,0.011142166193409714,0.028655228350540934,0.02031998280155493,-0.051293593333588024,0.041303837273963445
2024-07-01,0.0,0.0035906647494279758,-0.0076628657456105625,0.01055637884396397,0.0,-0.005797112075608216,-0.002333665433510724,0.009132474615119254,-0.006309389845795362,0.0,-0.01671346543338964,0.01754429313865675,-0.022814746713128983,0.0,0.03704098183598265,0.00619196430619583,-0.017094417683034165,-0.01626050511169458,-0.00909096283426231,0.005168026830771692,0.006600677798729651,-0.01165060643245484,0.0,0.028820410808716872,0.007490664371385532,0.027324143616085664,0.016807102601408712,-0.0203199828015549,-0.0031004434528705245,0.005763699172500381
2024-07-02,0.008902127438146456,0.008920699758112995,-0.007722038985425443,0.00563840790708813,-0.005797112075608216,0.0057971120756082056,0.006984832225101012,0.0045351507520485805,-0.00634956503638792,0.03900218667288067,0.0222231816777012,0.0,-0.015504172207925167,0.0,0.0,0.05406724063500732,0.03390162018676702,0.0027285119907370934,-0.004576662532905611,-0.01036283888237005,0.019544577857628517,-0.031748668271916365,0.0,-0.005698015696033632,-0.00749066437138548,0.03183289637091773,0.005540175253055282,-0.041922337389423386,0.021505864937914572,-0.011560811248108578
2024-07-03,-0.0029585792223912073,0.0,0.0,-0.0024126016353442597,0.0057971120756082056,0.02849192869600681,0.0,0.0,0.0189280034789646,0.016260505111694797,0.07919702736432391,0.0,0.011650606432454828,0.0,-0.00913203031421607,0.017391725884585187,0.024692588360841736,0.01621655591423976,0.013667625367167828,0.005194812051598424,-0.012987183462619664,0.008032164006342388,0.0,0.011363747874334085,0.0,0.030850807712392885,0.01098917664011634,0.0,-0.03086630143051094,0.0
2024-07-04,0.007380135346866832,-0.0017778189361356159,0.0,0.006420561905805873,0.0,-0.005633812421074309,0.002317551153000248,-0.004535150752048731,-0.006269048596781177,0.0,-0.010204160244013221,0.0,-0.019493776560231886,-0.014184621799781008,0.06224235754995968,-0.011560811248108578,0.00809720241664188,0.0026773752071126027,0.0,0.005168026830771692,0.019418067876816054,0.0,0.013698830935582138,-0.011363747874334036,-0.007547198166129499,0.0,0.0,-0.021639154369449645,-0.009448882811972118,-0.011696028347801235
2024-07-05,-0.017804678380562083,0.003552398294753631,-0.007782133222499723,0.0,-0.005797112075608216,0.011236062731748627,-0.006968717944590637,0.0045351507520485805,0.012499929458773162,-0.005390843438307593,0.005115095676324177,-0.00435730129497175,0.0,0.0,-0.00865917072461757,0.011560811248108576,-0.016260505111694693,-0.0026773752071124826,0.0,-0.0051680268307717405,0.0063898681875254795,-0.00803216400634236,0.0,-0.005730669228098182,-0.007604682801389022,-0.002534853152055743,0.0,0.009331318432827333,0.003159219699047057,-0.023810696850553942
2024-07-09,0.0,0.0,0.00778213322249964,0.0,-0.005830914636476495,-0.01123606273174864,0.016185363935654933,-0.00909096283426231,-0.012499929458773222,-0.02185883831350347,0.0,-0.0043763704900786,-0.01188131666775865,0.014184621799781118,0.017242487868437434,0.0,0.01626050511169458,-0.005376351867712832,-0.018265330079867158,-0.010416751156715566,0.0,0.0,-0.013698830935582187,-0.005763699172500427,0.0,0.0,-0.027702642073505927,-0.012461208405468294,0.04019151748307987,0.017910980532380612
2024-07-10,0.0074571846399922774,0.0017715202003403935,0.0,0.0,0.0058309146364764605,0.02785699409877547,0.0,-0.009174367245604869,-0.012658954882183358,0.01098917664011634,0.0,-0.004395607327108627,-0.020121383893022513,-0.028573345677323704,-0.008583317143819998,-0.011560811248108578,0.0,0.01072395308077295,0.00459770471269931,-0.005249350958782499,0.012658384455781869,-0.00809720241664192,0.0,0.005763699172500381,-0.0076628657456105625,-0.002541294965066296,0.0222231816777012,0.00936043370728022,0.02395258309474322,-0.01190496206238883
2024-07-11,-0.014970325031890802,-0.0017715202003402964,0.007722038985425549,0.003992074614507899,0.017291480476206718,0.010929059852906027,0.004576662532905499,-0.004618941278365068,0.0,-0.005479460395804825,0.040005296451461635,0.026088411742531663,0.01612936642298423,0.0,0.0255335339857412,-0.011696028347801235,0.03953080149441634,-0.027028646259856074,0.004576662532905499,0.00524935095878255,0.018692114962761144,-0.0040733214317941755,0.0,-0.005763699172500427,0.0,0.04234750758217747,-0.011049891497366723,-0.006230543734639295,0.0,0.0
2024-07-12,-0.004535186876075657,0.003539823418899511,-0.007722038985425443,-0.004792336785996083,0.02259981060608287,-0.0054495994571012365,-0.004576662532905611,0.013793308523969955,0.012658954882183241,-0.0055097162443115645,-0.004914010196641963,0.0,0.0039920174700382215,0.014388723877542623,-0.02553353398574126,-0.005899716318173342,0.18361271136518356,0.0,0.004555812082213534,0.0,0.006153859705557772,-0.024794634182998078,0.0,0.039665218876341404,-0.007722038985425443,0.0,-0.011173290180334456,0.04879011804678982,0.08775140031774142,0.005970161462833876
2024-07-15,0.04879015384828129,-0.012444550792511331,0.007722038985425549,0.0015999987849359759,0.0055710398696598214,-0.033336454494580205,0.009132474615119254,0.004555812082213534,0.012499929458773162,0.005509716244311468,0.038652118810368695,-0.017316433925344432,0.02362312358736986,0.0,0.008583317143819982,0.005899716318173401,-0.00647250851269115,0.01360563881520608,0.0045351507520485805,-0.005249350958782499,-0.012345824011753648,-0.008403502976647062,0.0068728725305045495,0.03815179500526111,0.06744130691148817,0.009708805137453721,0.011173290180334477,-0.04255957431215057,0.085655453980998,0.005934800599554714
2024-07-16,-0.00724111985194358,0.0159718880473974,-0.03125251439316616,-0.0007997366134476643,-0.016807102601408698,0.022347277854463856,0.0022700922596937223,0.022472834177642478,-0.012499929458773222,-0.0055097162443115645,-0.01913932274293444,-0.017621584691752862,-0.01568658150052533,0.0,-0.017242487868437503,-0.005899716318173342,-0.03300626529690951,-0.01634912206919231,-0.018265330079867158,-0.010582099318558446,-0.006230543734639407,0.0,0.0,0.0,-0.01459878544734433,-0.00484262000285356,0.0,-0.006230543734639295,-0.012516065854885204,-0.005934800599554761
2024-07-17,-0.011696028347801235,0.0017590556835731538,-0.007968162080333081,0.007968162383086567,-0.011363747874334036,0.021858838313503486,0.0,0.004434592848067803,0.0,-0.005540175253055251,0.03791931146909461,0.004434592848067803,0.007874049039800558,-0.014388723877542694,0.008659170724617655,-0.005934800599554761,0.006688981750297954,-0.008275967183016215,0.00459770471269931,-0.01069527888945819,0.012422508040835311,-0.012739014169903484,0.0,0.015915440207621843,-0.007380100155453859,0.004842620002853491,0.0,0.0,0.032220594481910676,-0.005970161462834003
2024-07-18,-0.02833896616885961,-0.0035211269991762668,0.007968162080333152,-0.008768424554574822,0.0056980156960335475,0.0,0.002265058492354844,0.030503425769029403,0.006269048596781185,0.011049891497366831,0.022989495542170606,-0.017857600292718063,0.0,0.0,0.0,-0.005970161462834003,0.0066445364029446095,0.0,0.0,-0.016260505111694804,-0.012422508040835292,-0.012903392926887598,-0.006872872530504391,0.04124298071546938,-0.014925635610135437,-0.012150748225103945,0.016529351893171517,0.006230543734639169,-0.06291361130953993,0.0
2024-07-19,0.013523823866584305,-0.0053050893581823725,-0.04879011686415913,0.0008002621714882169,-0.005698015696033632,-0.03297005343621879,-0.0022650584923549115,-0.008620735070485731,0.0,-0.011049891497366723,-0.022989495542170633,-0.013605638815205929,-0.00787404903980047,0.014388723877542623,-0.00865917072461757,0.011904962062388738,-0.026847224257723082,0.0,-0.009216645991064273,0.0,0.012422508040835311,0.01290339292688759,0.0,-0.015267457310674819,-0.007547198166129499,0.004878053631136859,0.01086966167338728,-0.009360433707280194,0.0051816326125743994,-0.0060060184699918355
2024-07-22,-0.0044876265631250455,0.0017715202003403935,0.008298794604689352,0.0,-0.005730669228098182,0.011111215122715356,0.009029398458055669,0.04652007193207784,-0.012578438442576598,0.011049891497366831,-0.042761931471948116,-0.01843368345995696,0.0039447745809142575,-0.028987509324886983,-0.035401766073814844,-0.01190496206238883,-0.02758801266135205,-0.0027739243143501727,-0.0234203636621472,0.0,-0.012422508040835292,-0.012903392926887598,-0.0069204359934654305,0.0,-0.022989587532425013,0.002430074591113635,-0.02739901356655871,-0.015798101405066645,-0.02353047540774071,0.0
2024-07-23,-0.006015049907060273,0.0,0.016393793756152287,-0.0008002621714883632,0.0057306692280980846,-0.005540175253055251,0.004484308372104462,-0.0422004147914561,0.006309389845795259,-0.0055097162443115645,0.028710079677787145,0.0,0.007843170127777039,-0.014815071394203983,0.03540176607381495,0.0,0.04779070051613047,0.0027739243143502347,0.02803930494051221,0.01086966167338728,0.012422508040835311,0.004319657140621676,0.006920435993465473,0.015267457310674817,0.022989587532424978,0.03809992302983384,0.032789857004866425,0.0,-0.010638961820992394,-0.006042308797982368
2024-07-24,0.010502676470185306,0.0035335691578419213,0.00809720241664188,0.0,0.0,0.016529351893171517,0.0,0.008583735786265884,-0.006309389845795362,-0.005540175253055251,-0.004728136931999001,-0.004662008442114251,0.00778213322249964,0.014815071394204047,-0.00873325191508835,0.0,-0.02702864625985619,-0.005555564693543434,-0.03278990339455414,0.021391169524982982,-0.012422508040835292,-0.02178733381266773,0.0,-0.020408851769199293,-0.022989587532425013,-0.011751061047061672,-0.021739965507499584,0.0,-0.010752497672571115,0.0
2024-07-25,0.0,-0.001765265939282755,-0.016260505111694693,0.012728878722662798,-0.011494368400598594,-0.010989176640116305,-0.004484308372104509,-0.030371069598933625,0.0,-0.011173290180334456,-0.03865211881036878,-0.009389843352046762,0.0,-0.0606246546866435,-0.008810194052505695,-0.0060060184699918355,-0.013793308523969885,0.0,-0.04879011875636827,0.005277052121341313,-0.01257876994641129,0.0,0.0068728725305045495,-0.015584777987487312,0.007722038985425549,0.0,-0.016620931367026835,-0.012820752601721806,-0.021859075236966074,-0.006079040349402174
2024-07-26,0.05657786413657023,0.0,0.01626050511169458,0.02343855070452909,0.01149436840059853,-0.022347277854463853,0.0022447212687245473,-0.008849606874565673,-0.012738787823114864,0.0,0.014670176064580797,0.004705998747108145,0.007722038985425549,0.030771720754924695,-0.008888504008690758,0.0,-0.006968745732304421,0.0,0.02469258933002205,-0.010582099318558446,0.0,-0.008849606874565673,-0.013793308523969885,0.005221939105117212,0.0,0.00471698536904043,-0.01123606273174864,0.009630960387242236,0.0245578411953508,-0.006116221220186404
2024-07-29,-0.00992214674490124,0.005286392938459205,-0.00809720241664192,0.0030840396456734242,-0.005730669228098182,0.04959695960627495,0.006703876193146091,0.0,0.006389222786726918,0.0,0.004842620002853491,0.009345853047052903,0.003838772793776592,-0.030771720754924653,0.05218470819450195,0.006006018469991941,0.020762054256274358,0.0,0.03357626481238721,-0.016086122327765805,-0.01916997403301815,-0.00892862219116849,-0.006968745732304421,0.010362838882370154,-0.02334734233570233,0.02555310504718689,0.0,0.018987893619546243,-0.005404834968138519,-0.006153859705557642
2024-07-30,-0.004282691819163129,0.0,0.00809720241664188,0.004608298782495414,0.0057306692280980846,-0.016260505111694804,-0.011198261446627503,-0.004454346091905699,0.0,-0.01699756029540832,-0.009708805137453664,0.0,0.0,0.015504172207925104,0.0,0.005970161462833876,-0.013793308523969885,0.0,-0.01425200979295079,0.0,-0.05299247991408127,0.0,0.04779070051613047,-0.005168026830771852,0.023347342335702286,-0.01153419714406447,0.0,-0.003139716949284924,0.02673925238704693,0.006153859705557772
2024-07-31,-0.012959098076955297,-0.0017590556835730964,0.0,0.003824038282425155,0.0056980156960335475,0.07878086403518077,0.015642814932814345,-0.018018488085736913,0.0063495650363878855,-0.005730669228098182,-0.00980399092998061,0.00925931621435205,0.0,-0.03125251439316593,-0.02575275821821711,-0.018018488730808243,0.0,0.0,0.018958008540058968,0.005390843438307659,0.020202687854778384,-0.03653370752864489,0.0,-0.005194812051598307,-0.015504172207925167,-0.004651166791590379,-0.02285811627493258,0.027908761291375452,-0.005291298714929492,-0.006153859705557642
2024-08-01,0.0,-0.0017620713156031986,0.008032164006342388,0.009118596286677664,-0.011428684924131786,0.01503786298681836,0.015401777203588247,-0.018349120606183555,0.006309389845795259,0.0,0.004914010196641934,0.00459770471269931,-0.011560811779202035,0.04652006294016549,0.12260343145723261,-0.006079040349402174,0.03413297303352818,0.0,-0.014184734133149203,-0.005390843438307593,0.03278979205930277,0.018433683459957093,-0.02702864625985619,0.015504233340894498,0.015504172207925323,-0.033178366825146646,-0.005797112075608216,0.0,-0.0026557577074432775,-0.025001277987246565
2024-08-02,-0.013129313665576443,-0.0035335691578420145,-0.01612936642298425,-0.009118596286677643,0.0057306692280980846,0.004962784644457254,-0.00657170658541842,-0.05715847227587398,-0.012658954882183358,-0.023256839595909927,-0.04512039212778581,-0.037387608107253376,-0.0314986374880738,-0.015267548546999533,0.007662491772683095,-0.006116221220186404,-0.02721253704006281,-0.014025462222215328,-0.024097529426346284,-0.01086966167338712,-0.032789792059302734,-0.018433683459957186,-0.027779620457212675,-0.03125257552613559,-0.007722038985425443,-0.029341929202495235,-0.02950070672836339,-0.034217924315860966,0.026248023526828132,-0.03871455189064664
2024-08-05,-0.040454952122767174,-0.04525659080667688,-0.02469258836084179,-0.05895617199624898,-0.011494368400598594,-0.09878151166645639,-0.07529219655230758,-0.040005296451461676,-0.09340089154739818,-0.05439409122987858,-0.05264374505111869,-0.1053604778136064,-0.04499732203777661,-0.06351334559153617,-0.06301254510649505,-0.07647036738218058,-0.14045187592326097,-0.14898514138438723,-0.1026541179122432,-0.016529351893171514,-0.09065436478756768,-0.08743432922365924,-0.0070671606737855944,-0.08845540196788307,-0.08912779477563267,-0.10729243379604951,-0.05539872653036716,-0.06876686824473086,-0.05047530253471158,-0.10389957898924193
2024-08-06,0.0,0.011049825512574411,0.008298794604689352,0.019246882044693697,0.01149436840059853,0.01086966167338728,0.03263700965321155,0.030153009265626404,0.02076197860136569,-0.044451796226760175,0.026668221646324243,0.05657035905723801,0.01659787498817786,0.0,0.039845342749545244,0.019672747143666937,0.0,0.044879359748886016,0.026668221646324243,0.027399013566558723,0.05675284599720705,0.04467239775171133,0.0,0.0561945707695129,0.01680720250373278,0.037944960641269246,-0.006349221431296386,0.020134889076731333,-0.008207974795926993,0.07045167693278925
2024-08-07,0.015174783744514345,0.016349165381546196,0.0,0.00475436253643188,0.0,-0.02185883831350347,0.020431965332868684,0.019608453053774177,0.006826325831028138,0.05064376053295617,0.00524935095878255,0.03440139446747577,0.008196759194820213,0.07878089413853574,-0.02371676000695419,0.06291384145870009,0.02353047540774091,0.006250014291515601,0.025975523404794403,0.010752781438702735,0.020478511345710722,0.023981942745787976,0.0,0.03226083119837014,0.03278979077748378,0.033990229732573554,0.006349221431296268,0.029462005134981352,0.021740260255778382,0.006779680410128444
2024-08-08,0.0,0.008968618586220238,0.016393793756152287,0.0,0.0,0.005509716244311468,0.0,0.019231344291746166,0.013513346076362509,-0.0313504994185429,0.0,-0.00484262000285356,-0.008196759194820219,0.0,0.007969186902258075,-0.01846204523194002,0.05284252146414363,0.0,-0.010309421289296308,-0.0053619380003950825,0.0,-0.004750598454041881,-0.00711746112599564,-0.005305047197217205,0.008032164006342388,0.0076824886671031855,0.0,0.003220611732483714,0.02652644830717227,-0.013605638815206152
2024-08-09,-0.003016590718982364,-0.0035778179907354503,0.0,0.0,-0.005730669228098182,0.027101903507894546,-0.004504508009083828,0.0,0.013333167662159254,0.04362058034428698,-0.005249350958782499,0.028710079677787145,0.03239146451963686,0.04445171937906319,0.006920435993465473,0.018462045231939988,0.08455739039708698,0.0,0.025576878599971105,0.010695278889458152,0.046212799503952684,0.06453857080810949,0.021202188000719626,0.010582099318558432,0.023716504265574045,0.03509128625481997,0.03727135891299075,0.019108919496783342,0.03346495364894395,0.01360563881520608
2024-08-12,0.013503604006914336,0.01952149547408966,0.00809720241664188,0.007874048891978513,0.0,0.026386730271521403,0.017897658957141432,-0.004773274406909872,-0.006643825883743388,0.0417971597092635,0.031090619081118483,0.02790887272121241,0.003976144610294784,0.056352966134536546,-0.06407887905137646,-0.012270080925744142,0.0590335521056746,0.0,0.04927100269392677,0.005305047197217218,0.05032511172582238,-0.041007983627907654,0.0,0.01566610211549823,-0.007843170127777188,0.009803990929980647,-0.024692588966579474,-0.02556054882394767,0.007566236971051616,0.006734025694352132
2024-08-13,0.0,-0.005286392938459149,0.0,-0.00392933070461702,-0.005763699172500427,0.02061932901721869,0.01758285305156403,0.004773274406909948,0.0,0.0,-0.02061932901721874,-0.009216645991064273,0.0,0.06624932273335533,-0.029852933931718725,0.006153859705557772,-0.012820752601721806,0.006211194113952857,0.009569442282869125,0.005277052121341313,0.012195261569588601,-0.023530587180201755,0.013889181725769988,-0.02094315423683933,0.007843170127777039,0.02171379714056766,-0.01257876994641129,-0.0064935232786432545,-0.010100819119687977,-0.02721253704006281
2024-08-14,0.02792246875589721,0.007042276122147023,0.0,0.011741863019820668,0.0,-0.005115095676324061,0.015135358077368948,0.02353058718020202,0.01980260859668314,0.01162802671208463,0.02061932901721869,0.0,0.007905172057463819,0.01273908961882172,0.00754719816612951,-0.006153859705557642,0.0064308844141964675,0.05129331653169072,0.02353058718020202,-0.005277052121341222,0.012048327267974135,-0.024097529426346284,0.0,0.010526403080123953,-0.007843170127777188,0.0,0.018809313681050693,0.01935550126056622,-0.0547725446505927,0.020478511345710722
2024-08-15,-0.004357335848389311,-0.0035149388672608877,-0.00809720241664192,-0.003898692598713876,0.0,-0.03125257552613559,0.0,-0.01405185179416107,-0.006557747317314311,0.005763699172500381,-0.02061932901721874,-0.01869222673014813,-0.01188131666775865,-0.025642482545709326,-0.007547198166129499,0.006153859705557772,0.05608948888121459,0.0,-0.03791931146909455,0.0,-0.0060060184699918355,0.0,0.0,-0.005249350958782723,0.0,-0.004784693483860293,0.01234582401175363,-0.019355501260566236,-0.010781477573528977,-0.013605638815206152
2024-08-16,-0.010241449344885979,0.0017590556835731538,0.00809720241664188,0.0,0.005763699172500381,0.02611118106761112,0.0021436726244676144,0.037041347336331576,0.006557747317314381,0.0170944171024322,0.005194812051598424,0.09873485798747338,0.0,-0.013072069344937237,-0.007604682801389022,0.024243588837562967,0.006042308797982336,0.031840575089393544,0.014388724288892554,0.005277052121341313,0.011976179932825813,0.02884812788038816,0.020478511345710722,0.05129330693589695,0.023347342335702286,0.004784693483860255,-0.024845974668318813,0.003252032360632719,0.03723784283589765,0.01360563881520608
2024-08-19,0.0058651137113246805,-0.0017590556835730964,0.008032164006342388,0.009331319124831068,0.011428684924131866,0.030459177989626992,0.04603318816538209,0.018018488085736917,0.03846624554572604,0.04420611616796739,0.0,-0.05264368391814939,-0.008000035037559684,0.0,-0.06301290864209409,0.017804678380562166,-0.006042308797982368,-0.0028530662653855803,-0.004773274406909872,0.0,0.0,0.014117980284045808,0.006734025694352132,0.03440139446747577,0.007662865745610478,0.0,-0.025479137057503595,0.035091362519479585,-0.023779276153572684,-0.006779680410128465
2024-08-20,0.0,0.0017590556835731538,0.015873334137796822,0.0,0.0,0.02469258933002205,0.02424368459854837,0.0,-0.006309389845795362,0.0,0.01030942128929636,-0.004514675980943624,-0.012121348855462816,-0.02666822164632427,0.024097528503317263,-0.005899716318173342,0.0,0.0,-0.01932425501943638,0.0,-0.018018488730808243,0.00466200844211412,-0.006734025694352127,0.004819282006023322,-0.0076628657456105625,-0.041418849704199054,0.01916997403301824,-0.03509136251947972,-0.010752497672571115,0.0
2024-08-21,0.0,-0.0017590556835730964,-0.007905172057463813,-0.001549074721185609,-0.005698015696033632,0.009708805137453721,0.01976346956190654,0.0,0.012578438442576468,-0.005420062216286015,-0.005141394458524546,0.009009061234425433,0.020121383893022503,-0.04138525927241901,0.007905172057463819,0.005899716318173401,-0.01834912127514634,-0.014388723630732781,0.0,0.0,0.07583807476795272,-0.023530587180201755,-0.020478511345710583,-0.0696798544631259,0.0,0.00743503032719337,0.0,0.016103468899933356,0.0,0.0
2024-08-22,-0.010286669835800314,-0.0017620713156031986,-0.007968162080333081,0.007721928377400932,0.0056980156960335475,-0.019512796067434328,0.00390625114717297,-0.018018488085736913,-0.018928003478964547,-0.027549991219932752,-0.0051680268307717405,-0.004494385253481667,0.003976144610294784,0.027779620457212616,0.0,-0.005899716318173342,-0.050643760532955946,-0.002902756845474009,-0.004889980733338691,-0.005277052121341222,-0.011299544599374644,0.0,0.0068728725305045495,-0.015584777987487312,0.0,0.007380041503099141,0.006309163024485387,-0.003200075973045901,-0.002706069009753782,-0.04879020066207162
2024-08-23,-0.028466350364428353,-0.008857487652936065,-0.00803216400634236,-0.000769471039312027,-0.005698015696033632,-0.06618190533593832,-0.01571740043430144,-0.022989495542170633,0.0,0.005571039869660042,0.0,-0.018182301348111638,-0.003976144610294895,-0.013793308523969885,-0.04839649431693367,-0.017910980532380636,-0.006514674949928501,0.0,-0.024815145627894428,0.0,-0.005698015696033632,0.0,0.0,-0.02652672916679929,-0.007722038985425443,-0.014815071830292448,-0.025479137057503595,0.003200075973045783,-0.002714286327027394,0.014184621799781118
2024-08-26,0.0,0.0,0.0,-0.001540830910740826,0.0056980156960335475,0.03617968364880761,-0.009950368622447227,-0.009345853047052773,0.0063495650363878855,0.0,-0.02094315423683933,0.0,0.007936542086844474,-0.0139863119332428,0.008230491061099875,0.023810696850554036,-0.013158072193738508,0.0,0.005012537031210991,0.0,-0.005730669228098182,-0.014388724288892547,0.0,0.03174866827191641,-0.007782133222499723,0.02457123769823141,0.01282075260172188,-0.006410348654758466,0.002714286327027386,-0.0070671606737855944
2024-08-27,-0.006097574106164341,0.07537814709645621,-0.016260505111694693,-0.003862551706162266,-0.005698015696033632,-0.030930332690025084,0.01980260859668314,0.0,-0.00634956503638792,0.20067074362752085,0.0,0.004576662532905499,0.0039447745809142575,0.10676803280938996,0.0401660032558339,0.0,0.006600677798729651,-0.01759574466597464,-0.010050326220427584,-0.005305047197217205,0.0170944171024322,-0.014598785870792663,0.0,0.0,-0.023716504265574045,-0.009756165867939072,-0.006389868187525432,-0.009693120245174902,-0.016393793756152377,0.007067160673785595
2024-08-28,-0.003062786623056672,0.04359043346442572,0.008163302695052716,-0.0031007749274231857,-0.005730669228098182,-0.048266694674298775,0.019418067876816054,0.0046838446049385874,0.0,0.1278333498354689,-0.010638388086280346,0.0,0.007843170127777039,0.0,-0.015873334137796888,-0.005899716318173342,-0.02666822164632427,0.017595744665974633,-0.010152361634350827,-0.016086122327765805,-0.06416195354889612,-0.014815071830292448,0.0,-0.021053389382458272,0.015873334137796822,-0.04255957376771676,0.0,0.006472508512691137,-0.008298794604689418,-0.0070671606737855944
2024-08-29,-0.0015348816342027932,-0.004750560430466921,-0.016393793756152377,0.009273628583638286,0.011428684924131866,0.0,0.0,-0.05770837608360796,-0.01929319627851901,0.0039920174700382215,-0.01617284365498865,-0.027779536507009785,0.011650606432454828,0.012578769946411373,-0.00803216400634236,-0.03003232967976516,-0.048452419946204466,0.0057971120756082056,0.0,0.005390843438307659,0.011976179932825813,0.0,-0.006872872530504391,0.005305047197217218,-0.007905172057463813,0.02025383734307631,0.0,0.0064308844141964675,0.008298794604689352,0.0
2024-08-30,0.0,0.0,0.008230491061099654,0.0,0.022472834779709055,0.010929059852906027,0.0,0.0,0.019293196278519043,0.015810591126644992,0.010810905654593712,0.018605169261404868,0.007692338569246961,-0.06453853603873223,0.008032164006342388,0.0,0.04167273953607601,-0.017493140423409357,0.05460408232225419,0.03174866827191641,0.0,0.004962784644457254,0.0,0.020943154236839373,0.0,0.0271957171579793,0.0,0.009569517971307478,-0.008298794604689418,0.02797390860049385
2024-09-02,0.0015348816342027902,0.0,0.01626050511169458,0.0,-0.011173290180334456,-0.010929059852905997,-0.0038535657754703747,-0.00995032141084811,-0.006389222786726872,0.10064352080641695,0.01600032608667546,0.018265330079867182,-0.011560811779202035,-0.013423007444650008,0.007968162080333152,-0.006116221220186404,0.08474122389351064,0.0058651137113246805,0.004819282006023543,0.005194812051598424,0.0,0.0,-0.0069204359934654305,0.0505158032204401,-0.007968162080333081,0.007290484232693631,0.0,0.003169571647514219,-0.02817146166002607,-0.0069204359934654305
2024-09-03,0.012195261569588601,0.003169571647514219,0.01600032608667546,0.0,0.0,0.0,-0.017527162591723617,0.014888598400041446,-0.0064312305057525375,-0.043485070606336544,0.0,0.004514675980943573,0.015384904731036134,-0.013605638815206378,0.0,0.0,0.012422508040835311,0.008733671481950537,0.004796167875959231,0.0,0.029327657341137625,0.0,0.006920435993465473,0.004914010196641713,0.007968162080333152,0.012033770786742774,0.0,-0.003169571647514147,0.025389223758412505,0.08643249944485065
2024-09-04,0.0,0.0,-0.024097528503317416,-0.0023103019500529194,-0.005633812421074309,-0.0055097162443115645,0.0,-0.030002221687130723,0.006431230505752554,-0.06899289671643062,-0.010638388086280346,0.0,-0.003824092951833983,-0.013793308523969885,-0.03226083119837008,-0.006153859705557642,-0.012422508040835292,0.0,-0.02912824594941693,0.01030942128929636,0.0,0.0049382769891932795,0.0,0.004889980733338848,-0.01600032608667548,-0.016888144475949773,0.01904825264330729,0.0645384596407152,0.0,0.0
2024-09-05,0.0,0.0,-0.008163302695052731,0.02512506741675674,0.0,0.01643877609721746,0.019455847662528395,-0.010204160244013221,-0.019418067876815874,-0.003976144610294895,0.005333340889063095,-0.018182301348111638,-0.007692338569246892,-0.0139863119332428,-0.050430905852555906,-0.012422508040835292,0.04281995658395584,-0.008733671481950558,-0.019901135431252465,-0.005141394458524546,0.017192384096632155,-0.004938276989193394,0.0,0.014528087143476963,0.008032164006342388,-0.02712869987350858,-0.025479137057503595,-0.014992770651808117,-0.01969090016943569,-0.03896600825807999
2024-09-06,0.0,0.003159557196248903,0.0,-0.003766533124154619,0.005633812421074211,-0.0054495994571012365,-0.019455847662528253,0.0,-0.006557747317314311,-0.012024181476380584,0.0,0.004576662532905499,-0.01165060643245484,0.0,0.0,-0.01257876994641129,-0.03658941284931647,0.0,-0.015190150823567276,0.0,0.05526269178457542,0.0,0.0,-0.004819282006023266,-0.00803216400634236,-0.015113623287089144,0.0064308844141964675,-0.0687771089690918,0.014104896748521703,0.03257614007055468
2024-09-09,-0.0030349008403676337,-0.004743125031721568,0.01626050511169458,-0.004538581528542614,0.0,-0.02210039176283156,0.011718872653187043,-0.04189096361241605,0.025975815194130142,0.05109161327361807,-0.01069527888945819,0.004555812082213534,-0.007843170127777188,0.0,-0.017391726485559075,0.012578769946411373,0.018462045231939988,0.0029197072579049094,-0.036367671202459706,-0.01036283888237005,-0.005390843438307593,-0.00496278464445737,0.0068728725305045495,-0.009708805137453664,0.0,0.00506329706666151,0.0,-0.009756165867939072,-0.02553337886423942,0.0
2024-09-10,0.0,-0.00158600381204141,0.023905498144139267,0.023230750528405956,0.0,0.0,0.00580828993853671,-0.010752781438702633,0.0,-0.007692338569246892,-0.027249681751811177,0.009049826732992336,0.0,0.013986311933242724,-0.008810621353606442,0.006230543734639389,0.018127367617376385,-0.026589499349791757,0.03125257552613566,0.02570839358490771,-0.02185883831350347,-0.004987536766390735,0.0,0.0,0.008032164006342388,0.007547198392470162,0.0,0.0,-0.005764009452531501,-0.012903392926887598
2024-09-11,-0.02773672847561403,0.0,0.007843170127777039,0.0007404128791301703,0.0,0.011111215122715356,-0.019493776560231886,-0.02185883831350347,-0.0064312305057525375,-0.031375093227990605,0.005509716244311468,-0.004514675980943624,-0.023905498144139285,-0.0139863119332428,0.0,0.00619196430619583,0.011904962062388738,0.005970161462833876,-0.03125257552613559,-0.030930332690025084,-0.005540175253055251,0.009950321410848074,-0.027779620457212675,-0.03474291555044966,0.0,-0.017699560026821232,0.0063898681875254795,0.028987585848123706,0.022858427135565625,-0.019672747143667034
2024-09-12,0.01704148611219014,0.0015860038120415014,-0.007843170127777188,0.017608656430931565,0.005602250310674402,0.0,0.027186115129478976,0.08977004067529704,0.0,0.03522865900346101,0.043017343715516264,0.03118289762726816,0.023905498144139267,0.013986311933242724,0.06010396802593246,-0.006191964306195913,0.046250973016515456,-0.08053886202621932,0.020943154236839373,0.025841268122335892,0.011049891497366831,0.0,0.007017566200938237,0.005037789189216557,-0.00803216400634236,0.012674428640593855,-0.012820752601721806,-0.02247291089819518,0.0,0.013158072193738468
2024-09-13,0.0,0.0,0.0,-0.002913223617558587,-0.016901794910049166,0.04325000783848652,-0.009624658423989097,-0.0255768785999711,0.01917001832886746,0.015267548546999675,0.03617968364880761,0.034486144168593025,0.003929274458886224,0.0,-0.008368241322527534,0.01234582401175363,-0.15886989129864776,0.028618854006788503,0.0505158032204401,0.005089064567689096,-0.016620931367026835,-0.00496278464445737,-0.0070175662009383764,0.019901135431252496,0.0,0.029778905456556388,0.0,-0.026317283546611645,0.0,0.019418067876816054
2024-09-17,-0.001537314477385987,0.006319130401203841,0.0,-0.022870817063048665,0.0,0.0,0.0019323198547422245,0.01030942128929636,0.012578438442576468,0.00754719816612951,-0.020513581533309483,0.0,0.007812532460724927,0.0,0.05715835818668655,0.036148550899951566,0.019672747143666937,0.0,0.038652118810368695,0.04467239775171133,-0.051587319430090775,0.004962784644457254,0.0,0.07586579099648581,0.0,0.012150748225103956,0.0,-0.013423007444650008,0.0,0.08004277821157758
2024-09-18,-0.015504171634804215,0.021807697563044123,-0.007905172057463813,-0.008995554226729024,-0.011428684924131786,-0.010638388086280346,0.0038535657754703166,-0.02072617244601185,-0.006269048596781177,-0.026668312488599424,-0.015666102115498112,0.02096520853036046,0.0,-0.028170933733023873,0.0,-0.017910980532380636,0.07503519060608467,-0.028618854006788513,0.0,0.009661902008877073,-0.04820212692368263,0.0,0.0,-0.004576662532905611,0.0,0.0,0.0064308844141964675,0.0,0.041499790864574636,-0.01190496206238883
2024-09-19,0.026215853357795006,0.001539681452440343,0.015748342185240974,0.000752674128297501,0.0170944171024322,0.015915440207621624,-0.0019248807046657911,0.04604395597711438,-0.012658954882183358,0.0115164315210809,0.0,0.0,0.003883496430665815,0.028170933733023967,0.007905172057463819,0.0,0.023810696850554036,0.059485472455043514,0.02342036366214711,0.014320040736911063,0.03636761000595446,-0.014962858442059175,0.0,0.03603990164082969,-0.016260505111694693,0.05635299492905148,0.0063898681875254795,-0.05914769906293543,0.0502084637785559,0.017804678380562166
2024-09-20,0.0,0.03328594641198565,0.023167037953535825,-0.017457677997206537,0.0,0.02083412894626995,0.0019248807046657794,0.0,0.0063495650363878855,-0.003824092951833983,-0.005277052121341222,0.0,0.011560811779201974,0.013793308523969955,0.046162089048831456,0.041303837273963445,0.011696028347801337,0.0,0.0,0.03721367218611703,-0.030213750300396826,0.01000007379760166,0.007017566200938237,0.01754429313865675,0.008163302695052716,0.002280446157357698,0.012658384455781869,-0.04771542709974096,-0.020834353716999,-0.011834516917728074
2024-09-23,0.0045557759581865654,0.024982942333992245,0.015151880967518554,-0.0007660441330454824,-0.005665732178300458,-0.0051680268307717405,0.0019212741795516252,0.009950321410848074,0.0,-0.03509128718694264,0.0,0.008264501707599735,-0.011560811779202035,-0.013793308523969885,-0.022814746713128983,-0.005797112075608216,-0.011696028347801235,-0.00304413950903471,0.0,-0.02309569190207124,0.042048267218125074,-0.004987536766390735,-0.01408472687472389,-0.026433232078630325,0.0,-0.04662844908329522,-0.012658384455781838,-0.026668312488599424,-0.013244743638572651,-0.018018488730808243
2024-09-24,0.0,0.0014503597770113236,-0.022814746713128983,-0.003838827743183428,0.0498718483462677,0.005168026830771692,-0.0019212741795517096,-0.00995032141084811,0.031154817844781885,0.011834446516350102,0.005277052121341313,-0.012422507734227133,0.0,0.013793308523969955,0.030305411084514445,0.011560811248108576,-0.005899716318173342,0.0,0.0,0.004662008442114341,-0.017804678380562083,0.01980260859668314,0.0,0.008888938939973553,0.01612936642298423,0.025914319465980218,0.006349221431296268,-0.02739894861769571,-0.024292669118037107,-0.006079040349402174
2024-09-25,0.012048327267974135,-0.017544292527092442,-0.015504172207925167,0.008425987485783782,-0.005420062216286126,0.0,-0.0019248807046657911,0.0,-0.018576379402205273,-0.035931975019667446,-0.005277052121341222,-0.021053489516148174,0.0,0.013605638815206298,-0.00749066437138548,-0.047067536446463894,-0.06730368859275594,0.0,-0.032944236523098906,-0.018779988726160098,0.029500706728363458,0.0,0.007067160673785595,0.03478608362543126,0.0,-0.009345853047052549,0.03727135891299075,-0.03226083119837008,0.010869371704806565,-0.012270080925744142
2024-09-26,-0.0060060184699918355,-0.010378176228804997,-0.007843170127777188,-0.0007631214601751502,-0.010929059852906334,-0.0051680268307717405,-0.01162802671208472,-0.015113623287089257,-0.006269048596781177,-0.0040733214317941755,0.005277052121341313,-0.012848130670618841,0.0,-0.013605638815206378,-0.015151880967518485,-0.006042308797982368,0.025001277987246547,-0.003053434597129846,0.004773274406909948,-0.014320040736911007,0.028655228350540934,-0.06062462546868018,-0.028573345677323933,-0.008583735786265919,-0.032523160179136645,0.0046838446049385874,-0.01846204523194002,-0.16444948772869689,0.0,-0.006191964306195913
2024-09-27,0.003007518260451599,0.027922468755897423,0.007843170127777039,-0.011516376710594143,-0.00550971624431123,-0.026248201434056553,-0.029675786624270138,0.015113623287089218,-0.01904817766891028,-0.041672756445195636,0.0,0.03390162018676702,-0.007782133222499723,0.027028646259856418,0.015151880967518554,0.006042308797982336,-0.012422508040835292,0.0,0.014184734133149192,0.019048177668909923,-0.05218577361607031,-0.02638673027152166,0.014388723877542623,0.008583735786265884,0.008230491061099654,-0.007034075678021155,-0.01250015065656526,0.0,-0.013605936728211102,0.00619196430619583
2024-09-30,-0.009049827058433886,-0.004357335848389311,0.015504172207925323,0.01075278173406108,0.005509716244311248,-0.01069527888945819,0.004008017567521568,0.004987536766390722,-0.012903973491792115,0.01268524819362047,-0.005277052121341222,-0.012578870230597734,0.011650606432454828,0.013245214201674292,-0.015151880967518485,0.011976179932825813,-0.025317859565233025,-0.04695701393468262,-0.00470599874710827,0.0,0.011834516917728159,-0.06062462978497027,0.021202188000719626,-0.008583735786265919,-0.008230491061099628,-0.011834503060066504,-0.01904825264330718,0.023867459674933457,0.0,0.006153859705557772
2024-10-01,0.0,-0.0029154512243101086,0.007662865745610478,0.0,0.0,0.0,0.0039920174700382215,-0.004987536766390735,0.03195215116070232,0.05318221357639175,0.0,0.020877664835286622,0.034158976859985,0.0,0.02264254533890393,0.0,0.0,0.022187969592592127,0.01869222673014823,0.0,0.017493140423409482,0.08701136005649196,0.0,0.06265100531941245,0.008230491061099654,0.011834503060066448,0.0063898681875254795,0.032485535254118084,-0.019364059830248862,0.012195261569588601
2024-10-02,-0.0030349008403676337,-0.014706133467442603,-0.0076628657456105625,-0.003827074712457568,-0.011049891497366276,0.0,-0.01809097666929233,0.0,-0.012658954882183358,-0.028284686588075182,0.005277052121341313,-0.01247416185863973,-0.00749066437138548,-0.013245214201674278,-0.015037862537514927,-0.011976179932825855,0.0,0.0,-0.0234203636621472,-0.009478735386040972,-0.01749314042340947,-0.07571181545711722,0.0,0.00806455208365885,0.008163302695052716,-0.028641548253719132,0.006349221431296268,-0.04196427064015899,0.0,-0.030771629315981694
2024-10-03,0.0,-0.007435006955408705,0.0,0.0,0.0,-0.005390843438307593,0.012096910660476716,0.02469258933002205,0.0063495650363878855,0.008163302695052716,0.0,0.01659787498817786,-0.022814746713128983,0.0,0.0,0.0,-0.006430884414196457,-0.012618451621284445,0.014117980284045808,0.004750598454041804,0.011696028347801337,0.016713465433389387,0.0,-0.016194670287256973,0.00809720241664188,0.019185222072722358,0.012578769946411373,-0.014388724288892547,0.005571339187864406,-0.006269606921925834
2024-10-04,0.024025157223084573,0.0014914587396532666,-0.007722038985425443,0.0038270747124576703,-0.016807102601408698,0.010752781438702735,0.009970210619110657,0.0,0.006309389845795259,-0.0040733214317941755,0.00524935095878255,0.0,-0.015504172207925167,0.013245214201674292,-0.06252038902684118,-0.024391430073128693,-0.03947877380960061,0.006329128843763083,0.0,-0.004750598454041881,-0.005830914636476384,-0.011111215122715005,0.0069687457323044065,-0.012320472324358142,0.0,-0.009546602648708631,-0.018927991377707634,0.009615449881982607,0.0,-0.03846632052012326
2024-10-07,0.0,0.027922468755897423,-0.007782133222499723,0.002289255986560484,0.0,-0.010752781438702633,-0.00997021061911054,-0.014742267919173985,-0.025479408174662765,0.016194670287257,0.0,-0.012422507734227133,0.01934294500170171,0.013072069344937223,0.01600032608667546,0.012270080925744102,-0.013513706104480588,-0.03205407210259106,0.023095691902071138,-0.004773274406909872,0.0058309146364764605,0.0,-0.021053472607028428,-0.004140788578061818,-0.016260505111694693,0.007168425769638926,0.006349221431296268,-0.009615449881982605,0.0,0.019418067876816054
2024-10-08,-0.013443021956755858,0.01152749408229181,-0.007843170127777188,0.0,0.016807102601408712,-0.02185883831350347,0.009970210619110657,0.0,0.01917001832886746,0.0,0.0,-0.012578870230597734,0.03390160952948789,0.01290339292688759,0.02353047540774091,0.0,0.026847224257723172,0.028894514906342175,0.027028646259856202,0.009523872860951717,0.0057971120756082056,0.0055710398696598214,0.007067160673785595,0.0164612609024201,0.008163302695052716,0.014184734133149192,0.0,0.014388724288892554,0.005539582133629593,0.0
2024-10-09,-0.006033194946284295,0.002861229548440964,0.01562530335027686,-0.005349699292452594,0.0,-0.01671346543338964,-0.003976144610294895,-0.00995032141084811,-0.012738787823114864,0.02381062616420465,0.0,-0.021322749956169382,0.036367609480340964,0.0,0.022989587532424763,0.030032329679765296,-0.006644536402944578,-0.035430479775115716,0.013245214201674292,-0.00952387286095172,-0.053425186421348005,0.021978951350272665,0.0,-0.1076306619806904,-0.016393793756152377,0.0023446087642665318,-0.01916997403301815,0.014184734133149192,-0.00276595520044275,0.02531785956523302
2024-10-10,0.0,-0.0014296255537774901,0.007722038985425549,-0.0076923384281689326,0.0,0.0,-0.0019939691223690176,0.02955877446462218,0.012738787823114966,-0.00787404903980047,0.0,-0.057665586947089544,0.017699560667042275,0.01273908961882172,-0.022989587532424898,0.005899716318173401,-0.013423007444650008,0.01626050574209758,0.0,0.0,-0.006116221220186404,0.05806380726740487,0.007017566200938237,0.05741085279473969,0.024490996172794287,0.0,0.01282075260172188,0.013986227983039808,-0.0027736269331868875,0.006230543734639389
2024-10-11,0.0,0.0,-0.015504172207925167,0.0030840396456734242,-0.011173290180334456,0.005602250310674402,0.037222628125829924,0.023981942745787976,-0.00634956503638792,-0.03213124741166112,0.020726172446011965,-0.04196427064015899,-0.024868043407205727,0.0,0.007722038985425329,0.0,0.0,-0.016260505742097555,0.0,-0.004796167875959173,0.024243588837562967,0.020305246499891447,0.0069687457323044065,-0.01295913263037253,0.01600032608667546,0.0231491601459708,0.0,0.0,0.013792720642384446,-0.006230543734639407
2024-10-14,0.0015116785993233356,-0.0202318851496548,0.015504172207925323,0.009195458525095747,-0.011299544599374644,0.0,-0.0019248807046657911,-0.004750598454041881,0.012658954882183241,0.0,0.005115095676324177,0.014184734133149192,0.007168482740163504,0.0,0.007662865745610478,0.0,-0.006779680410128465,-0.0032840721155308204,-0.0266682216463245,-0.014528087143477158,-0.0060060184699918355,0.01000007379760166,-0.0139863119332428,0.008658054700508674,0.0,-0.00458715974260037,-0.012820752601721806,-0.013986227983039856,-0.013792720642384558,-0.018927991377707634
2024-10-15,0.013503604006914336,-0.0014608844092512056,0.007662865745610478,0.006083663328222917,-0.005698015696033632,-0.01123606273174864,-0.01162802671208472,0.0,0.02484542799898654,0.0,0.0,0.009345853047052903,-0.01077208683774765,0.012578769946411373,-0.031010208081312926,-0.005899716318173342,0.006779680410128444,0.009820036984304378,0.06115436581491772,0.02409752942634625,-0.012121349147384575,0.009901061633650749,0.0,-0.017391726485559075,0.015748342185240974,0.022728230139335913,0.0,-0.00470599874710827,-0.00557133918786435,0.018927991377707627
2024-10-16,-0.002985073975413314,-0.005865113711324481,-0.0076628657456105625,0.004538581528542563,0.016997560295408266,0.0,0.003891051702743542,0.004750598454041804,0.0,-0.008196759194820219,0.0,-0.01405185179416107,-0.007246401635032083,-0.02531785956523314,-0.023905498144139285,-0.01190496206238883,-0.020478511345710583,-0.006535964868773635,0.025105997108422026,-0.019231344291746142,-0.012270080925744142,-0.004938276989193394,-0.014184621799781234,0.0087336717850503,0.0,-0.013574856642605309,0.0,0.014051851794161085,0.005571339187864406,-0.018927991377707634
2024-10-17,-0.004494421052067099,0.013148425416264039,-0.007722038985425443,-0.0037806651777793077,0.0,0.005633812421074211,0.007736975009341366,0.004728136931999134,0.006116552109506405,0.02036728304325631,0.040005296451461635,0.014051851794161085,0.0036297645952369758,0.01273908961882172,0.008032164006342388,0.005970161462833876,0.0,0.0,0.004123713129538078,0.009661902008877073,-0.025001277987246565,0.0098522871858351,0.0071174611259955806,0.029980804656678066,0.0,0.01805916501470992,0.01282075260172188,0.03203932227516289,0.005539582133629593,0.006349221431296268
2024-10-18,0.0,0.0014503597770113236,0.0,0.0007572340585454044,0.011173290180334477,0.011173290180334477,-0.0038610049255467667,0.01869222673014823,0.006079367227838677,-0.004040405644838286,0.03846624554572583,-0.004662008442114251,0.0036166370397949996,0.0,0.007968162080333152,-0.005970161462834003,0.0,0.019481117474581363,0.0,0.009569442282869125,0.006309163024485387,0.0,0.0,0.0,-0.007843170127777188,0.0,0.006349221431296268,0.06538269808805301,-0.016713474313586666,0.012578769946411373
2024-10-21,0.014903462271929093,-0.027922468755897385,0.007722038985425549,-0.01602480122331549,0.011049891497366173,0.016529351893171517,-0.003875970083794585,-0.004640374935987102,-0.006079367227838798,-0.004056796771803692,-0.01425200979295079,-0.018868578738087744,0.0,0.0,0.007905172057463819,0.011904962062388738,-0.0069204359934654305,0.012779790653020142,-0.020790749056754862,0.014184734133149192,0.006269606921925908,0.061777413554239484,-0.00711746112599564,0.0926215014879228,-0.007905172057463813,-0.002239587103379891,0.012578769946411373,0.012578870230597634,0.024966612822341545,0.03681393811396401
2024-10-22,-0.002963032947646201,-0.0014914587396532822,-0.007722038985425443,0.004604871876229021,0.0,0.0,0.007736975009341366,0.004640374935987167,-0.01226975337834479,-0.0040733214317941755,0.0,0.00947873538604097,0.0,0.0,-0.023905498144139285,-0.005934800599554761,-0.021053472607028428,0.0,-0.004210628908069958,0.0046838446049385874,0.012422508040835311,0.05818189949218555,0.0,-0.0038535657754703747,0.0,0.00447427609926283,-0.018927991377707634,0.024692588360841518,0.0,-0.006042308797982368
2024-10-23,-0.025546032340903434,0.008915425984102181,-0.007782133222499723,0.0076276858564897805,0.010929059852906247,-0.010989176640116305,0.01149436840059853,0.013793308523969955,0.012269753378344656,0.0,0.009523872860951717,-0.004728136931999001,0.0,0.037271358912990965,-0.00809720241664192,0.0,-0.050920041845086486,-0.02898758584812364,-0.021322749956169382,0.0,-0.025001277987246565,0.0,0.0071174611259955806,0.0115164315210809,0.007905172057463819,0.004454346091905558,-0.006389868187525432,0.04374450748039222,0.04027397778001423,-0.012195261569588702
2024-10-24,-0.009174367245604869,-0.002963032947646201,0.00778213322249964,0.003035009432051241,-0.010929059852906334,0.0,-0.013423053471403153,-0.004576662532905611,-0.01226975337834479,-0.004089981263258574,0.0,0.06867691129404105,-0.007246401635032083,0.012121349147384488,0.024097528503317263,0.005934800599554714,-0.015037862537514927,0.0,-0.04405994813188352,0.0,-0.01273908961882177,-0.026433232078630325,-0.00711746112599564,-0.019268401161701743,0.0,-0.00892862219116849,-0.006430884414196457,0.003883496430666036,-0.005276581558239496,-0.01857636774639301
2024-10-25,0.013730143203791519,0.001482613918952638,-0.015625303350276884,0.0037806651777792717,0.010929059852906247,-0.03371102572879788,-0.005808289938536708,0.0,-0.01869222673014813,-0.0291081558963865,0.0,0.0,-0.0036429877979378762,-0.012121349147384462,-0.01600032608667548,-0.005934800599554761,0.015037862537514834,0.0032626425892958387,0.03540189343137482,0.004662008442114341,-0.025975462271824953,0.004454346091905558,0.028170933733023967,-0.027615141057407946,0.007843170127777039,0.0,0.0,0.03053678569855424,-0.010638961820992394,-0.006269606921925834
2024-10-28,0.0,0.007380135346866832,0.007843170127777039,0.018692168999863243,-0.027549991219932526,-0.04082202574173626,0.0,-0.004597704712699258,0.0,-0.02564240709679105,-0.023981942745788003,-0.004434592848067865,0.0,-0.0372713589129909,-0.016260505111694693,-0.005970161462834003,-0.015037862537514927,0.016155425287520342,0.0,-0.018779988726160098,-0.0334479020564528,0.004434592848067803,-0.028170933733023984,-0.00803216400634236,0.023167037953535825,-0.03189333259265751,0.01916997403301824,0.0,-0.010752497672571115,-0.0063091630244854185
2024-10-29,-0.006079040349402174,-0.014815142302275531,-0.007843170127777188,-0.004454346091905699,0.011111215122714917,0.011834516917728159,-0.0038910517027434606,0.013730179327818448,-0.006309389845795362,-0.0043383975598869666,-0.02457123769823142,0.004434592848067803,0.0036429877979378892,0.012578769946411373,0.01626050511169458,0.011904962062388738,0.044451719379062976,-0.0032102726817125823,-0.017544293138656752,-0.01913932274293444,0.040005296451461635,0.013186991843684803,0.0,-0.012170523848436116,0.03745761673310777,0.004618941278365039,0.006309163024485387,-0.0344202821292203,-0.01634912684889016,0.012578769946411373
2024-10-30,-0.007651102854389268,0.0029806253845472753,0.0,-0.0007443771046402197,-0.011111215122715005,0.0,-0.005865160460065537,0.018018488085736917,-0.012738787823114864,0.03419143356474797,0.004962784644457254,-0.017857600292718063,0.0,0.012422508040835311,-0.016260505111694693,-0.005934800599554761,0.021506185003538333,-0.0032206117324838006,0.00881062135360639,0.009615449881982607,0.02580793606434155,-0.01762158469175275,0.0071174611259955806,-0.012320472324358142,0.007326033054169503,0.006888599648832427,0.006269606921925908,0.015444308209867733,0.01904789280727496,-0.01257876994641129
2024-11-01,0.010695242363423906,-0.0044742406203072075,0.0,0.0,0.0,-0.011834516917728074,-0.00787404903980047,-0.004474276099262872,0.012738787823114966,-0.012685248193620501,-0.02000064763127562,0.0,-0.0036429877979378762,-0.012422508040835292,-0.00823049106109974,0.005934800599554714,0.02105347260702841,0.0,0.017391726485559075,0.004773274406909948,-0.01929326111441309,0.008849606874565697,0.0,-0.025105997108422158,-0.03717896698588821,-0.002290894936133112,0.0,0.04128170968494164,0.034441035720419705,0.006309163024485387
2024-11-04,-0.0030441395090345987,-0.009009061234425377,0.0,0.0037161446512702246,0.022100391762831545,-0.018018488730808243,0.019570077931191202,-0.013544211986474024,-0.00634956503638792,-0.012848130670618841,0.029852934817111043,0.0,-0.0036563076970486936,0.0,0.024490996172794505,0.01176483002949803,0.006920435993465473,-0.032789792059302734,-0.008658054700508611,-0.009569442282869082,0.019293261114413214,-0.017778229065734136,-0.00711746112599564,0.008438961181205244,0.00754719816612951,0.013667625367167828,0.0,-0.026072214840532067,0.00778213322249964,0.0
2024-11-05,0.0,0.014970325031890788,0.007843170127777039,0.013264736073119187,-0.016529351893171514,0.0,0.0038684732099547887,0.009049826732992336,0.0,0.0,0.0,0.0,0.0,0.0,-0.024490996172794488,0.0,0.0,0.0,0.0,0.009569442282869125,-0.006389868187525432,0.00447427609926283,0.028170933733023967,0.020790749056754806,0.007490664371385532,0.002259831956616852,-0.006269606921925834,-0.026770306623611476,0.0,0.0
2024-11-06,-0.0015255154663801325,-0.004467648561705646,0.0,0.024585452583233972,0.0,-0.012195261569588702,0.017225335801884338,-0.009049826732992296,0.0063495650363878855,-0.00431965714062166,0.024214235752774975,0.004494385253481691,-0.02597546112271001,0.0,0.008230491061099875,0.0058309146364764605,-0.013889181725769854,0.0,0.004338397559886872,0.0,0.0063898681875254795,0.0,0.0,-0.012422507734227357,0.0,0.037656737455701646,0.018692114962761144,-0.015625303350276884,-0.01825389384950109,0.0
2024-11-07,0.007604555815782253,-0.00598803628782689,0.0,0.0035651137997288456,0.0,-0.043894227311626004,0.0,0.0045351507520485805,0.006309389845795259,-0.0086956988548587,0.004773274406909948,0.00447427609926283,0.007490664371385532,0.0,0.0,-0.011696028347801235,-0.01408472687472389,0.03278979205930277,0.0,0.02353058718020202,-0.03896600825807999,-0.004474276099262872,0.0,0.0,-0.00749066437138548,0.0,0.006153859705557772,-0.04839649431693391,0.013072261236926924,-0.01904825264330718
2024-11-08,-0.006079040349402174,0.013423043243235585,-0.007843170127777188,0.0,0.0,-0.006430884414196457,-0.0038022823304811517,-0.004535150752048731,-0.006309389845795362,0.004357301294971688,0.0,0.004454346091905558,0.022141104448373364,-0.012578769946411402,-0.01652928566578902,0.011696028347801337,-0.00711746112599564,-0.032789792059302734,-0.021882690698543768,-0.004662008442114251,0.019672747143666937,-0.009009061234425377,-0.006968745732304421,0.0041580060266276225,0.0,0.006500610052404639,-0.01857636774639301,-0.029352284120837194,-0.007822720574669597,0.0063898681875254795
2024-11-11,0.0015232643912154726,0.008849606874565697,0.0,0.037028344697421584,-0.011173290180334456,-0.019544577857628528,-0.03095021606312692,0.0045351507520485805,0.006309389845795259,0.012959132630372629,-0.014388724288892547,-0.00892862219116849,0.0036429877979378892,0.012578769946411373,0.008298794604689132,0.0,0.0,0.0,-0.026907427025710466,-0.009389843352046762,0.0,0.0,-0.0355909118782622,0.0164612609024201,0.0,0.0,0.018576367746392982,-0.008547052740754846,0.007822720574669664,-0.006389868187525432
2024-11-12,0.0015208751178189123,-0.008849606874565673,0.0,0.017001364799109842,0.0,-0.04714673299203494,0.00587655615926881,-0.027524646294219343,-0.006309389845795362,0.012793339753170128,0.0,0.0,-0.014652262710496819,0.0,-0.008298794604689195,0.0,0.0071174611259955806,0.0,0.0045351507520485805,0.02331116800851309,-0.013072069344937237,-0.018265330079866932,0.0,0.012170523848435998,0.0,0.002157444648104033,-0.006153859705557642,0.012793339753170128,-0.013072261236926865,0.0063898681875254795
2024-11-13,0.003034900840367581,0.0,0.023347342335702286,-0.0006744874006913333,0.005602250310674402,0.0068728725305045495,0.02887594223433922,0.004640374935987167,0.0,0.008438961181205244,0.009615449881982607,-0.004494385253481667,0.039788212309272195,0.0,0.0,0.0,-0.00711746112599564,-0.04082195478382607,0.013483337333688235,0.013730179327818448,0.013072069344937223,0.0,0.04948009360403224,-0.004040405644838063,0.07946417882350025,-0.0021574446481041364,-0.012422508040835292,0.02096520853036046,0.0,-0.019293261114412975
2024-11-14,-0.007604555815782332,0.016164956316096282,-0.007722038985425443,0.03122132362262128,-0.011236062731748753,-0.0068728725305046146,-0.030830928590337404,0.03636760869192039,-0.012738787823114864,-0.004210628908069958,0.0,0.008968661352744546,0.010582099541046563,-0.012578769946411402,0.0,0.017291480476206718,-0.021661476270717493,-0.09844015274285281,-0.018018488085736913,0.0,-0.006514674949928389,0.004597704712699089,-0.020906747926708304,0.024001129208062993,0.006920435993465473,-0.00867683549940095,-0.025317859565233025,0.012371279639161452,0.0,0.0
2024-11-15,0.0,-0.0014588228486537443,0.0,0.012349883516633077,0.016807102601408712,0.020478511345710722,0.009737119578498144,0.02207593078365852,0.006389222786726918,-0.008474619285550513,0.0,-0.018018488085736913,-0.021277378657777766,-0.01273908961882177,-0.008368241322527534,0.011363747874334085,0.007272752393174878,0.007633708561898423,0.009049826732992336,0.009049826732992336,-0.006557394395008837,0.0,-0.02135310453994464,-0.03213124741166112,0.013698830935582138,0.010834280147504947,0.0063898681875254795,0.012220099466856435,0.005249540662257196,0.0
2024-11-18,0.0015255154663800427,0.01161115007916917,0.0,0.00451181230086644,-0.011173290180334456,0.026668221646324243,0.007722038985425329,-0.013186991843685034,0.0,-0.030239857156177868,0.0,0.013544211986473934,0.042111528517958616,0.025317859565233237,0.008368241322527527,0.016807102601408712,-0.01459878544734433,0.05905769245719497,0.0,0.0,0.0065573943950087855,0.0,0.02135310453994471,-0.020619266929047586,0.013513706104480555,0.017094417683034057,0.0,-0.04555658763637831,0.0,0.006472508512691137
2024-11-19,-0.0015255154663801325,0.017167855447717595,0.022989587532424978,-0.010342680732191866,0.005602250310674402,0.025975462271824908,0.0019212741795516252,-0.004434592848067865,0.0063495650363878855,0.0,0.014252009792950849,0.00447427609926283,0.02712027991365864,0.012422508040835311,-0.025317884400500992,0.005540175253055062,-0.007380100155453859,0.069231808431617,0.004494385253481691,0.008968661352744546,0.0,0.0,0.0,0.0,-0.006734025694352127,0.027169930139462162,0.03135049941854301,-0.012793339753170103,0.007822720574669664,0.0064308844141964675
2024-11-20,-0.004590705753806298,0.011283606598056476,0.037178966985888275,0.007767021786537967,0.0055710398696598214,0.0,0.007648213516381114,-0.09309044632636138,0.0,-0.0311828976272682,0.014051851794161085,0.0,-0.020270944779137542,0.0,0.0,-0.005540175253055028,-0.007434971238749889,0.0033388980759683543,-0.03189333259265751,0.0,0.006514674949928268,-0.0045977047126990345,-0.028573345677323933,-0.01680720250373277,-0.006779680410128465,0.010256539293318255,-0.012422508040835292,0.0,-0.007822720574669597,0.0063898681875254795
2024-11-21,-0.0030721961115888004,-0.03424018482925475,-0.02214110444837323,-0.005171305792347143,0.0,-0.025975462271824953,0.0,0.014528087143477182,-0.00634956503638792,0.017937683425593834,0.013857020927051397,-0.018018488085736913,0.0,0.0,-0.034786083625431376,0.011049891497366173,0.014815071394203828,-0.05833560397195511,0.009216645991064322,0.02207593078365852,-0.006514674949928389,-0.013921324656466528,0.0,-0.03448614416859313,-0.013698830935582187,0.014184573314255006,0.0,-0.012959132630372643,-0.005249540662257142,0.0
2024-11-22,0.0,0.008670566485265756,0.014815071394203828,0.0025889032228588664,-0.005571039869659899,-0.02666822164632427,0.0,0.014320040736911063,0.0063495650363878855,-0.059514181513974265,0.0,0.0,0.0,0.012270080925744102,0.0,0.005479460395805221,0.0,-0.02867577301767471,0.013667625367167828,0.0,-0.026491590346980957,0.0,0.007220241137379365,0.013072069344937442,-0.020906747926708304,0.004016066001746044,0.006230543734639389,0.012959132630372629,-0.002634857674509929,-0.006389868187525432
2024-11-25,-0.0030816635939688655,-0.0014398493690989955,-0.022305735765589314,-0.0032372472163903583,0.0,0.0,0.028170894627331584,-0.004750598454041881,0.012578438442576468,0.02331116800851309,-0.004597704712699258,-0.009132474615119266,-0.01721211192872009,0.0,0.0,-0.005479460395805272,-0.007380100155453859,0.018018488472779662,0.0,0.01731643392534446,0.019934195951972208,-0.01411798028404588,0.02837067074088294,0.0256424070967911,0.04138525927241881,0.005994066008815688,0.0,0.046129827922691984,0.002634857674509872,0.02531785956523302
2024-11-26,0.007686462110632219,0.03955314108167029,0.022305735765589245,-0.01108590164222051,-0.011236062731748753,-0.013605638815206041,-0.011173289684249603,0.02353058718020202,0.006230880861992153,0.0,-0.009259316214352087,-0.018519029369165625,-0.021053472607028428,-0.012270080925744142,0.01754429313865675,-0.00550971624431123,-0.007434971238749889,-0.014388723877542694,-0.09984535223078958,0.02960054225690296,0.0065573943950087855,0.009434135679107399,-0.021202188000719557,0.00840350297664704,0.0,-0.01606458712121865,-0.02515853511234698,-0.05908896055306461,-0.005276581558239496,-0.018927991377707634
2024-11-27,-0.013878426416828267,0.02191873027387427,0.007326033054169503,-0.021876840628247265,0.011236062731748845,-0.013793308523969998,0.02770253228414351,0.0,0.0,-0.004618941278365068,0.0,-0.004683844604938501,0.010582099541046563,-0.012422508040835292,0.03419143356474797,-0.005540175253055028,0.014815071394203828,0.04948009360403224,0.0,0.028749385132645223,0.032157157495637884,0.0,0.0,-0.004192874068577021,-0.006779680410128465,-0.008130118203598055,0.006349221431296268,0.0,0.018348842795166298,0.006349221431296268
2024-11-28,-0.007794301506256358,0.0027063589783342767,-0.007326033054169456,0.0053476012130598,0.0,0.006920435993465473,-0.022100326621142717,-0.004662008442114251,0.0,-0.004640374935987102,0.07177961326642489,-0.009434135679107251,0.01739180905944718,0.0,-0.02553337886423942,-0.011173290180334456,-0.007380100155453859,0.0,-0.005012537031211045,0.01207256965118073,-0.01916997403301815,0.018605169261405086,0.028170933733023967,-0.004210628908069958,-0.006825958405077556,-0.010256539293318228,0.0,0.008658054700508674,0.0,-0.01273908961882177
2024-11-29,0.0015637577716169188,0.027983176320579322,0.007326033054169503,0.009950368622447272,0.0055710398696598214,0.0,0.0037174729405287568,-0.018868578738087744,0.006192297271374858,0.00925931621435205,0.0,0.01877998872616016,0.0034423408007335458,-0.012578769946411402,-0.017391726485559075,-0.01699756029540832,0.0,-0.05310985819926934,0.014962858442059178,-0.004008017567521535,0.01282075260172188,0.018265330079866967,0.0,0.00840350297664704,-0.0068728725305046146,0.0,-0.01916997403301815,0.0,-0.01834884279516634,0.01273908961882172
2024-12-02,-0.004698553648322654,-0.014560168875929314,0.0,0.011811149287128673,-0.011173290180334456,0.0,-0.0037174729405288795,0.004750598454041804,0.0,-0.004618941278365068,0.01290339292688759,-0.01405185179416107,0.0,0.037271358912990965,0.05959214127701516,0.02259981060608287,0.014706133209623233,-0.0183491210075612,0.029270355062651254,-0.020284651550515627,-0.01929326111441309,0.009009061234425433,-0.04255965761056675,-0.004192874068577021,0.013698830935582138,-0.010362727635729357,0.025479137057503713,0.025533378864239318,0.01314031433258025,-0.006349221431296386
2024-12-03,-0.0062992275151358326,-0.0040080494843330395,0.01449299353055419,0.02384895082196462,-0.005633812421074309,0.013698830935582138,-0.007476663345923112,0.0,0.012269753378344656,-0.004640374935987102,-0.012903392926887598,0.004705998747108145,-0.027876425982328246,-0.0372713589129909,-0.03361667900519022,0.0,0.0,-0.03007751657765391,-0.004819282006023489,0.01626050511169458,0.006472508512691357,0.013363215039236298,0.0,-0.004210628908069958,-0.006825958405077556,0.014477955945062041,-0.03195164557019492,0.0,-0.007863732774340809,0.0
2024-12-04,0.0,0.004008049484332985,0.0,0.0,0.0,0.0,0.011194136286451873,0.0,0.006079367227838677,0.027524646294219378,0.03404591007343813,0.0046838446049385874,0.007042276122147463,-0.03871455189064653,0.05001047276134278,0.0,0.0,0.05567303922024707,0.014388724288892554,0.0,-0.012987183462619664,-0.013363215039236369,0.028573345677324,-0.004228332273135299,0.0,-0.004115228309332698,0.012903392926887811,0.049190196106353674,-0.005276581558239496,0.012658384455781869
2024-12-05,0.07602443830895328,-0.005347601213060212,0.0,0.003179695437891601,0.0,-0.006825958405077556,0.0,0.004728136931999134,-0.006079367227838798,-0.00909096283426231,0.0,0.0,0.006993029078342827,0.03871455189064657,0.01612936642298423,-0.011236062731748753,0.01449299353055419,0.04586345656423724,0.014184734133149192,0.01600032608667546,0.019418067876816054,-0.018100024068687628,-0.0070671606737855944,-0.02575247238354272,0.0,-0.004132233417370393,0.0,-0.032523160179136874,0.002641723883729479,-0.0063091630244854185
2024-12-06,0.007294006166824571,0.010666757631380147,0.0,0.0,0.0,-0.0068728725305046146,0.02383249668351827,0.01869222673014823,0.006079367227838677,0.03146323910792397,0.01659787498817786,-0.009389843352046762,-0.010507967945603857,0.0,-0.00803216400634236,0.033336454494580246,0.049132724997157345,-0.060409153694255896,0.0046838446049385874,0.0,-0.01290339292688771,0.0,0.0,0.021506185371127504,-0.0068728725305046146,0.0041322334173704315,-0.006430884414196457,0.0,0.0,0.006309163024485387
2024-12-09,0.017291480476206718,-0.00932720590265289,-0.014492993530554128,0.009478779942253199,0.0,0.0,0.0018099966406076196,-0.009302383378101402,0.012048005612666652,-0.008888938939973515,-0.012422507734227133,-0.004728136931999001,0.020906747926708276,-0.01273908961882177,0.01600032608667546,-0.005479460395805272,-0.027779620457212675,0.028882846799008224,0.004662008442114341,-0.007968162080333081,-0.013072069344937237,0.004555812082213534,0.0,-0.00854705274075507,0.0,-0.006204721609101773,0.0,0.016393793756152505,0.002634857674509872,-0.0063091630244854185
2024-12-10,0.0014275846419460737,-0.009414957960316982,0.0,-0.006309253468282422,-0.005665732178300458,0.0,0.01792160900431279,0.009302383378101268,0.011904577482076571,-0.004474276099262872,0.004158006026627401,0.0,0.03056262071439213,0.01273908961882172,0.015748342185240974,0.0,-0.014184621799781234,-0.03993267231158277,0.0,0.0,0.0065573943950087855,-0.00455581208221365,0.0,0.0,0.0,-0.0062435602179554415,0.0064308844141964675,0.01612936642298423,0.0,-0.006349221431296386
2024-12-11,0.0,-0.013605638815206041,0.007272752393174878,-0.015306407317836763,0.0,0.013698830935582138,-0.007130148014993584,0.022884271358232112,0.0,-0.004494385253481667,-0.10489958040608878,0.0,0.006666685000289954,0.012578769946411373,-0.023716504265574045,0.0,-0.007168482740163348,0.0,0.00925931621435205,-0.09651090878326068,0.006514674949928268,0.01360563881520608,0.007067160673785595,0.012793339753170346,-0.013889181725769854,-0.060233199194507994,-0.03257614007055464,-0.012072569651180576,0.0,-0.012820752601721806
2024-12-12,-0.0028572101957235565,0.006825925967175673,-0.0072727523931748195,0.003848622129853142,0.0,0.040005296451461635,-0.016231222225163745,-0.004535150752048731,0.005900035814156972,0.0,0.04505262038002677,0.0,0.006622534486526702,0.012422508040835311,0.007968162080333152,0.03774029159417551,-0.014492993530554128,0.003696858297064305,0.0,0.030371069598933553,0.006472508512691357,-0.004514675980943847,-0.014184621799781234,-0.008510681896768226,0.0,0.019759078498560335,0.006600677798729651,-0.012220099466856465,-0.002634857674509929,0.0
2024-12-13,-0.00717874073779979,-0.002724794759475359,0.0,0.003833867006307342,0.0,0.012987183462619612,0.0,0.0045351507520485805,0.023257155955975783,0.022272614319215803,-0.026787290300159524,0.004728136931999134,-0.003305785007903514,-0.02500127798724679,0.0,-0.01600032608667548,-0.007326033054169456,-0.011131829535814333,-0.009259316214352087,0.016949643077973472,0.0,0.02237227627366165,0.014184621799781118,-0.034786083625431376,0.0069687457323044065,0.019376311895713504,-0.01993419595197219,0.0,-0.005291298714929492,0.0064308844141964675
2024-12-16,0.010035950933523375,-0.01235433070599784,0.007272752393174878,0.020202689071197957,0.0,0.01282075260172188,0.0,-0.013667625367167967,0.04495115070847227,0.0,0.004514675980943573,0.0,-0.016694862623372227,0.0,0.02353047540774091,-0.02173996550750004,-0.022305735765589314,0.0,-0.009345853047052773,0.008368241322527748,-0.012987183462619664,-0.004434592848067865,0.0,-0.04525654763189394,0.006920435993465473,0.0,0.006688981750297954,-0.00823049106109974,0.002649574831199833,0.01273908961882172
2024-12-17,0.0,-0.01671346543338964,-0.021978885602798193,0.012422597263839433,0.022472834779709055,0.006349221431296268,-0.00546951416072432,0.009132474615119254,-0.03352266859275458,0.0,-0.013605638815205929,0.014051851794161085,0.029852934817110828,0.0,-0.0077821332224999465,0.010929059852906247,0.007490664371385532,-0.02646663829073795,-0.03341607842489527,-0.0041753672539506705,-0.006557394395008837,0.0,0.0,0.027398947339175996,0.013698830935582138,-0.019376311895713497,0.013245214201674292,0.0,0.06404213015284581,-0.01273908961882177
2024-12-18,-0.0648238750726771,-0.005633812421074309,0.014706133209623233,0.027398990894120515,0.0,0.0,-0.00918274854977246,-0.009132474615119266,-0.011428482115717668,-0.008849606874565673,-0.004576662532905611,0.004640374935987167,-0.003273322279477878,0.0,0.0,0.0,-0.00749066437138548,0.026466638290737893,0.0,-0.01263183524978237,0.0,-0.00892862219116849,-0.014184621799781234,-0.009049826732992521,-0.006825958405077556,0.006500610052404639,0.0,-0.01247416185863973,-0.007472009514215486,-0.006430884414196457
2024-12-19,-0.001523264391215536,0.016807102601408493,0.01449299353055419,-0.0048164665491285535,-0.016807102601408698,-0.03871455189064664,-0.00740743408268955,-0.013857020927051348,0.0,-0.017937683425593903,0.0,-0.004640374935987102,-0.0032840721155309315,0.012578769946411373,-0.01574834218524093,0.005420062216286035,0.007490664371385532,-0.01883292972883958,0.0,0.041499790864574636,-0.006600677798729731,0.0,-0.014388723877542694,0.0,0.006825958405077651,0.0,-0.006600677798729731,0.004175367253950713,-0.012579044769189711,0.0
2024-12-20,-0.01691049299698259,-0.00976974905423185,0.0,-0.040645951484961265,0.0,0.025975462271824908,-0.011215059824510343,0.0,0.0,0.009009061234425433,0.02267668660159317,-0.01405185179416107,0.013072069344937223,-0.012578769946411402,0.007905172057463819,-0.005420062216286126,-0.00749066437138548,-0.01532604713114537,0.004842620002853491,-0.0040733214317941755,0.006600677798729651,0.008928622191168457,0.0,0.009049826732992556,0.020202687854778384,0.01713102331206806,-0.006644536402944578,-0.008368241322527647,0.007566236971051616,-0.00647250851269115
2024-12-23,0.007722075665207282,-0.008450746288091669,0.0,-0.051591110753637,0.011236062731748845,-0.006430884414196457,0.018622493907199816,0.004640374935987167,0.0,-0.027274391314292535,-0.013544211986474024,0.01869222673014823,0.0,-0.01273908961882177,0.0,0.0,-0.007547198166129499,0.0038535657754703166,-0.00484262000285356,-0.03742646943278041,-0.013245214201674278,0.0,0.007220241137379365,0.0,-0.006688981750297861,0.0,0.0066445364029446095,0.004192874068576918,-0.007566236971051522,0.0
2024-12-24,0.0,0.002824857876867503,0.02135310453994471,-0.007306520903157377,-0.005602250310674478,0.01282075260172188,0.0,-0.004640374935987102,0.0,0.00459770471269931,-0.00455581208221365,-0.009302383378101402,0.003241490918010655,0.0,0.01562530335027708,-0.005449599457101125,0.015037862537514834,0.0,0.0,-0.004246287012415234,0.0066445364029446095,0.0,0.0,-0.009049826732992521,-0.006734025694352127,0.0,0.0,0.0,0.0,0.0
2024-12-26,-0.010827665349011976,0.018169561779806172,0.013986311933242724,0.019802608596683573,0.005602250310674402,0.012658384455781869,0.011009274912558846,0.022989495542170606,0.02272772800680976,0.009132474615119254,0.004555812082213534,0.009302383378101268,-0.003241490918010739,-0.012903392926887598,-0.039530801494416325,0.005449599457100964,-0.00749066437138548,-0.01160553541609122,0.019231344291746166,-0.012848130670618841,0.02614525565635826,0.004434592848067803,0.0,-0.018349120606183555,-0.006779680410128465,0.008456701919078527,0.03896600825807992,0.008333373280578048,-0.010177925889735463,0.0
2024-12-27,-0.007806396258433195,-0.01958102691575883,0.013793308523969955,0.02389525153782668,-0.005602250310674478,0.018692114962761144,0.0,-0.009132474615119266,-0.005633310323775715,0.022472834177642478,-0.00455581208221365,0.004618941278365039,0.0,0.01290339292688759,0.008032164006342388,0.0,0.014925635610135518,0.011605535416091326,0.00947873538604097,0.025533378864239318,0.03174874397942956,-0.013363215039236369,0.02135310453994471,0.0,0.0,0.004201682855065479,0.006349221431296268,-0.02096520853036036,0.015228709643090354,-0.006514674949928501
2024-12-30,-0.0015686636756817227,-0.004246253050879766,-0.0068728725305046146,-0.010908068075207372,0.0,-0.006191964306195913,0.0,-0.009216645991064273,0.01680720250373278,0.017621584691752862,0.03146323910792397,0.013730179327818448,-0.003252032360632655,-0.025975462271824838,0.007968162080333152,0.0,0.014706133209623233,-0.01160553541609122,0.02331116800851309,0.020790749056754806,0.006230543734639389,0.013363215039236298,0.0,0.009216645991064322,0.006779680410128444,0.01250015096701796,0.018809313681050693,0.008438961181205244,-0.0050507837533548105,0.012987183462619612
2024-12-31,0.05050804631056528,0.01408472616525095,0.0068728725305045495,0.002577318638725776,-0.005633812421074309,0.0,0.0,0.0,-0.011173892179957092,-0.02207593078365859,-0.022372276273661795,0.022472834177642478,0.0,0.0,-0.01600032608667548,0.005420062216286035,-0.029631768819758736,0.011605535416091326,0.03174866741355533,0.0,0.01234582401175363,0.0,0.0,0.009132474615119254,-0.006779680410128465,-0.008316048409686872,-0.006230543734639407,0.0,0.005050783753354663,-0.00647250851269115
2025-01-02,-0.02264241916204337,-0.01125186585528611,0.0,-0.004514722424230275,-0.005665732178300458,-0.006230543734639407,0.0,0.0,-0.01699756948006906,-0.008968661352744583,0.035559268117346735,-0.00892862219116849,0.003252032360632719,0.025975462271824692,-0.00809720241664192,0.016086122327765937,0.029631768819758722,0.0,-0.008968661352744583,-0.033475997250375436,0.0,-0.004434592848067865,0.0,-0.018349120606183555,0.0,-0.012605196922655295,-0.006269606921925834,-0.004210628908069958,-0.010126479484018734,0.0
2025-01-03,0.006088292901888884,-0.002832860309964856,-0.020762054256274504,0.001937403785504427,-0.011428684924131786,0.0,0.010889389432969961,0.0,0.011364259156293199,-0.018182301348111638,0.0,-0.004494385253481667,0.016103468899933575,0.0,0.0,0.0,0.05675284599720705,0.041437240620328754,0.0,0.0,-0.012345824011753648,0.0,-0.014184621799781234,0.0,-0.02758801266135205,-0.012766118518452045,-0.0063091630244854185,-0.004228332273135299,0.0,0.0319516455701948
2025-01-06,0.013564590181867613,-0.015725861115031627,0.03436769307148061,-0.0006453227252907072,0.0,-0.018927991377707634,-0.010889389432969921,-0.004640374935987102,0.01680720250373278,0.009132474615119254,0.004357301294971688,0.008968661352744546,0.006369441998261662,-0.025975462271824838,0.024097528503317263,0.0,0.03390151879036072,-0.053042776036420006,-0.004514675980943624,0.008474619285550421,0.01234582401175363,-0.00892862219116849,-0.007168482740163348,0.0,-0.021202188000719557,0.0,0.006309163024485387,-0.004246287012415234,0.01012647948401879,-0.0063091630244854185
2025-01-07,-0.001498090484838216,-0.013053144411854971,0.013423007444649979,-0.0006458318459379435,0.0057306692280980846,0.0,-0.0018265263627865206,0.013857020927051397,-0.02247313807104916,-0.009132474615119266,0.0,-0.008968661352744583,0.0,0.0,-0.01600032608667548,0.0,-0.020202687854778488,-0.0038986367918339817,0.017937683425593834,0.0,-0.01857636774639301,0.008928622191168457,0.007168482740163504,-0.009302383378101402,0.041964242256994175,0.02745686963243533,0.0,-0.008547052740754846,0.00752826101583504,-0.006349221431296386
2025-01-08,-0.0030030023571751023,-0.022141140422851275,0.0066445364029446095,0.01347473180159524,-0.005730669228098182,-0.012820752601721806,0.007286086626474546,-0.018519029369165625,0.0,-0.004597704712699258,0.0,0.0,-0.012779790653020116,-0.013245214201674278,0.0,-0.016086122327765805,0.013513706104480555,-0.003913895668890834,-0.02247283417764251,0.00840350297664704,-0.025317859565233025,-0.013423007444650008,0.0,-0.009389843352046762,0.04027386046153039,-0.02105348951614806,-0.0063091630244854185,0.012793339753170128,0.0,-0.006389868187525432
2025-01-09,0.0,-0.015037863346260921,0.013158072193738468,-0.0038314186366183943,-0.005763699172500427,-0.012987183462619664,-0.016468835176247053,0.0,-0.0229898135702393,-0.009259316214352087,-0.00435730129497175,-0.013605638815205929,-0.029365867388841945,0.013245214201674292,-0.00809720241664192,-0.04420611616796738,-0.02033966450955827,0.0155645021013456,0.009049826732992336,-0.029726252932816485,-0.01290339292688771,-0.004514675980943847,0.014184621799781118,-0.038466245545726065,0.0,-0.015005575318722954,-0.03215715749563787,0.0042283322731352085,-0.010050057698464732,0.0
2025-01-10,0.0,-0.022989533346385,-0.006557394395008837,0.007648213516381114,0.0,0.019418067876816054,0.007352967215510197,0.0,0.0,0.0,0.004357301294971688,-0.013793308523969885,-0.01333351815324252,0.0,-0.008163302695052731,0.02785699409877504,-0.006872872530504391,0.0038535657754703166,0.004494385253481691,0.017094417683034057,-0.013072069344937237,-0.004535150752048731,-0.0070671606737855944,-0.019802608596683105,-0.006600677798729731,-0.00216221249251755,0.006514674949928268,0.00840350297664704,-0.002528987070725039,0.0
2025-01-13,-0.004521516346960882,0.02903184214436729,0.0,-0.005092304034921929,-0.01162802671208472,-0.006430884414196457,0.001829781334262166,0.0,-0.01759586031561105,-0.028303861587111824,-0.026433232078630325,-0.009302383378101402,0.006688981750297954,-0.05406716898550054,0.0,-0.011049891497366276,-0.04225985246665291,-0.0194180678768161,-0.013544211986474024,-0.004246287012415234,-0.0334479020564528,-0.013730179327818306,0.007067160673785595,0.02955877446462218,-0.026847224257723082,-0.02854202954463411,-0.006514674949928389,-0.008403502976647062,0.005050783753354663,-0.006430884414196457
2025-01-14,0.0,0.007501939312518729,0.013072069344937223,-0.0012771381567925609,0.017391725884585187,-0.019544577857628528,0.003649635753056991,0.0,0.005900035814156972,-0.014458069884836276,0.0,-0.004683844604938501,0.0033277869243214537,0.0,-0.00823049106109974,0.03815179500526111,0.02837067074088294,-0.003929274458886089,-0.00455581208221365,-0.012848130670618841,0.006779680410128444,0.0,0.0,-0.009756165867939072,0.0,-0.054933667841926125,0.019418067876816054,0.00840350297664704,0.0,-0.00647250851269115
2025-01-15,0.0015094687970755238,-0.015060511024394605,-0.02631728354661153,-0.009630929918414752,-0.017391725884585128,-0.006600677798729731,-0.02396421383864384,-0.03325730302698025,-0.017804613296233528,-0.019608453053774056,0.0,-0.014184734133149203,-0.020134889076731378,-0.028170933733023873,-0.008298794604689195,-0.00536193800039486,-0.028370670740882994,-0.04839649431693391,-0.004576662532905611,-0.030636940687233324,0.020067543847594575,0.01373017932781823,0.0,-0.009852287185835048,-0.006825958405077556,-0.014218235345845086,-0.03922067647349926,-0.025425175002952435,-0.007585365901991223,0.006472508512691137
2025-01-16,0.0,-0.015290876219724117,0.0,-0.01626055264411527,0.028820410808716872,0.013158072193738468,0.011131829535814371,0.004819282006023543,0.0,-0.00496278464445737,-0.018018488085736913,0.014184734133149192,0.0,0.05556988107220004,-0.008368241322527534,0.0,0.0,-0.01666703592721668,-0.009216645991064273,-0.004454346091905699,-0.03367318266280064,-0.00455581208221365,0.0,-0.00995032141084811,-0.0068728725305046146,-0.021713797140567672,-0.006688981750297861,0.012793339753170128,-0.04410606855200416,0.0
2025-01-17,0.0,0.001539681452440343,0.0066445364029446095,0.0,-0.011428684924131786,0.012987183462619612,0.0164688351762469,0.05608952500524168,0.011904577482076571,0.004962784644457254,-0.00455581208221365,0.0,0.016807102152409884,0.026668221646324243,0.008368241322527527,0.0,0.02135310453994471,0.03306082968336935,0.0,0.0,0.006825958405077651,0.0,0.013986311933242724,0.01980260859668314,-0.0069204359934654305,0.02409752942634625,0.0,-0.012793339753170103,0.03133423640038771,0.0
2025-01-20,0.0,0.0,0.0,-0.0032840252135130092,0.028330479834181008,-0.006472508512691262,-0.001816572465750154,-0.00455581208221365,0.0,0.02445107305662767,-0.01843368345995696,0.018605169261404868,-0.020202687854778488,0.0,0.0,-0.005390843438307593,-0.014184621799781234,0.024097528503317263,-0.004640374935987102,0.0,-0.034605578862290355,0.0,-0.006968745732304421,-0.019802608596683105,0.006920435993465473,0.007117517691026101,0.0330062652969093,0.012793339753170128,0.002567852823978283,0.01282075260172188
2025-01-21,0.0,0.007662901865395376,-0.006644536402944578,0.006557394395009006,-0.022599810606082807,0.0,0.0,-0.01843368345995696,0.011765465284573616,0.014388724288892554,0.0,0.00459770471269931,0.026847224257723172,0.013072069344937223,0.008298794604689132,-0.005420062216286126,-0.036367609480340825,-0.003976144610294895,0.004640374935987167,0.0,0.007017566200938237,-0.009174367245604645,0.0069687457323044065,0.009950321410848074,-0.0069204359934654305,0.05294677701782043,0.006472508512691357,0.012631835249782387,0.0,0.006349221431296268
2025-01-22,0.0,0.02114880392628313,0.013245214201674292,0.009756212162808532,0.0,0.019293261114413214,0.0018165724657501462,-0.009345853047052773,-0.011765465284573591,-0.009569442282869082,-0.009345853047052773,0.040454915667327326,-0.030254379258050555,0.0,-0.06840276263062157,0.0,0.014706133209623233,0.003976144610294784,-0.004640374935987102,0.013303952966471196,-0.0070175662009383764,-0.009259316214352534,0.013793308523969955,0.019608453053774177,0.0,0.02217383639284286,0.03174874397942956,0.0,0.012738561476274526,0.012578769946411373
2025-01-23,-0.0015094687970756751,-0.004494421052066987,-0.01993419595197219,0.0006469929217529122,0.0056980156960335475,-0.01929326111441309,0.01262409801629389,0.0046838446049385874,-0.0059340950090063455,-0.014528087143477158,-0.00470599874710827,-0.013303952966471248,0.010186835410455923,-0.013072069344937237,0.0,0.0,0.007272752393174878,0.007905172057464039,-0.01405185179416107,0.0,-0.02135310453994464,0.0,0.0,0.028710079677787145,0.013793308523969955,-0.004395607327108627,-0.018927991377707634,-0.008403502976647062,0.012579044769189644,-0.006269606921925834
2025-01-24,0.0,-0.003007518260451683,-0.006734025694352127,0.0012928238068290084,0.0,-0.006514674949928389,0.010695279116731049,0.0,0.011834130823163223,-0.004889980733338691,0.004705998747108145,-0.004474276099262872,0.033225616041333075,0.0,0.0,-0.005449599457101125,0.0,-0.027945903788977634,-0.019048177668910055,-0.004415014026497771,0.0,0.0,0.09779772603322791,0.0,0.006825958405077651,0.002200271231768617,0.0,-0.012739014169903484,-0.010050057698464732,0.0
2025-01-27,0.0,-0.0015071219219066595,-0.048452419946204466,-0.007782133222500058,0.011299544599374666,-0.006557394395008837,-0.01069527911673112,-0.004683844604938501,-0.005900035814156994,-0.009852287185835272,-0.018958008540059114,-0.013544211986474024,0.006514674949928268,0.013072069344937223,-0.008888938939973515,-0.005479460395805272,-0.01459878544734433,0.02004073173151369,-0.009661902008876995,0.00881062135360639,0.0,-0.03310002946307112,0.06609011957767977,-0.038466245545726065,-0.006825958405077556,-0.06820829194628283,-0.03896600825807999,-0.012903392926887598,0.04203282125919245,-0.0063091630244854185
2025-01-28,-0.0015116785993233598,0.0015071219219067774,0.007067160673785595,-0.007187264850386473,-0.01699756029540832,-0.006600677798729731,0.0,0.013986227983039808,-0.011904577482076576,-0.02000064763127562,0.009523872860951717,0.0,-0.009787997229406273,0.01290339292688759,0.03509128677913902,0.010929059852906247,0.0,-0.04049132225946989,0.004842620002853491,-0.022173836392842834,0.0,0.0,-0.011696028347801235,0.009756165867939136,-0.0068728725305046146,0.0140189079031222,0.013158072193738468,-0.0043383975598869666,0.00963913925724979,-0.006349221431296386
2025-01-31,0.0030211473963988903,0.006006018469991941,0.0,0.0032733691814959324,-0.011494368400598594,0.03896600825807992,0.010695279116731049,0.009216645991064322,-0.006006343347922612,0.0444517206879033,0.014117980284045808,0.0,0.01626050574209758,0.0,-0.035091286779138975,0.005420062216286035,0.014598785447344208,0.03651517764917508,0.019139322742934325,0.013363215039236298,0.0,0.004796167875959452,0.017493140423409482,0.009661902008876854,0.0,0.00923793233759718,0.012987183462619612,-0.017544293138656752,0.0649878402768639,0.006349221431296268
2025-02-03,0.0,-0.012048327267974208,0.0,0.0071637678445359105,0.02285811627493255,0.006349221431296268,0.0,0.004576662532905499,0.006006343347922601,-0.009708805137453664,0.0,-0.00455581208221365,0.0,-0.025975462271824838,0.06062466564337836,0.010752781438702515,0.04255965761056673,0.003976144610294784,-0.004750598454041881,0.00881062135360639,0.0,0.018958008540058968,0.01149436840059853,-0.009661902008876884,0.0,0.0,0.0,-0.022372276273661795,0.07153647520836004,0.0
2025-02-04,-0.004535186876075657,-0.0030349008403676337,0.013986311933242724,-0.0006490928946078112,0.011236062731748845,0.012578769946411373,0.0,-0.009174367245604869,0.011904577482076571,0.0,-0.023641853144997563,0.004555812082213534,-0.009724540873323924,0.0,0.008368241322527527,0.0,-0.0139863119332428,-0.007968162080333081,0.00947873538604097,0.030239857156177847,0.007168482740163504,0.0,-0.017291480476206843,0.019231344291746166,0.053704127387043735,0.022728230139335913,0.0064308844141964675,-0.018265330079867158,0.020704438176952916,0.006309163024485387
2025-02-05,0.009049827058433975,0.004548940320044254,-0.006968745732304421,0.006472508512691137,0.0,0.024692588966579433,0.007067160673785595,0.0,0.02915719177013275,-0.014742267919173985,0.028303861587111942,-0.013730179327818531,0.0,0.0,-0.04255967488727559,0.0,0.027779620457212616,0.0,0.009389843352046751,0.008474619285550421,0.0,0.013986227983039808,0.022989496172240335,0.07342750974808304,0.03846632052012333,0.0,0.0063898681875254795,0.0,0.0,-0.0063091630244854185
2025-02-06,-0.0015025926324729517,-0.001514039479676727,0.0069687457323044065,0.0012894896405539892,0.0,0.006079040349402274,0.0035149388672611323,0.0,0.028330280998902585,0.0,-0.004662008442114251,0.00459770471269931,0.006493523278643216,0.0,-0.008733671785050415,-0.010752781438702409,0.0,0.007968162080333152,0.023095691902071138,0.012578870230597634,0.0,0.022884271358232112,-0.005698015696033632,0.06840276263062187,-0.03195164557019492,0.008948597461870642,0.006349221431296268,0.0,-0.006166511742523767,0.012578769946411373
2025-02-07,0.0015025926324730254,0.034255027829513215,-0.0139863119332428,0.008341440277860839,0.0,-0.012195261569588702,0.0,0.009174367245604971,-0.011235863315868446,0.0049382769891932795,0.004662008442114341,0.0,0.016051770196402394,-0.013245214201674278,-0.02666822164632427,0.06284790529513194,0.0,-0.007968162080333081,-0.03248553525411804,0.0,-0.007168482740163348,0.03118289762726816,0.0056980156960335475,-0.03361667900519045,0.02564248254570956,0.004444553486186912,-0.01916997403301815,0.0,0.02845747700821057,0.054724918646344635
2025-02-10,0.0015004097247021376,-0.00587372645978805,0.007017566200938237,-0.0019188165222985174,-0.005602250310674478,0.042048267218125074,0.01739180905944718,-0.004576662532905611,0.005633310323775742,0.0,-0.009345853047052773,-0.004597704712699258,0.037504359124100606,0.013245214201674292,0.0,0.015113623287089218,0.01360563881520608,0.0,0.004705998747108145,-0.008368241322527647,-0.007220241137379281,0.021692804415422866,0.011299544599374666,0.05001047276134278,0.025001277987246547,0.004424781545812007,-0.006472508512691262,-0.004618941278365068,-0.008048182316136352,0.0
2025-02-12,-0.010550236783135996,0.01751867974490058,-0.0355909118782622,0.011457785187983658,0.0,-0.017804678380562083,0.023851192569933087,-0.009216645991064273,-0.022727728006809843,-0.004938276989193394,0.0046838446049385874,-0.004618941278365068,0.042048267218125074,0.0,-0.009049826732992521,0.01980260859668314,-0.006779680410128465,0.0,0.009345853047052903,0.03306082968336935,0.014388723877542623,-0.01295913263037253,-0.005633812421074309,-0.016393793756152377,0.006153859705557772,0.0,0.012903392926887811,-0.028170962116189135,0.029853005648536365,0.005899716318173401
2025-02-13,0.0,0.011510907804141267,0.028573345677324,0.0025285343770961623,0.0,0.074963037680313,-0.02903706579324941,0.0,0.005730158526740772,0.0,0.004662008442114341,0.0,-0.023810696850553942,0.0,-0.018349120606183555,-0.009852287185835048,0.0,-0.00803216400634236,-0.004662008442114251,0.00809720241664188,0.021202188000719626,-0.004357301294971973,-0.011363747874334036,-0.03361667900519045,-0.012345824011753648,0.01967269451263507,0.01273908961882172,0.004750598454041804,0.0,-0.011834516917728074
2025-02-14,0.0,0.005706212165752665,0.013986311933242724,-0.006333227969475159,-0.005633812421074309,0.016529351893171517,0.01034491006158296,0.009216645991064322,-0.011494167979272328,-0.00496278464445737,-0.004662008442114251,-0.004640374935987102,-0.024391430073128693,-0.013245214201674278,-0.009302383378101402,0.0,-0.04879020066207162,-0.004040405644838286,0.0,0.0,0.03436769307148061,-0.022075930783658364,0.0,0.02531788440050099,0.0,0.01716778781124057,0.006309163024485387,0.004728136931999134,-0.015810804103493167,-0.030213750300396826
2025-02-17,0.0030257180790001547,-0.011445103534453454,-0.035339416473187425,0.007594966340988388,0.005633812421074211,-0.010989176640116305,-0.003436426260757085,0.009132474615119254,-0.017493146503444218,0.0,0.0,0.00925931621435205,-0.018692114962761117,-0.013423007444650008,-0.018868578738087744,0.05770837608360787,0.06230390676655214,-0.012220099466856465,-0.018868578738087744,0.0,0.006734025694352132,0.008888938939973553,0.0,-0.008368241322527534,0.0,-0.017167787811240575,0.0,0.032485535254118084,-0.005994019228906799,-0.024845974668318813
2025-02-18,0.023881780235719043,0.0,0.02135310453994471,0.006285459794616164,-0.005633812421074309,-0.03371102572879788,0.0017197302232241608,-0.009132474615119266,0.005865429470416555,-0.004987536766390735,-0.004683844604938501,-0.009259316214352087,-0.03195164557019492,0.013423007444649979,0.028170962116189004,-0.04785608889777287,0.04590965822379707,0.0,-0.009569442282869082,0.0,-0.034132973033528226,-0.004434592848067865,0.0,-0.06959332699612271,0.024541085581342322,0.006472559785504116,-0.025479137057503595,-0.02309569190207124,0.005994019228906862,-0.0063091630244854185
2025-02-19,-0.001476048790658408,-0.023290696180341006,0.0,-0.0006268070162832948,-0.005665732178300458,0.028170850475742706,0.0,-0.02790887272121242,0.0,-0.015113623287089257,0.0046838446049385874,-0.01405185179416107,-0.013072069344937237,-0.013423007444650008,0.01834912060618362,-0.04000529645146156,0.02531785956523302,0.0,0.0,-0.03696515803143421,-0.035339416473187425,0.0,-0.005730669228098182,-0.009049826732992521,-0.04969962069368934,0.0,0.01916997403301824,0.013921324656466352,-0.018091003884276573,0.0
2025-02-20,-0.0029585792223912073,0.001471704278811412,0.007017566200938237,-0.020906710714926002,0.0,0.0,-0.015584757183073618,0.0,0.005830395031037429,-0.015345554702537739,-0.004683844604938501,0.009389843352046751,0.0,0.0,-0.018349120606183555,0.020202687854778384,0.0,-0.020704652919739486,0.0,0.024794634182998078,0.0,0.004434592848067803,0.0057306692280980846,0.0,0.006349221431296268,0.002148175284981716,-0.02564248254570944,-0.0186051692614049,-0.00814645923035521,-0.006349221431296386
2025-02-21,-0.001482613918952713,0.007325998120575643,0.013889181725769988,0.0190240187467739,-0.005698015696033632,-0.03390151970384093,0.005221980388874523,-0.01425200979295079,0.028655749137555784,0.02040885176919942,0.0046838446049385874,-0.004683844604938501,0.03871455189064657,0.013423007444649979,0.027398947339175996,0.02955877446462218,0.024692588966579433,-0.02114251714655057,-0.009661902008876995,0.036076021992575466,-0.007220241137379281,-0.004434592848067865,0.0,-0.027651503984284922,0.03115513769280437,0.027514988065574914,0.0,0.0,-0.016495426608985536,0.012658384455781869
2025-02-24,-0.00148474447475024,-0.02064968168319791,0.0,0.020516754127518102,-0.011494368400598594,0.011428684924131866,0.0,0.009523872860951717,-0.00566593556731636,-0.015267457310674819,-0.004683844604938501,-0.014184734133149203,-0.01273908961882177,0.013245214201674292,-0.009049826732992521,-0.02955877446462216,0.006079040349402274,0.004264394884352982,-0.009756165867938848,-0.003944774580914404,0.0,0.0,0.0,0.04566999207002179,-0.006153859705557642,-0.018967935324820235,0.012903392926887811,0.013986227983039808,-0.05557004446723149,0.0
2025-02-25,-0.002976189822052183,-0.02566179703244607,-0.0069204359934654305,0.015267501474614056,0.0,0.005665732178300511,-0.019281952406688008,-0.028848127880388107,-0.017192491568249212,0.05971917799857831,-0.00470599874710827,-0.009569442282869082,-0.006430884414196457,0.0,-0.04652008272237262,-0.040822016871997054,0.006042308797982336,-0.021506185371127483,-0.024815145627894428,-0.024001129208063243,0.014388723877542623,-0.004454346091905699,-0.011494368400598594,-0.027150962700856176,0.006153859705557772,-0.021506185371127483,-0.006430884414196457,-0.013986227983039856,-0.022222963689057684,-0.01904825264330718
2025-02-26,0.0,0.024170338292792883,0.006920435993465473,0.02867577301767491,0.02849192869600681,-0.005665732178300458,0.010563468311108654,0.02409752942634625,0.01719249156824924,0.023867459674933457,-0.01425200979295079,0.0,-0.032789792059302734,0.025975462271824692,-0.019231344291746142,0.025708393584907924,0.041303837273963445,0.04255967488727573,0.0,0.004040405644838229,-0.11332866827710456,-0.013483337333688223,0.02849192869600681,0.009132474615119254,-0.01857636774639301,0.006500610052404639,0.0,0.0,0.06313329707247047,-0.006430884414196457
2025-02-27,0.0,0.005952393036456016,0.0068728725305045495,0.0087951650925496,0.005602250310674402,-0.011428684924131786,-0.001752888970402403,0.0,0.028012720204678758,-0.028710079677787007,0.004773274406909948,-0.009661902008876995,0.0,0.03774036760606856,-0.009756165867939072,-0.015345554702537739,-0.03529781880397165,0.0,0.0,0.0040241464388207845,-0.00803216400634236,0.0,0.0,0.0,-0.018927991377707634,0.021368313720887818,0.0,0.018605169261404868,0.0,-0.026145255656358113
2025-02-28,0.005943548215755327,-0.005952393036455966,-0.0068728725305046146,0.0034965037067047036,0.04372283487492105,-0.047067536446463894,0.010471373065981672,0.0,0.04852711628876901,-0.019608453053774056,-0.004773274406909872,-0.03457131149583322,0.0066445364029446095,-0.012422508040835292,-0.029852934817110672,-0.1741079906770288,-0.01812736761737642,-0.008368241322527647,-0.04103141894590327,-0.04939280744690203,-0.04959699328121652,-0.004535150752048731,0.005602250310674402,-0.027651503984284922,-0.012820752601721806,-0.025697320565824536,-0.012987183462619664,-0.0471786276834466,-0.017021900963596084,0.019672747143666937
2025-03-03,0.005908431068055416,-0.024170338292792835,0.020478511345710722,0.0034843207539046743,-0.03261161975220602,0.006006018469991941,-0.008718484095579345,0.0,-0.021276907644915015,-0.03526810494195055,0.004773274406909948,-0.0050377891892164845,0.013158072193738468,-0.012578769946411402,0.01005032622042762,-0.043894227311626004,-0.043620580344287084,-0.05173572670340479,-0.005249350958782499,0.10788905003492237,0.025105997108422245,-0.018349120606183555,-0.016901794910049166,0.0,-0.006472508512691262,0.010787529422904944,-0.019802608596683105,0.009615449881982607,-0.03493786512872492,-0.03300626529690951
2025-03-04,-0.005908431068055465,0.007616212032638343,-0.027398947339176118,-0.009611227767642274,-0.011111215122715005,0.0,-0.012334988511449098,-0.014388724288892547,-0.021740260255778326,0.0,-0.004773274406909872,-0.0255768785999711,-0.013158072193738508,0.012578769946411373,-0.05129330693589688,0.01273908961882172,-0.025807936064341508,0.0,-0.02666822164632427,0.00754719816612951,-0.008298794604689418,-0.0234203636621472,-0.005698015696033632,-0.03809992302983391,-0.02631728354661153,-0.03493801861709739,0.01980260859668314,0.03294423652309889,-0.008929103305004755,-0.034132973033528226
2025-03-05,0.005908431068055416,0.006051449789969345,0.013793308523969955,0.0008775143366302635,-0.005602250310674478,-0.0060060184699918355,0.0193158129720585,-0.03440139446747581,0.0,0.01020416024401317,-0.004796167875959173,0.01030942128929636,0.03896600825807992,0.024692588966579433,-0.08796875491672396,0.012578769946411373,0.0,0.0,0.026668221646324243,0.04412476235031296,0.0,-0.004750598454041881,-0.005730669228098182,0.009661902008876854,0.0,0.021978885986724744,0.006514674949928268,0.013793308523969955,0.0,0.013793308523969955
2025-03-06,0.0,-0.013667661822607551,0.006825958405077651,0.008733713431011883,0.0,-0.012121349147384575,-0.0157759895531592,0.019802608596683355,-0.011049530521705382,0.015113623287089218,0.023754176416018274,0.015267457310674817,0.0,0.047628074345739874,0.08796875491672385,0.018576367746392982,0.0,-0.0314632391079241,0.01047129006389992,0.0035906647494279758,0.0,0.014184734133149192,0.028330479834181008,0.009569442282869345,0.0,0.01510280525484022,0.006472508512691357,-0.004576662532905611,0.0022401215547070107,0.006825958405077651
2025-03-07,0.001471704278811412,0.0015279191307496108,0.03344790205645282,0.012100436429168976,0.027702642073505958,0.006079040349402274,0.00352733725488618,0.0,0.011049530521705434,-0.015113623287089257,-0.018958008540059114,0.0,0.012658384455781869,0.056512222449315884,0.020834128946269733,0.0,0.06942851640862856,0.01360563881520608,-0.010471290063899817,-0.010810905886807373,-0.025317884400500992,0.0046838446049385874,-0.011236062731748753,0.00947873538604097,0.02631728354661142,-0.015102805254840278,-0.012987183462619664,-0.023202873974104168,-0.015784340101819345,-0.020619266929047586
2025-03-10,0.0,-0.009202583317835548,0.0,-0.010362776794199027,-0.022100391762831448,-0.04335039926239292,-0.02135310453994464,-0.01980260859668333,-0.022223422701662453,-0.015345554702537739,-0.009615449881982605,-0.030771690651569438,0.0,0.06385147266178656,-0.03141622826482819,-0.03115513769280424,-0.01846204523194002,0.0,0.0,0.0,0.0,-0.009389843352046762,0.0,-0.01904817766891028,-0.006514674949928389,-0.006543040294221546,0.0,0.023202873974104168,0.0,0.0
2025-03-11,-0.007380135346866717,-0.02180769756304417,-0.013245214201674278,-0.032645231310578546,0.0,-0.01273908961882177,-0.01631951989334062,0.004987536766390722,-0.011299245891092142,-0.015584777987487312,-0.044451720687903346,-0.015748342185241043,-0.058268929116806395,-0.06385147266178642,0.0,0.012578769946411373,-0.01250015065656526,-0.06995863374425751,-0.02666822164632427,-0.06357283370153301,-0.025975462271824953,0.02790887272121241,-0.005665732178300458,-0.019418067876815874,-0.07461087531375202,-0.033373529118096996,-0.006557394395008837,-0.013857020927051348,0.0,0.0
2025-03-12,0.0014804190286935388,0.017174525813507563,-0.006688981750297861,-0.04119574005142316,0.0,-0.03922067647349926,-0.01845069086808564,-0.004987536766390735,-0.03468563807169344,-0.005249350958782499,-0.010152361634350827,-0.021391169524983083,-0.006688981750297861,-0.056512222449315766,-0.01069527888945819,-0.018927991377707634,-0.0063091630244854185,-0.009708805137453664,0.010752781438702735,-0.01949377656023177,-0.04485052299443612,-0.0045977047126990345,-0.022989496172240394,-0.0248151456278942,-0.0070671606737855944,-0.058223659244060186,-0.013245214201674278,-0.004662008442114251,-0.002275068333554714,-0.021053472607028428
2025-03-13,0.0,0.0349845589936555,0.013333518153242435,-0.008446803374693716,-0.022599810606082807,0.045610544661024544,0.04015142725397369,-0.015113623287089257,0.028987314482716565,0.07109591553258028,0.035091286254819755,0.016086122327765937,0.006688981750297954,0.03428904077161518,-0.03278985700486646,0.0,0.03115513769280437,0.07061761214871896,0.0,0.023347342335702286,0.009132474615119254,0.02727439131429241,0.0057971120756082056,0.024815145627894136,0.02105347260702841,0.05595860075170518,0.02631728354661142,-0.01411798028404588,0.0022750683335547,0.014084726874723943
2025-03-14,-0.01941810245428735,-0.012030208630824315,-0.006644536402944578,-0.005671042266269561,-0.011494368400598594,0.04969962069368933,0.0017872662476158677,-0.020513581533309483,-0.005730158526740777,-0.01980260859668333,-0.030002221687130723,0.02624820143405664,0.013245214201674292,-0.011299544599374644,0.021978951350272665,0.018927991377707627,0.0,0.0,0.010638388086280471,0.003838772793776592,0.09531018965633219,-0.013544211986474024,0.005763699172500381,0.009756165867939136,-0.0139863119332428,0.011274119726780267,0.0,0.014117980284045808,-0.025317378664013283,0.0
2025-03-17,0.0060150499070603675,0.03420407988018423,0.0066445364029446095,0.01784918976835124,0.017192384096632155,-0.006079040349402174,0.021202188000719626,-0.010416751156715566,0.02272772800680976,0.05354071721041019,0.015113623287089218,0.01030942128929636,0.019544577857628517,0.12783337692848892,0.042559573926509976,0.03681393811396401,0.018237570367570944,0.0,0.010526403080123732,0.015209494844409694,0.016393793756152287,0.022472834177642478,0.011428684924131866,0.019231344291746166,0.0,0.017778229065734227,0.006472508512691357,0.0,0.0023281212884818836,0.0069687457323044065
2025-03-19,-0.0075245187041358946,0.0014608844092512657,0.013158072193738468,0.0018605082356237372,0.005665732178300511,0.012121349147384488,-0.003502627333677229,0.020726172446011965,-0.005633310323775715,-0.004750598454041881,0.014888598400041446,0.0,0.01282075260172188,-0.010050326220427584,-0.021053389382458043,-0.012121349147384575,-0.012121349147384575,-0.013730179327818531,0.0,0.00751882500082866,0.0,-0.00892862219116849,0.0,-0.009569442282869305,0.013986311933242724,-0.004415014026497771,-0.006472508512691262,0.03670133071727731,0.04546257922764877,-0.021053472607028428
2025-03-20,0.0,0.0,-0.006557394395008837,0.022059696793186413,-0.005665732178300458,-0.006042308797982368,-0.01948682691465822,-0.025975523404794386,0.005633310323775742,0.00947873538604097,0.004914010196641934,0.030305320297493173,-0.012820752601721806,0.08701140709298501,-0.021506184544052,0.018127367617376385,0.012121349147384488,-0.0423593456774232,0.005221939105117212,0.018553389839703432,0.01612936642298423,0.0,-0.005698015696033632,-0.02927035506265089,-0.006968745732304421,-0.0022147853599034694,0.012903392926887811,-0.022780006060810886,0.03278979205930277,0.02105347260702841
2025-03-21,-0.006060618919367702,0.0,0.0065573943950087855,0.025135949598775294,0.0,-0.012195261569588702,0.0035714288703748718,-0.015915440207621607,0.005602552992092638,-0.004728136931999001,-0.024815145627894428,0.004962784644457254,0.01282075260172188,0.07145889547105935,0.06317890294372859,0.005970161462833876,0.006006018469991941,0.100541245169609,0.005194812051598424,-0.045120482478718124,0.015873334137796822,0.0,0.0,0.02927035506265104,-0.0070175662009383764,-0.002219807488164339,0.0063898681875254795,-0.013921324656466415,0.0,-0.006968745732304421
2025-03-24,0.0,-0.0014608844092512056,0.006514674949928268,0.0008861523855962056,0.0,0.0,-0.014362889859693913,-0.0053619380003950825,0.0,-0.004750598454041881,0.005012537031210991,-0.00995032141084811,-0.012820752601721806,-0.08076127884916069,0.0,0.005934800599554714,0.0,0.0,-0.005194812051598307,0.015267548546999675,0.023347342335702286,-0.03189333259265751,-0.023122395112683266,-0.009661902008876884,-0.028573345677323933,-0.02247283417764251,0.006349221431296268,-0.018868578738087744,-0.05526311391142005,0.0069687457323044065
2025-03-25,-0.007627758324146388,0.0,-0.006514674949928389,0.004418936972586025,0.005665732178300511,-0.012345824011753648,0.012578727236935145,-0.005390843438307593,0.011110921321493916,-0.009569442282869082,-0.010050326220427584,0.004987536766390722,-0.006472508512691262,0.009302383378101268,-0.05236799728913495,0.01176483002949803,-0.0060060184699918355,-0.008733671785050415,0.010362838882369933,0.0,-0.007722038985425443,-0.004640374935987326,-0.03571811935986113,-0.009756165867939072,-0.029413856841548097,0.013544211986473934,0.012578769946411373,-0.009569442282869082,-0.004555324407738808,0.013793308523969955
2025-03-26,-0.0015326024050746827,0.02026116556424239,0.032157157495637884,0.009653401586854028,0.0,0.01234582401175363,0.008888981326335924,0.005390843438307659,-0.016713474313586666,0.004796167875959231,0.034742915550449546,0.0,0.006472508512691357,-0.009302383378101402,0.05236799728913496,-0.005865113711324816,-0.006042308797982368,0.0087336717850503,0.0,-0.007604682801389022,-0.007782133222499723,-0.014051851794160847,-0.006079040349402174,-0.04512039212778558,-0.015037862537514927,-0.004494385253481444,-0.025317859565233025,-0.004819282006023489,-0.0022862040610973446,0.020339664509558392
2025-03-27,0.009160360729220964,-0.004307287374037217,0.006309163024485387,-0.01495849094503631,-0.005665732178300458,0.018237570367570944,0.0035335691578419213,-0.005390843438307593,0.016713474313586545,0.009523872860951717,0.0,0.0,0.0,-0.009389843352046762,-0.05236799728913495,0.0,-0.024541085581342225,0.04255967488727573,0.01025649013484875,0.02636694079202869,0.00778213322249964,-0.043380255742367826,0.0,0.01020416024401339,0.0,0.03757349663884241,-0.006430884414196457,0.0,-0.004586668469407235,0.0
2025-03-28,-0.006097574106164341,0.0028735625379685678,0.006269606921925908,-0.007117461125995305,0.0,0.017910980532380612,-0.012422550484178002,0.0,-0.016713474313586666,0.004728136931999134,0.009708805137453721,0.0,-0.006472508512691262,0.01869222673014823,0.05236799728913496,-0.011834516917728074,0.036589412849316556,0.004158006026627401,0.01015236163435085,-0.011215059824510343,0.05284252146414384,0.0,-0.01846204523194002,0.010101086255878002,0.015037862537514834,-0.015300882319626839,-0.006472508512691262,0.004819282006023543,-0.016223320719147356,0.006688981750297954
2025-04-02,-0.001530184217982004,0.02269605580602026,-0.018927991377707634,-0.021661476270717833,0.0,0.040585240838214964,0.03163713827210298,-0.01634912206919197,-0.011299245891092142,-0.01425200979295079,-0.024451073056627675,0.009901061633650749,0.006472508512691357,0.0,0.03015300926562662,-0.02409752908021036,-0.012048327267974208,0.0,-0.0255768785999711,-0.007547198166129499,-0.007380100155453859,-0.014888598400041399,0.01234582401175363,-0.041031418945903154,-0.015037862537514927,-0.008849606874565673,0.006472508512691357,-0.004819282006023489,-0.026036531747505524,-0.020202687854778488
2025-04-03,0.0,-0.018401101421510718,0.012658384455781869,0.0,0.005665732178300511,0.005665732178300511,-0.005203864174048821,0.010929059852906027,0.005665935567316389,-0.01932425501943638,-0.00995032141084811,-0.004938276989193394,-0.019544577857628528,0.01834912060618362,0.0098522871858351,0.0,0.0,0.0,-0.005194812051598307,0.00754719816612951,-0.014925635610135437,0.0,0.03021375030039692,-0.010526403080123896,0.0,-0.011173343459893164,0.0064308844141964675,0.004819282006023543,0.02603653174750547,-0.006825958405077668
2025-04-04,-0.016988845832593042,-0.015839083407743995,-0.0063091630244854185,-0.023074396978966478,-0.005665732178300458,-0.02285811627493258,-0.01931581297205857,-0.0054495994571012365,-0.017094417683034165,-0.014742267919173985,0.004987536766390722,-0.014962858442059175,0.0,0.009049826732992556,0.019418067876816054,-0.012270080925744142,-0.04335039926239292,0.0,-0.02638673027152143,0.007490664371385532,0.0,0.014888598400041446,0.0,-0.02681123174126915,0.00754719816612951,-0.020431965332868635,-0.025975462271824953,0.0,0.01622332071914735,-0.013793308523969885
2025-04-07,-0.09811783834723391,-0.061350552339946754,-0.0586487478426188,-0.021709252808310816,0.0,-0.04130383727396346,-0.052787498754973655,-0.056194570769512835,-0.08388207360442633,-0.05599427738796244,-0.08294906534861188,-0.06755814811270257,-0.054067168985500305,-0.027398947339176118,-0.10109608272795456,-0.0313504994185429,-0.07898841235217714,-0.17652928114616318,-0.04372283487492146,-0.04580958329243974,-0.07816478960961253,-0.019901135431252465,-0.06136888799320108,-0.09694198903058554,-0.03831891892105419,-0.0762274054527736,-0.08223810271852436,-0.014528087143477158,-0.056752845997207035,-0.07946417882350032
2025-04-08,0.030459177989626992,0.021374839354146413,0.013333518153242435,0.004759665573867196,0.0,0.006006018469991941,-0.007504718604360423,-0.01749314042340947,0.01242317813336696,-0.005249350958782499,0.021391169524982982,0.01600032608667546,0.0,-0.01869222673014813,0.02105338938245812,-0.025807936064341508,0.027028646259856202,-0.00995032141084811,-0.034094179006681255,0.01934294500170171,0.024097528503317263,-0.020305246499891422,0.061368887993201095,0.04106151797647209,0.030771720754924695,0.03167137157588127,0.014184621799781118,0.0048661851346001326,0.05675284599720705,0.0
2025-04-09,-0.04779070051613058,-0.038495901043304415,-0.04054605519330528,-0.011461432817963678,-0.005698015696033632,-0.02424358883756287,-0.05020354342131883,0.0,-0.05064437789085053,-0.03753788331971143,-0.01600032608667548,-0.054361222961201855,-0.021053472607028428,-0.028710079677787007,0.010362838882370154,-0.019802608596683105,-0.03390151879036064,0.0,-0.023392856741582885,-0.015444308209867775,0.0,-0.010309421289296308,-0.06136888799320108,-0.029156555914083275,-0.015267548546999533,-0.04663423001794052,-0.08829261360338649,0.0,-0.07145897920683035,-0.007547198166129499
2025-04-10,0.04445180244016208,0.015576624466469282,0.013698830935582138,0.019972137068752744,0.016997560295408266,0.012195261569588601,0.04264207787746608,0.0,0.03822119975748358,0.05320398543520963,0.06755814811270242,0.03836089687452633,0.0484524199462045,0.028710079677787145,0.02040885176919964,0.0,0.03390151879036072,0.04401684434945842,0.05188478543758981,0.02307801677176618,0.023530475407740694,0.05542981341708178,0.04335039926239289,0.040585240838214964,0.037740382323264515,0.06328139117362025,0.06693950906344187,0.04740230640793522,0.06453854321336482,0.044451719379062976
2025-04-11,-0.02884001013688282,0.019893558497834925,-0.006825958405077556,0.012166749535859986,0.005602250310674402,0.04154903399633759,-0.046610333110965116,0.0,0.006230880861992153,0.015424516965620439,0.01000007379760166,-0.005390843438307593,-0.006779680410128465,0.009389843352046751,-0.02040885176919952,-0.013423007444650008,-0.006688981750297861,0.0,-0.005633812421074309,0.007575786282511141,0.03802745006993996,0.019418067876815836,-0.006079040349402174,0.011299544599374666,0.029199126740177498,0.0,-0.007220241137379281,0.0,0.013793308523969955,0.0
2025-04-14,0.025489926462553273,0.02247287030166948,-0.020762054256274504,0.013856999664202958,0.011111215122714917,0.0057971120756082056,0.019685655667800474,0.005865113711324902,0.01846205064971957,0.020202687854778384,0.009901061633650749,0.026668221646324243,0.006779680410128444,-0.028438021020956838,0.07924929674599543,0.006734025694352132,0.019934195951972208,0.046737545047068806,0.005633812421074211,-0.0037807190911865116,0.0,0.014320040736911281,0.0,0.016713465433389387,0.02135310453994471,0.025612607914745063,0.014388723877542623,-0.028170962116189135,0.033673182662800547,0.0
2025-04-15,0.011676558055424209,0.007380135346866832,0.054435236919075224,0.0,0.005509716244311248,-0.011628026712084608,0.009699341641280114,0.0,0.006079367227838677,-0.005012537031211045,0.014670176064580797,-0.005277052121341222,0.046212799503952684,0.03774040439905826,0.01886857873808785,0.0,0.0,-0.004576662532905611,0.027702642073505958,0.02247283377626483,0.022141104448373364,0.009434135679107399,-0.006116221220186404,0.005509716244311248,0.020906747926708276,0.009153373496730554,0.0,0.0,0.019672747143666937,-0.0072727523931748195
2025-04-16,-0.004987576305126313,-0.0029455073338173704,-0.01333351815324252,0.031605374412554336,0.0,0.028820410808716872,-0.003868473209954897,-0.017699630629053012,-0.01219591933734521,-0.020305246499891422,0.0,0.005277052121341313,-0.032789792059302734,0.0,0.009302383378101268,0.0,-0.006600677798729731,-0.08617772686362167,-0.02210039176283156,0.0,0.01449299353055419,0.0,0.0,0.0,-0.0069204359934654305,0.0,0.06899288851685016,0.0,-0.006514674949928389,0.0
2025-04-17,0.0,-0.011869634968458198,-0.006734025694352127,-0.02247285585205863,0.0,-0.011428684924131786,-0.01957007793119124,-0.005970161462834003,0.006116552109506405,0.01020416024401317,0.0,0.01566610211549823,0.0066445364029446095,0.054067168985500444,0.01834912060618362,-0.013513706104480588,0.03257614007055468,0.03440139446747577,-0.01123606273174864,0.011049825512574631,-0.007220241137379281,0.0,0.006116221220186421,0.027101903507894976,-0.006968745732304421,0.0,0.013245214201674292,-0.024097529426346284,0.0,0.007272752393174878
2025-04-18,0.004987576305126371,0.011869634968458198,-0.006779680410128465,0.03484053480319153,-0.00550971624431123,0.0057306692280980846,0.02729211691661656,0.0,0.006079367227838677,0.005063297066661731,-0.004866185134600146,0.01030942128929636,0.0,0.05129334667232602,0.009049826732992556,0.006779680410128444,-0.0194180678768161,0.019139322742934325,0.016807102601408712,-0.007352967215510279,0.0,0.013986227983039808,0.0,0.0367495691538919,-0.0070175662009383764,0.004545458184549649,0.013072069344937223,0.014528087143477182,-0.013158072193738508,0.007220241137379365
2025-04-21,-0.001659789380804844,-0.008889009583910989,0.0,0.005253905740619935,0.0,0.033711025728798034,-0.015504172207925167,0.005970161462833876,-0.006079367227838798,0.005037789189216557,0.009708805137453721,0.0,0.006600677798729651,-0.04255967488727559,-0.03670133071727745,-0.006779680410128465,0.02580793606434155,-0.004750598454041881,-0.00557103986966001,0.0,0.0,0.00461894127836526,0.012121349147384488,-0.015584777987487312,-0.014184621799781234,-0.006825904341907456,-0.013072069344937237,-0.014528087143477158,0.013158072193738468,-0.02181902658472355
2025-04-22,-0.003327786924321495,-0.005970161462834003,0.0,0.0034873585983918863,0.0,-0.005540175253055251,-0.013766135643126768,-0.018018488730808243,-0.006116552109506403,-0.010101086255878213,-0.019512796067434328,0.01020416024401317,-0.013245214201674278,-0.053584194779486456,0.03670133071727731,0.006779680410128444,0.0,0.02353058718020202,-0.01690179491004905,-0.033774374874718266,-0.05971926792606267,0.004597704712699089,-0.006042308797982368,0.0,0.014184621799781118,-0.013793308523969885,-0.006600677798729731,0.019324255019436385,0.006514674949928268,-0.007380100155453859
2025-04-23,0.016529286317205256,0.005970161462833876,0.0,-0.006110861031979025,0.0,-0.03966521887634129,-0.005958351152409019,0.012048327267974135,0.012195919337345195,0.010101086255878222,0.0,0.015113623287089218,0.01980260859668314,0.03603990164082969,0.0,0.046212799503952684,0.03135049941854301,-0.02353058718020198,0.011299544599374666,0.015151880967518554,0.04512048247871833,-0.009216645991064273,0.0,0.010416751156715365,-0.0070671606737855944,0.011507540927197257,0.019672747143666937,-0.01932425501943638,-0.006514674949928389,0.029199126740177498
2025-04-24,0.0,-0.002980625384547339,0.006779680410128444,0.0069808244606095774,0.0,0.0,-0.01606458712121865,-0.012048327267974208,0.006041662264744025,-0.0050377891892164845,0.004914010196641934,0.009950321410848074,0.006514674949928268,-0.036039901640829694,0.0,-0.012987183462619664,-0.012422508040835292,0.041964270640159014,0.011173290180334477,0.018622493907199816,-0.007380100155453859,0.0,0.0,-0.005194812051598307,0.007067160673785595,0.018141070396735515,-0.013072069344937237,-0.004889980733338691,0.044735927442049156,0.0
2025-04-25,0.01626050574209758,0.007435006955408741,-0.013605638815206041,-0.032702859799547894,0.0,-0.01749314042340947,0.014070617998849577,-0.006079040349402174,0.01791092082999926,0.01005032622042762,-0.004914010196641963,0.0049382769891932795,0.012903392926887811,0.0,0.008968661352744326,0.012987183462619612,0.0,-0.004576662532905611,0.027399013566558723,0.003683241858389259,-0.03774038232326442,0.04967156165839175,0.012048327267974135,0.015504233340894498,0.020906747926708276,0.006718997367987594,0.0,0.009756165867938916,0.018576367746392982,0.01428594386615902
2025-04-28,-0.004850411004754174,0.0029585792223913014,0.020339664509558174,0.01072395308077273,-0.011111215122715005,-0.011834516917728074,0.015841899758635918,0.0417971597092635,-0.0059340950090063455,0.0,-0.004938276989193394,-0.004938276989193394,0.01273908961882172,0.027150962700856145,-0.04566999207002171,-0.00647250851269115,0.012422508040835311,0.009132474615119254,0.0,0.0036697253571208966,0.007662865745610478,0.004395607327108693,-0.0060060184699918355,0.0,-0.020906747926708304,0.0022296000938831022,0.0065573943950087855,0.0,0.012195261569588601,-0.014285943866159048
2025-04-29,-0.011410094737343248,-0.004441193141343963,-0.013513706104480588,0.007968183104898996,0.0,-0.005970161462834003,-0.0019666139685082526,0.0678225974815975,0.0059340950090063585,0.0,-0.00995032141084811,0.0049382769891932795,-0.006349221431296386,0.008888938939973553,0.009302383378101268,0.025642482545709343,-0.006191964306195913,0.0,0.0,0.043017344634808614,-0.01538490473103598,0.025975462271824908,0.0,-0.005141394458524434,0.0,0.002224745998022385,-0.026491590346980957,-0.004866185134600146,-0.01834912127514634,0.0
2025-04-30,0.013029488147417018,0.00739104498700825,0.0,0.010526402859971572,0.01662093136702617,0.011904962062388738,0.01562530335027708,0.06351340672450587,0.005900035814156972,0.02469258933002205,0.0,0.0,0.018927991377707627,0.0,0.0,-0.006349221431296386,-0.006230543734639407,0.0,-0.01086966167338712,0.010471373065981672,0.015384904731036134,-0.017241790486774565,0.0,0.05026178658631011,0.0,0.011049878106334366,-0.02033966450955816,0.0,0.012270080925744102,-0.007220241137379281
2025-05-02,0.009661902008877073,0.0,0.006779680410128444,0.0034843207539046743,0.06385147266178677,0.005899716318173401,0.007722038985425329,-0.10251559339738649,0.01169582450145415,0.009708805137453721,0.0,0.009803990929980647,-0.018927991377707634,0.0,0.01834912060618362,0.05574192949167162,0.018576367746392982,0.0045351507520485805,0.03753788331971149,0.024014852631416082,-0.0076628657456105625,0.025752472383542852,0.06416195354889605,0.019418067876815836,0.007017566200938237,0.05140312857633801,0.01360563881520608,0.0,-0.006116221220186404,0.0
2025-05-05,0.0016013180467558648,0.008797702399387063,-0.006779680410128465,-0.0008699634286304457,-0.020834128946269972,0.0,0.003838772793776592,0.04445178612998184,0.005797322001990079,-0.019512796067434328,0.02469258933002205,0.0,0.006349221431296268,0.03478608362543126,-0.009132474615119266,-0.062131797679197014,0.018237570367570944,-0.04157649808838032,-0.02666822164632427,-0.017094416637950603,0.015267548546999675,-0.017094417683034165,0.016807102601408712,-0.019418067876815874,0.0069687457323044065,-0.010493316039269613,0.0,0.0,-0.006153859705557642,0.0
2025-05-06,-0.0032051278873935184,0.001458822848653874,-0.006825958405077556,-0.003487358598391753,-0.010582099318558446,0.04035125669834219,-0.01156081177920181,0.032088283862610374,-0.005797322001990087,0.009803990929980647,-0.024692589330022063,0.0,0.0,0.03361667900519021,0.0,0.01273908961882172,-0.012121349147384575,0.01869222673014823,-0.01086966167338712,-0.010398779981104537,-0.022989587532425013,-0.017391726485559075,-0.011173290180334456,-0.009852287185835048,-0.021053472607028428,-0.004228332273135299,-0.041385259272418894,0.014528087143477182,0.006153859705557772,0.0
2025-05-07,0.011173327811945117,0.0072621544968596765,-0.0068728725305046146,0.0,0.005305047197217218,-0.02285811627493258,0.026770306623611274,-0.07654006999259216,0.005797322001990079,0.0,0.03440139446747577,0.009708805137453721,0.012578769946411373,-0.008298794604689195,-0.02790887272121242,0.012578769946411373,0.012121349147384488,-0.004640374935987102,-0.005479460395804825,0.020690455916359134,0.030536785698554454,0.017391726485559075,0.005602250310674402,0.05770837608360787,0.0,0.008438961181205244,0.0,0.019048177668909923,0.006116221220186421,0.021506185003538333
2025-05-08,0.0,-0.008720977345513484,0.0068728725305045495,-0.0070114156449018715,-0.005305047197217205,0.0,0.0,0.07654006999259205,0.011494167979272281,0.009708805137453721,-0.009708805137453664,0.0,-0.01257876994641129,0.04879011686415906,0.009389843352046751,0.0,0.0,0.013857020927051397,0.010929059852906027,0.0034071550003274003,0.04412476235031296,0.03390162018676702,-0.005602250310674478,-0.03809992302983391,-0.00711746112599564,0.0020985845738685665,0.0,-0.009478735386040972,0.018127367617376385,-0.021506185003538344
2025-05-09,0.0,0.004370030227225483,0.0,-0.003524229391164601,0.010582099318558432,0.01149436840059853,-0.005676497611771945,-0.06524052539321737,0.005698323588976826,0.009615449881982607,0.0,0.0,0.0,0.02353047540774091,-0.009389843352046762,0.0,0.011976179932825813,-0.056618952398999486,-0.0054495994571012365,0.0033955857023685687,-0.007220241137379281,-0.008368241322527534,-0.01699756029540832,0.0,-0.014388723877542694,-0.010537545755073938,0.0,0.01886857873808785,0.017804678380562166,0.007220241137379365
2025-05-13,0.006329128843763303,0.012996526091697248,0.01360563881520608,0.014023003634458181,0.00524935095878277,-0.023122395112683155,0.04271773330441155,0.016713465433389606,0.011299245891092173,0.014252009792950849,0.0,0.004819282006023543,0.012578769946411373,0.007722038985425329,0.0,0.024692588966579433,-0.02409752908021036,0.04276193147194801,0.0480091733836112,0.023451638555354485,0.007220241137379365,-0.01694964307797349,0.0,0.009661902008876854,0.0,0.03538352103667965,0.013986311933242724,0.004662008442114341,0.03468552452004165,0.02837067074088294
2025-05-14,-0.006329128843763199,0.004294954384509497,0.006734025694352132,-0.021998247838181845,0.005221939105117212,-0.005865113711324928,-0.0018198784076672984,0.01643877609721746,0.011173892179957104,0.014051851794161085,0.019324255019436385,0.014320040736911063,0.018576367746392982,0.08829261360338647,-0.019048177668910055,0.0,0.030032329679765296,0.0,0.030771690651569372,-0.00331674947862314,0.0,0.008510681896768206,0.0,-0.009661902008876884,0.014388723877542623,0.012195261865081434,0.013793308523969955,-0.004662008442114251,-0.005698015696033632,0.0
2025-05-15,0.004750560430467212,-0.002861229548440992,-0.013513706104480588,-0.007142880821977399,-0.005221939105117153,-0.005899716318173342,0.0018198784076674348,0.032088283862610374,-0.00557133918786435,-0.01405185179416107,0.0,-0.004750598454041881,-0.012345824011753648,-0.02135310453994464,0.009569442282869125,-0.006116221220186404,-0.005934800599554761,0.0,0.01503786298681836,-0.020134889076731378,0.0,0.0,0.0,0.03809992302983384,0.0,-0.024541086179669325,0.0,0.004662008442114341,-0.011494368400598594,-0.01408472687472389
2025-05-16,0.0,0.002861229548440964,-0.006825958405077556,-0.01444067048204418,0.005221939105117212,0.005899716318173401,-0.0018198784076672984,-0.03753788331971143,0.005571339187864406,-0.04831853273156115,0.004773274406909948,0.014184734133149192,0.00619196430619583,0.11538204773051271,-0.019231344291746142,0.0,-0.005970161462834003,-0.02353058718020198,-0.02010116005348003,0.0,-0.014492993530554128,0.0,0.028170850475742706,-0.018868578738087744,0.0071174611259955806,-0.006230494218358959,0.006825958405077651,0.0,-0.011628026712084608,0.0
2025-05-19,-0.004750560430467144,-0.007168516922478266,-0.013793308523969998,0.0018165724657501462,-0.015748342185241043,0.005865113711324902,-0.016529242599893863,0.0,-0.02817146166002607,-0.02000064763127562,0.0,-0.014184734133149203,-0.006191964306195913,0.01273908961882172,0.009661902008877073,-0.024845974668318813,-0.012048327267974208,-0.004773274406909872,-0.015345554702537739,0.010118120402112027,-0.02214110444837323,-0.017094417683034165,0.0,-0.028987510159685204,0.0,-0.002085554191327898,-0.006825958405077556,-0.009345853047052773,0.0058309146364764605,-0.014285943866159048
2025-05-20,0.0,-0.0028818437017849863,0.0,-0.0009078737409913783,-0.005305047197217205,-0.017699630629053012,-0.007434971238749889,0.03753788331971149,0.01699756948006902,-0.0255768785999711,0.0,-0.009569442282869082,0.01234582401175363,-0.006349221431296386,-0.009661902008876995,0.006269606921925908,0.006042308797982336,0.014252009792950849,0.0,-0.013513706104480588,0.014815071394203828,0.008583735786265884,-0.011173290180334456,-0.009852287185835048,-0.014285943866159048,0.0,-0.0068728725305046146,0.0,0.0,0.0
2025-05-21,0.004750560430467212,-0.010152327230515273,0.0,0.02865009678298632,0.005305047197217218,0.017699630629053054,0.0,-0.03753788331971143,-0.005633310323775715,0.0,0.0,0.004796167875959231,0.0,-0.019293261114412975,0.028710079677787145,-0.025317859565233025,0.0,-0.06328139117362025,-0.015584777987487312,0.01015236163435085,-0.01481507139420387,0.0,0.0,-0.02000064763127562,0.007168482740163504,0.020661872724274735,-0.0069204359934654305,0.0,-0.01759574466597464,-0.007220241137379281
2025-05-22,0.0,-0.0014588228486537443,0.006920435993465473,0.009661880965754117,0.0,0.0058309146364764605,-0.003738318445499735,0.0,-0.011364259156293244,0.015424516965620439,-0.004773274406909872,-0.009615449881982605,0.0,0.019293261114412995,-0.04831853273156115,0.037740367606068345,-0.006042308797982368,0.0,-0.005249350958782499,-0.023851192569932796,-0.00749066437138548,0.0,-0.01699756029540832,0.02000064763127573,0.0,-0.012345824314587799,0.0,0.013986227983039808,-0.005934800599554761,-0.0072727523931748195
2025-05-23,-0.004750560430467144,-0.007325998120575694,-0.0069204359934654305,0.005231086097334672,-0.005305047197217205,0.017291480476206718,0.01302338310698965,0.016260505111694797,0.005698323588976826,-0.010256490134848601,0.004773274406909948,0.004819282006023543,-0.012345824011753648,0.0,-0.00995032141084811,-0.012422508040835292,-0.01834912127514634,0.029705126361232997,-0.005277052121341222,0.0,-0.007547198166129499,-0.04367502256540492,0.0,-0.02000064763127562,-0.014388723877542694,-0.02728398373450705,0.0,0.0,-0.011976179932825855,0.0
2025-05-26,-0.007968199924551575,-0.0088627492658196,0.006920435993465473,0.0,-0.005333340889063379,-0.011494368400598594,0.005530006732713949,0.0,0.005665935567316389,-0.01036283888237005,0.0,0.0,0.01234582401175363,-0.006389868187525432,0.02955877446462218,-0.01257876994641129,0.012270080925744102,-0.04489527718480044,-0.005305047197217205,0.023851192569932653,0.0,0.0,-0.005730669228098182,-0.010152361634350827,0.007220241137379365,0.0,-0.006968745732304421,-0.01869222673014813,-0.006042308797982368,0.007272752393174878
2025-05-27,-0.0032051278873935184,0.022011174682083523,0.0,-0.009611227767642274,-0.01617284365498854,0.0,-0.02418724690845153,-0.010810905654593653,0.005633310323775742,0.02570839358490771,0.004750598454041804,0.0,0.018237570367570944,-0.05942336432827776,0.03809992302983384,0.012578769946411373,-0.03096219588850526,0.06421953220423679,-0.005333340889063155,-0.003372681224222324,0.0,0.0,0.0170944171024322,-0.005115095676324061,0.0,0.0,0.0,0.014051851794161085,0.0,-0.01459878544734433
2025-05-28,-0.001606462841074988,0.01583908340774407,0.013698830935582138,0.005253905740619935,0.005420062216286035,-0.023392856741582885,-0.0037735858188063507,0.010810905654593712,-0.005633310323775715,0.015113623287089218,-0.004750598454041881,-0.03922067647349926,0.0,-0.041672739536076024,0.0,0.012422508040835311,-0.025479137057503595,0.028303861587111942,0.015915440207621624,0.006734025694352132,0.0,0.0,-0.005665732178300458,-0.005141394458524434,0.0,0.010582149912423598,-0.01408472687472389,0.0,0.0,0.014598785447344208
2025-05-29,-0.00160897093162446,0.02120222098870522,-0.013698830935582187,0.0034873585983918863,-0.005420062216286126,-0.01190496206238883,0.0018886178867254765,-0.010810905654593653,-0.011364259156293244,-0.005012537031211045,0.00947873538604097,0.02469258933002205,-0.012121349147384575,0.02797390860049385,-0.009389843352046762,0.012270080925744102,0.056441332946008844,0.04546232971981316,-0.005277052121341222,-0.006734025694352127,0.0,0.0,0.005665732178300511,0.00514139445852456,0.0,-0.002107530626873046,0.02105347260702841,-0.004662008442114251,0.0,-0.0072727523931748195
2025-05-30,-0.0032258061476964453,-0.0013996123920221144,0.0068728725305045495,-0.009619633186069305,0.02150618454405203,-0.0060060184699918355,-0.011385401892575343,0.01617284365498859,-0.005730158526740777,0.0,0.014051851794161085,-0.00980399092998061,-0.006116221220186404,-0.027973908600493886,0.02790887272121241,0.0,-0.024692588966579474,0.0,0.010526403080123732,-0.08455739039708723,0.015037862537514834,0.008888938939973553,-0.011363747874334036,-0.005141394458524434,-0.02181902658472355,0.0021075306268730012,-0.006968745732304421,-0.01411798028404588,-0.012195261569588702,0.04983241000374159
2025-06-03,-0.006482998615194836,-0.004210495058449857,-0.0068728725305046146,-0.007054696157018479,-0.016086122327765805,0.023810696850554036,0.020775088429016677,0.010638388086280471,0.011428482115717767,-0.020305246499891422,-0.02353058718020198,-0.03509128625481986,-0.01857636774639301,0.0,-0.04695705039012244,0.0,0.006230543734639389,-0.00892862219116849,-0.005249350958782499,0.0036697253571208966,-0.04580958329243974,-0.026907427025710466,0.0,-0.026111181067611195,-0.007380100155453859,-0.014846544796776563,0.020762054256274573,-0.014320040736911007,0.0,-0.021053472607028428
2025-06-04,0.011317775694515796,-0.00847461871477893,0.0068728725305045495,-0.0205640234447622,0.026668221646324243,-0.017804678380562083,-0.0018708615356124029,0.0,0.0,-0.005141394458524546,0.014184734133149192,0.01015236163435085,-0.01257876994641129,0.0,0.019048177668909923,0.0,0.01234582401175363,-0.03653370752864466,0.0,0.007299295494986573,0.0,0.0,-0.005730669228098182,-0.005305047197217205,0.0,0.012739014169903515,0.0,0.03310002946307114,0.0,-0.00711746112599564
2025-06-05,0.0,0.008474618714778946,0.006825958405077651,-0.015475964914849245,-0.03208828386261036,-0.0060060184699918355,0.007462713898624507,0.0,-0.005698323588976927,0.02040885176919942,-0.00470599874710827,-0.015267457310674819,0.018809313681050693,-0.00711746112599564,0.01869222673014823,0.006079040349402274,0.006116221220186421,0.03203932227516289,0.01047129006389992,0.010850005732616262,0.00778213322249964,0.0,0.0,0.015831450277341192,-0.014925635610135437,0.006309213481938655,-0.0068728725305046146,-0.01405185179416107,0.0,0.0071174611259955806
2025-06-06,0.0,0.0,0.0,-0.0073665090243252235,0.0,0.006006018469991941,-0.005591852363012085,0.0,0.0,-0.020408851769199408,0.004705998747108145,0.005115095676324177,-0.018809313681050734,0.0,0.0,-0.012195261569588702,0.0,0.0134230074446502,-0.005221939105117265,-0.01085000573261631,-0.015625303350276884,0.0,0.0,0.015584777987487237,0.0,0.006269656748658904,0.0,0.0,0.0,-0.00711746112599564
2025-06-09,0.0,-0.0014074919783095712,-0.02758801266135205,-0.004631711541662566,-0.010929059852906334,-0.012048327267974208,0.009302428148637255,-0.03774029159417498,-0.005730158526740777,-0.0051680268307717405,-0.014184734133149203,-0.010256490134848601,0.006309163024485387,0.0,-0.028170962116189135,-0.006153859705557642,-0.006116221220186404,-0.004454346091905699,-0.005249350958782499,0.021583551304021602,0.0,0.0,0.022728229523506394,-0.005168026830771852,0.007490664371385532,0.0062304942183590865,-0.0069204359934654305,-0.019048177668910055,0.0,0.028170933733023967
2025-06-10,0.0,-0.004234266426504614,-0.0070175662009383764,0.005555520296326566,-0.00550971624431123,0.0,0.0,0.0,0.017094417683034057,0.0,0.00947873538604097,-0.01036283888237005,0.0,-0.007168482740163348,-0.028987510159685204,-0.018692114962761117,-0.01857636774639301,0.0,-0.010582099318558446,-0.0035650628312419866,-0.015873334137796888,0.0,-0.005633812421074309,-0.026248201434056553,-0.00749066437138548,-0.004149379647108837,-0.006968745732304421,-0.014528087143477158,-0.012345824011753648,-0.006968745732304421
2025-06-11,0.00160646284107508,-0.03746839242972831,0.007017566200938237,0.003686636636761072,0.01643877609721746,-0.006079040349402174,0.003696858297064305,0.00547946039580478,0.005633310323775742,-0.005194812051598307,-0.009478735386040972,-0.005221939105117265,-0.0063091630244854185,0.007168482740163504,0.0,0.006269606921925908,0.018576367746392982,0.039392364709002974,0.021053389382458338,0.0035650628312420235,-0.00803216400634236,0.009049826732992556,0.0,0.010582099318558432,0.0,0.006217680033439038,0.0,0.019324255019436385,0.0,-0.0070175662009383764
2025-06-12,-0.001606462841074988,-0.008849606874565673,0.013889181725769988,0.002756063632900012,-0.027549991219932526,0.012121349147384488,-0.005550469377784394,0.0,-0.005633310323775715,-0.005221939105117265,-0.004773274406909872,0.015584777987487237,-0.006349221431296386,0.0,0.0,0.0,-0.01857636774639301,0.02960054225690296,0.0,-0.0035650628312419866,0.03953080149441612,0.0,-0.011363747874334036,0.0,0.0,0.0,0.013889181725769988,0.014252009792950849,-0.018809313681050734,0.0
2025-06-13,-0.0032206117324838006,0.0,-0.0069204359934654305,0.008222993351282392,0.0,0.03550672519835532,-0.011194136286452015,0.0,0.005633310323775742,0.005221939105117212,-0.004796167875959173,-0.015584777987487312,-0.012820752601721806,0.0,-0.019802608596683105,-0.03822125249212061,-0.01257876994641129,-0.008368241322527647,0.0,-0.003577817990735339,0.007722038985425549,-0.009049826732992521,-0.017291480476206843,-0.021277378208016652,-0.007547198166129499,0.0,-0.027973908600493886,0.014051851794161085,0.012578769946411373,-0.02135310453994464
2025-06-16,0.008032202460952435,-0.001482613918952713,0.027398947339175996,0.008155926844245558,-0.005602250310674478,-0.005830914636476384,-0.005644367317906469,-0.010989176640116305,-0.011299245891092142,-0.021053389382458272,0.004796167875959231,-0.010526403080123783,-0.006472508512691262,0.0,-0.010050326220427584,-0.006514674949928501,-0.006349221431296386,0.02898750825157504,0.0,-0.003590664749428089,0.0,-0.018349120606183555,0.0,0.005361938000394903,-0.015267548546999533,-0.008298794604689195,0.02105347260702841,-0.018779988726160098,-0.018927991377707634,0.0
2025-06-17,0.0,0.0,0.006734025694352132,-0.014545697130018563,0.0,-0.017699630629053012,-0.019048267638185925,-0.01111121512271523,-0.017192491568249212,0.005305047197217218,-0.009615449881982605,0.020943154236839373,-0.013072069344937237,0.0,0.0,-0.04683125485653937,0.006349221431296268,0.004073321431794082,0.005194812051598424,-0.025502268443113117,-0.03125251439316616,0.0,0.0,-0.00536193800039486,0.007662865745610478,-0.012578870230597509,0.0,0.004728136931999134,0.012658384455781869,0.0
2025-06-18,0.022152783746860184,-0.013443021956755858,0.0,0.0027434615404171446,0.0,-0.005970161462834003,-0.03323856308455113,-0.005602250310674367,-0.005797322001990087,-0.005305047197217205,0.0,-0.015666102115498112,0.013072069344937223,0.0,0.029852934817110828,0.01360563881520608,0.0,-0.01227008062661436,0.0,0.0,0.015748342185240974,0.009216645991064322,-0.011696028347801235,-0.010810905654593765,-0.0076628657456105625,-0.008474619285550513,-0.006968745732304421,0.014051851794161085,0.0,0.0
2025-06-19,0.017067929406421177,0.0015025926324730254,0.013333518153242435,0.0,0.0,0.005970161462833876,-0.007984161927725615,0.0,0.0,0.015831450277340973,-0.009708805137453664,-0.005277052121341222,-0.006514674949928389,-0.07410799180360525,0.019418067876816054,-0.006779680410128465,-0.025642482545709326,0.04820205564628181,-0.010416751156715566,-0.01487014798131398,0.0,0.009132474615119254,0.0,-0.021978951350272655,-0.02334734233570233,-0.008547052740754846,0.0069687457323044065,0.022989495542170606,-0.012658384455781838,-0.007220241137379281
2025-06-20,-0.007722075665207375,-0.003007518260451683,0.006600677798729651,-0.005494470372508688,0.005602250310674402,-0.02409752908021036,0.011952417161224726,0.0,0.011561331454521664,-0.01583145027734096,0.0048661851346001326,0.005277052121341313,0.006514674949928268,-0.09684983376105805,-0.0194180678768161,-0.006825958405077668,-0.053345929806467844,0.019418067876816054,-0.010526403080123783,-0.03428913162444008,0.015504172207925323,0.0,0.011696028347801337,0.005540175253055062,0.0,-0.0021481752849815835,0.0,0.009049826732992336,0.012658384455781869,0.0
2025-06-23,0.004640412071238591,-0.0015071219219066595,-0.013245214201674278,-0.0027586855790168213,-0.016901794910049166,0.006079040349402274,0.0,-0.005633812421074309,-0.05310977486487591,-0.005333340889063155,0.014458069884836179,-0.021277378208016652,0.0,0.0,0.0,0.0,0.0,-0.0194180678768161,0.005277052121341313,0.015384904731035915,-0.007722038985425443,-0.04652008272237262,0.0,-0.011111215122715005,0.007843170127777039,0.002148175284981716,-0.0139863119332428,-0.009049826732992296,-0.012658384455781838,-0.021978885602798193
2025-06-24,0.007686462110632219,0.009009061234425433,0.0066445364029446095,0.002758685579016813,0.011299544599374666,-0.012195261569588702,0.0,0.0,0.0444517201643673,0.04189096361241607,-0.014458069884836276,0.021277378208016763,0.0,0.01680720250373278,0.0,-0.006872872530504391,-0.034846781130998324,0.0,0.0,-0.03891538013877673,0.015384904731036134,0.0,0.0,0.02754999121993251,0.0,0.010672500734099949,0.007017566200938237,-0.00455581208221365,0.012658384455781869,0.02197888560279815
2025-06-25,0.0,-0.012030208630824315,0.03257614007055468,-0.005524914503078729,0.005602250310674402,-0.006153859705557642,-0.00396825523349915,0.0,-0.008733671785050415,0.01020416024401317,-0.004866185134600146,0.0,0.019293261114413214,0.14698214032076712,-0.009852287185835048,0.0,0.02105347260702841,0.0155645021013456,0.01047129006389992,0.015748342185240974,-0.023167037953535786,-0.019231344291746142,0.0,0.032088283862610374,0.015504172207925323,-0.019293235804585585,0.0069687457323044065,0.01810002406868767,0.0,0.0
2025-06-26,0.004583618815111818,0.0,0.0063898681875254795,0.0018450611767545642,0.0,-0.006191964306195913,0.007920825638302497,-0.005665732178300458,0.025975462271824908,-0.010204160244013221,-0.004889980733338691,0.01047129006389992,-0.012820752601721806,-0.02919912674017744,0.0098522871858351,-0.0069204359934654305,-0.021053472607028428,0.0,0.010362838882369933,0.0,0.015504172207925323,0.028710079677787145,0.0,-0.005277052121341222,0.015267548546999675,0.006472559785504116,-0.021053472607028428,0.008928622191168457,0.0,0.0
2025-06-30,-0.006116221220186404,0.0045282693183057564,0.012658384455781869,0.014638856378161291,0.0,0.01234582401175363,0.0058996695694326345,0.0,0.0,0.020305246499891447,0.01459878587079244,0.0,-0.012987183462619664,-0.022472833776264838,0.009756165867939136,0.0,0.02105347260702841,0.0,0.01534555470253776,0.0383189189210543,-0.007722038985425443,0.0,0.0,-0.010638388086280572,-0.022989587532425013,0.010695228025736534,0.02797390860049385,0.008849606874565697,-0.012658384455781838,-0.0072727523931748195
2025-07-01,-0.0015348816342027932,0.011976179932825813,-0.0063091630244854185,-0.0009086987247587813,0.0,0.0,-0.003929274458886312,0.0,0.0,-0.025446640958415936,0.004819282006023543,0.0,0.032157157495637884,-0.04652006294016572,0.0,0.0,-0.028170933733023984,0.0,0.05433429976058849,-0.026668312488599424,-0.007782133222499723,0.0,0.0,0.0,0.007722038985425549,0.018967935324820107,0.0,0.013129279112159121,0.006349221431296268,0.0
2025-07-02,0.027274391314292625,0.016236539098704914,0.018809313681050693,-0.002730974169499203,-0.005602250310674478,0.0,0.009794434918951928,0.005665732178300511,0.008510681896768206,-0.0051680268307717405,0.009569442282869125,0.010362838882369933,0.0,0.007905172057463819,-0.02955877446462216,0.0,0.0071174611259955806,0.0038535657754703166,0.019048177668909923,0.0,0.015504172207925323,-0.01904817766891028,-0.011696028347801235,0.005333340889063316,0.007662865745610478,0.010384348796017032,0.0,-0.0131292791121591,0.0,0.007272752393174878
2025-07-03,0.0,-0.017725705743598996,-0.031548403299872435,-0.0027385399912251696,0.005602250310674402,-0.012345824011753648,0.015474181596302195,0.005633812421074211,0.025105997108422245,0.01030942128929636,-0.009569442282869082,-0.01036283888237005,0.006309163024485387,-0.040166003255833874,0.01980260859668314,0.006920435993465473,0.0,0.007662865745610478,-0.004728136931999001,0.026668312488599497,-0.015504172207925167,0.0,0.017493140423409482,0.0,-0.01538490473103598,0.006179161340372787,0.0068728725305045495,-0.004415014026497771,0.0,-0.0072727523931748195
2025-07-04,-0.0014959208425268712,0.007423967244448892,-0.025975462271824953,-0.0036630043997713676,0.011111215122714917,0.0,0.0019174986142248176,0.0,0.024490996172794287,0.01020416024401317,0.004796167875959231,0.005194812051598424,-0.0063091630244854185,0.0,0.0,-0.013889181725769854,0.0,0.0189042268934043,0.014117980284045808,0.011215059824510263,-0.007843170127777188,0.0,-0.01749314042340947,0.0,0.0,0.006141310983985454,0.0,0.013186991843685023,0.006309163024485387,0.007272752393174878
2025-07-07,0.0014959208425268731,0.0029542089843561685,-0.0334479020564528,0.0,0.005509716244311248,-0.006230543734639407,0.0019139200223936008,0.0,-0.00809720241664192,-0.010204160244013221,-0.004796167875959173,0.0,0.0,-0.00823049106109974,-0.009852287185835048,-0.01408472687472389,0.0,0.0037383184454995756,-0.028438021020956838,-0.007462713898624489,0.0,0.0,0.0,-0.005333340889063379,0.007722038985425549,-0.0020429483961007704,-0.0068728725305046146,-0.0043763704900786,-0.012658384455781838,0.014388723877542623
2025-07-08,-0.044315877426482644,-0.007401986406752603,0.0,-0.010142978503232267,0.005479460395805221,-0.006269606921925834,-0.013474731801595377,-0.011299544599374644,0.0,0.005115095676324177,-0.009661902008876995,-0.005194812051598307,-0.01273908961882177,-0.008298794604689195,0.0,0.0,0.007067160673785595,-0.003738318445499735,0.023754176416018274,-0.02656709263901477,0.023347342335702286,0.02843802102095706,0.028987508824008093,0.01063838808628069,0.007662865745610478,-0.02904765813667123,0.013698830935582138,0.0,0.006349221431296268,-0.007168482740163348
2025-07-09,-0.01574834159392558,-0.004467648561705646,-0.006825958405077556,0.0,0.005449599457100964,0.0,-0.013658689381768762,0.005665732178300511,0.024097528503317263,0.01015236163435085,0.014458069884836179,0.0,0.01273908961882172,-0.01680720250373277,0.0098522871858351,-0.014285943866159048,-0.0070671606737855944,-0.011299544092015267,0.023202873974104168,0.003838772793776592,-0.015504172207925167,0.0,0.016997560295408266,0.010526403080123953,-0.0076628657456105625,0.010471339603724442,0.0,-0.04485052299443612,-0.006349221431296386,0.007168482740163504
2025-07-10,-0.011173327811945072,0.019217164483252332,-0.0068728725305046146,0.0009263760561668331,-0.010929059852906334,0.0,0.0,0.0,0.007905172057463819,0.024938924620469118,0.0,0.005194812051598424,-0.006349221431296386,0.008438961181205244,-0.019802608596683105,0.0,0.007067160673785595,0.02247283377626483,0.027150962700856145,-0.007692338569246892,-0.007843170127777188,-0.018868578738087744,0.0,-0.010526403080123896,0.0,0.012422507734227345,0.020202687854778384,0.013667625367167828,0.0,0.0
2025-07-11,0.0,0.01019676301229841,-0.020906747926708304,0.006460538814165379,0.005479460395805221,0.0,0.011718872653187043,0.0,-0.007905172057463813,-0.009901061633650766,0.004773274406909948,0.005168026830771692,0.006349221431296268,0.03306082968336935,0.02955877446462218,0.007168482740163504,-0.02135310453994464,-0.014925635610135437,0.004454346091905558,0.0115164315210809,-0.007905172057463813,0.0,-0.01699756029540832,0.015748342185240974,0.0,0.004106777931561642,-0.013423007444650008,0.035559268117346735,0.018927991377707627,0.0071174611259955806
2025-07-14,0.02692166940587065,-0.014598785193275126,-0.0070671606737855944,-0.0055350201364025,0.0,0.0,0.003875970083794454,0.0,0.0,-0.010000073797601792,-0.019231344291746142,-0.0051680268307717405,0.006309163024485387,0.00809720241664188,0.0,-0.014388723877542694,0.007168482740163504,0.011215059824510263,-0.00892862219116849,0.0189042268934043,0.015748342185240974,0.01886857873808785,0.011363747874334085,-0.005221939105117153,0.0,0.0,0.0,0.01731643392534446,0.0,-0.00711746112599564
2025-07-15,0.0,-0.0044215561244756695,0.02105347260702841,0.003693444676395901,-0.005479460395805272,0.01250015065656515,-0.003875970083794585,0.011236062731748627,0.007905172057463819,0.014962858442059178,-0.009756165867938848,-0.010416751156715566,0.006269606921925908,0.0,-0.02955877446462216,-0.01459878544734433,-0.021661476270717493,0.0,-0.004494385253481667,-0.011299544092015267,-0.007843170127777188,0.0,-0.011363747874334036,-0.005249350958782723,0.007662865745610478,0.008163302695052716,0.0,0.004282657856401812,0.0,-0.014388723877542694
2025-07-16,0.0,-0.004441193141343963,0.013793308523969955,-0.0036934446763958943,0.005479460395805221,-0.018809313681050734,-0.027560772411822865,0.0,-0.007905172057463813,-0.00995032141084811,0.0,-0.005249350958782499,0.012422508040835311,-0.00809720241664192,0.009950321410848074,0.036104970450882526,-0.02214110444837323,-0.003724395453124868,-0.004514675980943624,-0.05448822502049885,0.0,-0.028438021020957063,0.0,-0.010582099318558446,0.007604682801388995,0.006078992037186474,0.0,0.012739014169903515,-0.018927991377707634,-0.0072727523931748195
2025-07-17,-0.0031298899726409455,-0.004460934296802675,0.0,0.0,-0.005479460395805272,0.0,0.015841899758635918,-0.022599810606082692,0.03891538013877681,0.0,0.033738108613726836,-0.005277052121341222,0.0,0.01612936642298423,-0.00995032141084811,0.007067160673785595,0.007434971238750044,0.06849517046447588,-0.00909096283426231,0.01980260859668314,0.023347342335702286,0.009569442282869345,-0.023122395112683266,-0.01069527888945819,0.0,0.008048325847020215,-0.006779680410128465,0.00840350297664704,0.0,-0.007326033054169456
2025-07-18,-0.003139716949284924,-0.002985073975413091,0.01360563881520608,0.0,-0.00550971624431123,0.0,0.00782782095044359,0.0,0.015151880967518554,0.019802608596683355,0.004728136931999134,0.005277052121341313,0.006153859705557772,0.0,0.01980260859668314,0.020906747926708276,0.0,-0.0034904017446655343,0.03146323910792397,0.003913895668890902,-0.015504172207925167,0.0,-0.005865113711324816,0.026526729166799393,-0.007604682801389022,0.013930608095660088,0.006779680410128444,0.01659787498817786,0.0,0.007326033054169503
2025-07-21,0.009389731240800418,-0.013544248110501055,0.013423007444649979,-0.004636094463387926,0.005509716244311248,0.0,0.003891051702743542,0.0,0.0,-0.034916231883772623,0.0,-0.015915440207621607,0.0,0.0,-0.029852934817110672,-0.020906747926708304,-0.007434971238749889,-0.003502627333677229,-0.026907427025710466,0.003898636791834069,0.0,-0.009569442282869305,0.0,-0.015831450277341185,0.02264254533890393,-0.03417419580776192,0.0,-0.016597874988177847,0.0,0.0
2025-07-22,-0.022048115696582268,-0.0152674576811775,-0.006688981750297861,0.022059696793186413,-0.00550971624431123,0.025001277987246547,-0.015655881732241507,-0.005730669228098182,-0.015151880967518485,0.015113623287089218,-0.004728136931999001,-0.010752781438702633,0.0,0.007968162080333152,0.02000064763127573,0.013986311933242724,0.0,-0.007042276122147227,0.0045351507520485805,-0.011741806919610994,0.00778213322249964,0.0,0.0,-0.01069527888945819,0.05092004184508653,-0.01857631853294681,0.0,-0.008403502976647062,0.0,-0.007326033054169456
2025-07-23,0.004765653595823697,0.019802644557253196,0.013333518153242435,-0.00913251856049572,0.0,0.012270080925744102,0.01565588173224152,-0.005763699172500427,-0.01538490473103598,-0.010050326220427584,-0.01913932274293444,-0.01086966167338712,-0.01857636774639301,-0.024097528503317416,0.0,0.0,-0.00749066437138548,0.0,-0.004535150752048731,0.01562530335027686,0.007722038985425549,0.01904817766891014,0.0,0.005361938000394903,0.007067160673785595,0.0041580060266276225,0.0,-0.004228332273135299,0.0,0.0
2025-07-24,0.012598580010267145,-0.004535186876075657,0.006600677798729651,0.013667690986960452,0.005509716244311248,-0.012270080925744142,0.0019398167285816883,0.005763699172500381,-0.015625303350276884,0.034742915550449546,-0.019512796067434328,0.01086966167338728,0.006230543734639389,-0.008163302695052731,-0.00995032141084811,-0.021053472607028428,0.007490664371385532,-0.0035398234188993853,-0.00455581208221365,0.007722038985425329,0.015267548546999675,0.0,0.0,0.0,-0.014184621799781234,0.0062047216091018825,-0.013605638815206041,0.0,0.012658384455781869,0.007326033054169503
2025-07-25,-0.006279449609063218,-0.0030349008403676337,0.0,0.005415127524564653,0.0,0.02439143007312866,-0.003883496430665945,0.0,-0.007905172057463813,-0.014742267919173985,-0.014888598400041399,-0.005420062216286015,0.00619196430619583,-0.01652928566578902,0.0,-0.00711746112599564,0.07889395044558029,0.0,-0.009174367245604869,0.0,-0.015267548546999533,0.009389843352046751,0.0,0.005333340889063316,0.0071174611259955806,-0.006204721609101773,0.006825958405077651,0.0,0.0,0.007272752393174878
2025-07-28,0.001573600458754368,-0.012232556840809877,-0.006600677798729731,-0.014506133905598876,-0.00550971624431123,-0.006042308797982368,-0.0038986367918339817,-0.005763699172500427,0.007905172057463819,0.014742267919173921,0.014888598400041446,0.032088283862610374,-0.012422508040835292,0.0,0.0,-0.014388723877542694,0.0068728725305045495,-0.00711746112599564,-0.004618941278365068,-0.007722038985425331,0.0,0.0,-0.011834516917728074,-0.005333340889063379,0.0,0.0,-0.013698830935582187,-0.012793339753170103,0.0,0.007220241137379365
2025-07-29,0.0,-0.007722075665207487,0.013158072193738468,0.0045558339545694335,0.005509716244311248,-0.024541085581342225,0.00971828657771271,-0.01749314042340947,0.01562530335027686,-0.004889980733338691,-0.009901061633650766,0.00524935095878255,0.018576367746392982,-0.008368241322527534,0.0,0.007220241137379365,0.006825958405077651,0.0,-0.009302383378101402,0.0,0.0,-0.018868578738087744,0.005934800599554714,0.0,-0.00711746112599564,0.012371279639161452,0.0,-0.008620735070485731,0.0,-0.007220241137379281
2025-07-30,0.0,0.0,0.0,-0.010050304327078275,0.005479460395805221,0.00619196430619583,-0.013632182246603512,-0.005899716318173342,0.03802745006993996,0.0,-0.004987536766390735,-0.01583145027734096,-0.01857636774639301,0.008368241322527527,0.0,-0.007220241137379281,0.0529924799140812,0.010657284544895063,0.009302383378101268,-0.011696028891390823,-0.007722038985425443,0.0,0.005899716318173401,0.01063838808628069,0.0,-0.01652928566578902,0.013698830935582138,0.0,-0.01904825264330718,0.0
2025-07-31,0.0,0.012326874181871039,-0.006557394395008837,-0.005524914503078729,-0.016529351893171514,0.0,-0.009852239974235892,-0.01190496206238883,-0.022642545338903967,0.019418067876815836,0.019802608596683355,-0.016086122327765805,0.0,0.0,0.0,0.028573345677324,-0.032789792059302734,-0.010657284544894995,-0.01869222673014813,0.0155645021013456,0.0,0.0,0.0058651137113246805,0.005277052121341313,-0.014388723877542694,-0.0146907511139832,-0.013698830935582187,-0.0086956988548587,0.0063898681875254795,0.007220241137379365
2025-08-01,0.0031397169492848147,-0.007686462110632293,0.013072069344937223,-0.001848383499641461,0.005540175253055062,0.012270080925744102,0.027345427146386197,-0.04281995658395586,0.007604682801388995,-0.029270355062651115,0.024214235752774975,-0.005420062216286015,0.006230543734639389,0.008298794604689132,0.0,-0.014184621799781234,-0.020202687854778488,0.0035650628312420235,0.009389843352046751,0.022901833413656536,-0.007782133222499723,0.0,0.01162802671208485,0.0,0.0,0.025053478749712497,-0.013889181725769854,0.0,0.006349221431296268,0.007168482740163504
2025-08-04,-0.003139716949284924,-0.013986265812452322,0.0,0.0046146124237033855,-0.005540175253055028,-0.006116221220186404,-0.001928685070804626,0.0,-0.015267548546999533,-0.00995032141084811,-0.014458069884836276,-0.0054495994571012365,0.00619196430619583,0.0,0.0,-0.014388723877542694,0.0,0.007092221713653185,0.013921324656466352,0.0037664790749428476,0.00778213322249964,0.0,0.01149436840059853,-0.005277052121341222,0.0,-0.012448281827057189,0.020762054256274573,-0.031044592136403072,-0.01273908961882177,-0.007168482740163348
2025-08-05,-0.011067333697213829,-0.012598580010267084,0.006472508512691357,-0.005540131101466172,0.005540175253055062,-0.006153859705557642,0.0019286850708047437,0.0,-0.007722038985425443,0.014888598400041446,-0.019608453053774056,-0.027702642073505927,0.0,-0.025105997108422044,0.0,-0.0072727523931748195,-0.006825958405077668,-0.010657284544894995,-0.013921324656466415,0.033274756617696515,0.0,0.0,0.03922074197310906,0.005277052121341313,0.014388723877542623,-0.008385785412396596,0.006825958405077651,-0.009049826732992296,0.0,0.0
2025-08-06,-0.0015910507585679737,-0.011155521783349002,0.0,0.000925518677762836,0.0,0.02439143007312866,0.0019248807046657794,0.0,-0.007782133222499723,-0.009901061633650766,0.02445107305662767,0.0,0.0,-0.017094417683034165,0.0,0.0,0.0,-0.003577817990735339,0.0,0.014440670482044405,-0.007782133222499723,0.0,0.06385147266178677,0.0,0.0,0.0021030982811968487,-0.006825958405077556,0.0357180483793169,0.01273908961882172,0.0
2025-08-07,0.0,0.003200075973045783,0.0064308844141964675,-0.0027791297584828403,-0.011111215122715005,0.0,0.0,0.0,0.0,-0.015037862986818345,0.0,0.0,0.012270080925744102,0.04220041479145621,0.0,0.01449299353055419,-0.006872872530504391,0.017762439790516525,0.013921324656466352,0.003577817990735309,-0.007843170127777188,0.00947873538604097,0.07447602233908526,0.0,0.0,-0.0021030982811969913,-0.0068728725305046146,-0.022173836392842834,0.049392708060375407,0.02135310453994471
2025-08-08,0.0,-0.0048038858136835345,0.0063898681875254795,0.01015242776120307,0.0055710398696598214,0.0,0.020933235570266908,0.0,-0.007843170127777188,0.0,0.014388724288892554,-0.0518847854375897,-0.006116221220186404,-0.008298794604689195,0.05826885414240924,0.0,0.013698830935582138,-0.028573345677323933,0.009174367245604971,0.017699560667042275,0.0,0.0,0.018958008540058968,0.01566610211549823,0.0,0.0,-0.0069204359934654305,0.0,-0.018237570367571024,0.054808266717068836
2025-08-11,-0.004788550140769487,0.007993678028163033,-0.025807936064341508,0.010050304327078315,-0.005571039869659899,-0.024391430073128693,0.0018815111428622797,-0.018927991377707634,0.0,-0.020408851769199408,-0.009569442282869082,0.02339285674158273,-0.012345824011753648,0.0,-0.009478735386040972,0.007168482740163504,0.020202687854778384,0.0036166370397949996,0.009090962834262329,0.0173918090594474,-0.007905172057463813,0.0,0.009345853047052682,0.015424516965620439,-0.021661476270717493,-0.002107530626873046,0.027398947339175996,0.008928622191168457,0.024243588837562967,0.0066445364029446095
2025-08-12,-0.004811590728468497,0.0031796497837822345,0.012987183462619612,0.0,0.0055710398696598214,0.02439143007312866,-0.009442976686715057,-0.01929326111441309,-0.007905172057463813,0.01534555470253776,0.009569442282869125,-0.01749314042340947,0.01234582401175363,0.008298794604689132,0.01886857873808785,-0.021661476270717493,-0.006688981750297861,0.0,-0.004535150752048731,0.0,0.007905172057463819,0.0,-0.023530587180201755,-0.005115095676324061,0.0,0.014659984801847672,0.006734025694352132,0.008849606874565697,-0.012048327267974208,-0.026847224257723082
2025-08-13,0.004811590728468525,0.009478734671999528,0.0,0.031322504738708054,0.0,-0.006042308797982368,0.04089785489674427,-0.02631728354661153,0.015748342185240974,0.005063297066661731,0.0,0.011696028347801337,-0.012345824011753648,-0.008298794604689195,-0.018868578738087744,0.01449299353055419,-0.006734025694352127,0.0,-0.00455581208221365,0.0,-0.007905172057463813,0.01869222673014823,0.00947873538604097,0.01020416024401339,0.007272752393174878,-0.004166668762577977,0.006688981750297954,0.01746767667204611,-0.012195261569588702,0.0
2025-08-14,0.0,-0.009478734671999637,0.01282075260172188,-0.0008814657817504649,0.0,0.0,0.0,0.0,0.0,-0.015267457310674819,-0.004773274406909872,-0.011696028347801235,0.030583394379324603,-0.008368241322527534,0.00947873538604097,-0.014492993530554128,0.0,0.007194268847012285,-0.004576662532905611,-0.020906747926708415,0.0,-0.01869222673014813,0.059514181513974224,0.0,0.0,0.0,0.0,0.01716778781124057,0.0,0.006779680410128444
2025-08-15,-0.006420561660093021,0.0,-0.006389868187525432,-0.016000368474913478,0.0,0.0,0.0036364508734174957,0.0,-0.007843170127777188,-0.010309421289296308,0.014252009792950849,0.11122559451263386,0.006006018469991941,0.0,0.01869222673014823,0.0,0.006734025694352132,0.0,-0.009216645991064273,0.013986311933242724,-0.007968162080333081,0.02790887272121241,0.03922067647349922,0.0,-0.01459878544734433,-0.008385785412396596,-0.006688981750297861,-0.021506185371127483,0.0,0.006734025694352132
2025-08-18,-0.0016116408008593805,-0.0015885990252140294,-0.006430884414196457,0.0017905517431193528,0.0,-0.012195261569588702,-0.010949091026245921,0.01980260859668314,0.007843170127777039,0.015424516965620439,0.014051851794161085,0.0,0.011904962062388738,0.0,0.0,0.0,-0.013513706104480588,-0.010810905886807373,-0.009302383378101402,0.0,0.0,0.009132474615119254,0.004264394884352982,0.015113623287089218,-0.01481507139420387,-0.002107530626873046,0.006688981750297954,0.0,0.0,0.0
2025-08-19,0.001611640800859403,0.0,-0.006472508512691262,-0.005381216492547245,0.0,0.0,0.009132518560495809,0.0,0.0,0.015190150823567363,0.0,0.06618190533593839,0.02915655591408321,-0.034191433564748075,0.0,0.0,-0.006825958405077668,0.010810905886807437,0.009302383378101268,-0.010471373065981707,0.007968162080333152,0.02690742702571047,-0.017167787811240575,0.0,0.0,0.022941597866326904,0.0,-0.021978885986724647,-0.012345824011753648,-0.04110171876583268
2025-08-20,0.006420561660093045,0.003174602837255418,0.0,-0.009941307007857458,-0.005571039869659899,0.018237570367570944,-0.0018198784076672984,-0.019802608596683105,0.0,-0.010101086255878213,-0.004662008442114251,0.009803990929980647,-0.005763699172500427,0.0672522632481174,0.0,0.0,-0.02076205425627439,-0.003590664749428089,0.004618941278365039,-0.024868043407205727,-0.007968162080333081,0.01754429313865675,-0.021882690698543768,-0.02531778353110246,0.007434971238750044,-0.010362727635729357,-0.006688981750297861,-0.02247283417764251,0.00619196430619583,-0.0070175662009383764
2025-08-21,0.0,-0.007955445810303156,0.006472508512691357,-0.0009086987247587813,0.0055710398696598214,0.0,0.0018198784076674348,0.02631728354661142,-0.007843170127777188,0.015113623287089218,-0.018868578738087744,0.019324255019436385,0.005763699172500381,0.055350042896483514,0.03636760869192039,0.007272752393174878,0.0,-0.003603604097584269,-0.013921324656466415,-0.003603604097584269,0.0,-0.008733671785050415,0.03478608362543126,-0.010309421289296308,0.0,-0.010471339603724423,-0.013513706104480588,0.0,-0.012422508040835292,-0.014184621799781234
2025-08-22,0.004788550140769443,0.007955445810303169,0.0064308844141964675,0.0,0.0,0.011976179932825813,-0.0018198784076672984,0.038221252492120855,0.0,0.004987536766390722,0.0,-0.009615449881982605,-0.017391725884585017,-0.02334734233570233,0.0,-0.0072727523931748195,0.020762054256274358,0.0,0.0,-0.010889389432969921,-0.00803216400634236,0.0087336717850503,0.008510681896768206,0.01030942128929636,0.0,0.00629597234977402,0.020202687854778384,0.009049826732992336,0.0,0.014184621799781118
2025-08-25,-0.003189792214479489,-0.0031746028372554103,-0.0194180678768161,0.015336347112993481,-0.005571039869659899,-0.005970161462834003,0.0018198784076674348,-0.006269606921925834,0.007843170127777039,-0.004987536766390735,-0.009569442282869082,0.004819282006023543,0.02312239511268329,-0.007905172057463813,0.0,-0.007326033054169456,0.0,0.0,-0.028438021020956838,-0.007326033054169567,0.0,-0.008733671785050415,0.02096520853036046,-0.005141394458524434,0.00738010015545396,0.0,0.0,-0.004514675980943624,0.006230543734639389,-0.014184621799781234
2025-08-26,0.006369441998261662,0.009493733238459272,-0.07461087531375202,-0.012612810855274034,-0.011236062731748753,-0.0060060184699918355,0.0,0.0,-0.01574834218524093,0.009950321410848074,0.028438021020956845,-0.009661902008876995,0.0,-0.03226083119837008,-0.018018488085736913,0.02898750932488704,-0.013793308523969885,-0.014545697130018563,0.009569442282869125,-0.03745761673310761,0.0,0.0087336717850503,0.008264501707599735,0.010256490134848532,0.0,0.004175367253950492,-0.013423007444650008,-0.022884271358232223,0.00619196430619583,-0.06644512605799474
2025-08-27,0.003169571647514219,0.01562530335027686,0.007017566200938237,0.0063263336288398656,0.0,0.011976179932825813,-0.00546951416072432,0.006269606921925908,0.015748342185240974,0.0,0.02765150398428485,0.0,0.0,-0.041847170066290046,0.0357180483793169,-0.028987509324886983,-0.021053472607028428,-0.0036697253571208693,0.06453857080810949,0.030077516577653975,0.008032164006342388,0.01724179048677462,0.0,-0.015424516965620335,-0.007380100155453859,0.03480384024330238,0.013423007444649979,0.004618941278365039,-0.012422508040835292,0.06644512605799474
2025-08-28,-0.01594936230053437,0.03503786061435923,0.0,0.0187421845444866,0.011236062731748845,0.023530545265529484,0.0,0.03077162931598164,0.00778213322249964,-0.02000064763127562,0.009049826732992336,-0.004866185134600146,0.0056980156960335475,0.02531788440050099,0.025975462271824908,0.021819026584723566,-0.00711746112599564,0.007326033054169503,0.004454346091905558,-0.03390160952948786,-0.01612936642298425,0.016949643077973472,-0.020790749056754862,0.0,0.02197888560279815,-0.006054455110656873,0.0,0.009174367245604971,0.0,0.0
2025-08-29,0.006410348654758594,0.0381838209129928,-0.0070175662009383764,0.0061701115250881395,0.0,-0.011696028347801235,-0.014733217927556844,0.0,-0.007782133222499723,0.01005032622042762,-0.013605638815205929,-0.01970505256363134,-0.011428684924131786,0.0,0.016949643077973472,0.02837067074088294,0.0,0.0,-0.00892862219116849,-0.0038387727937765547,-0.033060829683369264,0.0,0.004192874068576918,0.0,-0.0072727523931748195,-0.004056796771803803,-0.013423007444650008,0.0,0.006230543734639389,-0.007168482740163348
2025-09-02,0.0,-0.027759277879297602,0.0,0.0017558831836879507,0.0,0.023256839595910014,0.014733217927556833,0.0,0.0,-0.015113623287089257,-0.01843368345995696,0.0,0.0170944171024322,0.0,-0.02553337886423942,0.08701137698962969,-0.007168482740163348,-0.014706133209623379,0.00447427609926283,-0.055350042896483494,-0.034191433564748075,0.008368241322527527,-0.008403502976647062,0.0,-0.014706133209623379,0.02607973504543142,0.006734025694352132,-0.013793308523969885,-0.01250015065656526,0.0
2025-09-03,0.006369441998261662,-0.007435006955408705,0.0,-0.009695947155450406,0.0,0.022728229523506394,0.0,0.02395328933036308,0.030771720754924695,0.010101086255878222,0.018433683459956874,-0.004987536766390735,0.011236062731748627,0.03278979077748378,0.008583735786265884,-0.0194180678768161,0.0,0.0,0.004454346091905558,-0.01227008062661436,0.008658054700508674,0.016529285665789057,0.0,0.005168026830771913,0.0,0.04264207787746608,0.0,0.004618941278365039,0.0,0.0
2025-09-04,0.003169571647514219,0.007435006955408741,0.0,0.0026536710333033065,0.0055710398696598214,-0.005633812421074309,0.005469514160724344,-0.01190496206238883,0.00754719816612951,-0.020305246499891422,0.02257430016795043,0.014888598400041446,0.04372283487492147,0.0,0.016949643077973472,0.012987183462619612,0.03533941647318748,0.003696858297064305,0.0,-0.025001377964824916,0.025533378864239318,0.0,-0.017021672026305567,0.0,0.0,0.0018957785205855223,0.0,0.018265330079867182,0.006269606921925908,0.007168482740163504
2025-09-08,-0.003169571647514258,0.004434628013049543,0.007017566200938237,-0.001768303218559193,-0.005571039869659899,0.011236062731748627,0.0,0.017804678380562166,-0.007547198166129499,0.0,0.01769956029357998,0.009803990929980647,0.010638388086280471,0.0,-0.008438961181205271,-0.019544577857628528,0.04746649118677072,0.01828202730573385,-0.00892862219116849,0.004210628908069916,0.0,0.0,0.02542517500295252,0.0,0.014706133209623233,0.0,0.0,0.02237227627366165,0.0,0.0071174611259955806
2025-09-09,0.004750560430467212,-0.0029542089843561715,-0.01408472687472389,-0.011571122686122162,0.0,0.005571039869660042,0.005439761235844491,0.017493140423409482,-0.007604682801389022,-0.005141394458524546,-0.008810621353606442,0.009708805137453721,0.005277052121341313,0.0,0.01680720250373278,0.025975462271824908,0.0,0.0036166370397949996,0.0,-0.004210628908069958,0.008368241322527527,0.0,-0.016878122262197592,-0.020834128946269972,-0.007326033054169456,0.015037862537514834,0.0,0.0,0.0,-0.014285943866159048
2025-09-10,0.007867891190817556,-0.002963032947646201,0.0,0.004466303982545025,0.0,-0.011173290180334456,-0.0090827490337824,0.005763699172500381,0.007604682801388995,0.01025649013484875,-0.008888938939973515,-0.014598785870792438,0.02083412894626995,-0.032789790777483716,0.0,0.04389422731162592,-0.020067543847594634,0.003603604097584179,-0.013544211986474024,0.029108155896386614,-0.025317884400500992,0.0,0.0042462870124152785,-0.010582099318558446,0.014598785447344208,-0.013145761333054045,0.0774580615236695,-0.008888938939973515,0.006230543734639389,0.007168482740163504
2025-09-11,0.0,0.022011174682083523,0.0,0.004446444775669737,0.0055710398696598214,-0.005633812421074309,0.0036429877979378892,0.011428684924131866,-0.007604682801389022,-0.005115095676324061,0.008888938939973553,-0.01980260859668333,0.01534555470253776,0.0,-0.025317884400500992,0.006116221220186421,0.006734025694352132,0.049132724997157345,-0.009132474615119266,0.020284651550515558,0.0,0.0,-0.012793339753170216,0.0,-0.0072727523931748195,0.0,0.01234582401175363,0.04367502256540495,-0.006230543734639407,0.0071174611259955806
2025-09-12,-0.00944887997377034,-0.01314842541626391,0.014084726874723943,0.01671834594572105,-0.005571039869659899,0.011236062731748627,0.0,0.0,0.007604682801388995,-0.005141394458524546,0.013186991843685023,0.009950321410848074,0.0,0.0,0.008510681896768206,0.012121349147384488,0.0,-0.056352966134536595,-0.018519029369165625,0.004008017567521568,0.03361667900519043,-0.01652928566578902,0.0,0.0,0.0,0.0037735858188063525,-0.006153859705557642,0.0,0.0,-0.00711746112599564
2025-09-17,0.009448879973770242,0.0,0.013889181725769988,-0.005249392677107111,0.0055710398696598214,0.0,0.010850005732616262,0.022472834779709055,-0.007604682801389022,0.02040885176919942,-0.02655020688292141,0.019608453053774177,-0.010204160244013221,0.0,0.0,0.0,-0.02033966450955827,-0.01092906009022354,-0.042966108164434,0.0,0.032523160179136756,-0.01680720250373277,0.004282657856402033,0.010582099318558432,-0.014706133209623379,0.007504718604360348,0.0771896357476908,0.004264394884352982,0.012422508040835311,0.0
2025-09-18,0.003129889972640981,0.024692554439498287,0.0,0.0,0.0,0.011111215122715356,0.0,0.011049891497366831,0.0,-0.005063297066661689,0.008928622191168457,-0.009756165867938848,-0.015504233340894603,-0.025317884400500992,0.01680720250373278,-0.012121349147384575,0.0,0.0036563076970486893,0.009708805137453721,0.0039920174700382215,-0.01612936642298425,0.01680720250373278,0.004264394884352982,0.01566610211549823,0.0,0.0,-0.023122395112683155,-0.034635464483286596,-0.006191964306195913,0.0
2025-09-19,0.0,-0.005755406239753567,-0.0069204359934654305,0.013937577605060644,-0.005571039869659899,-0.01671346543338964,0.0,0.0,-0.0076628657456105625,0.0,0.0,-0.034916231883772623,-0.010471290063899817,0.02531788440050099,-0.01680720250373277,-0.006116221220186404,0.01360563881520608,0.0036429877979378892,-0.00484262000285356,0.0,0.0,0.016529285665789057,0.0042462870124152785,0.015424516965620439,0.00738010015545396,0.005591852363011973,0.02312239511268329,0.021787333812667592,-0.006230543734639407,0.0
2025-09-22,0.0,0.004319691396164832,0.013793308523969955,0.01800306062134203,0.0,0.016713465433389606,0.012511364507541018,0.0,0.015267548546999675,0.010101086255878222,0.0,-0.015345554702537739,0.01047129006389992,-0.01680720250373277,0.01680720250373278,0.024243588837562967,-0.013605638815206152,0.010850005732616262,-0.004866185134600146,0.0,0.00809720241664188,0.0,-0.004246287012415234,-0.01025649013484849,0.0,0.018416708995248374,-0.011494368400598594,-0.017391726485559075,0.006230543734639389,-0.007168482740163348
2025-09-23,0.015504171634804168,0.005730669228098306,-0.0068728725305046146,-0.028438010892725307,-0.005602250310674478,0.005509716244311468,-0.005342881767377523,0.016349122069191965,-0.007604682801389022,0.0,0.0,-0.0051680268307717405,0.030771690651569372,0.0,0.008298794604689132,0.0,0.0,0.0,0.014528087143477182,0.007936542086844474,-0.02449099617279426,0.0,0.008474619285550421,0.0,0.0,0.0036429877979378892,0.0,-0.0176995602935799,-0.006230543734639407,0.007168482740163504
2025-09-24,-0.03443216301251179,0.0,0.0,-0.0017497383632748462,0.005602250310674402,-0.0055097162443115645,-0.008968618586220346,-0.01634912206919197,0.015151880967518554,0.014962858442059178,0.0,-0.02094315423683933,0.034742915550449546,0.033336488169521845,0.024490996172794505,-0.0060060184699918355,0.01360563881520608,0.0,0.004796167875959231,0.011787944708691447,0.0,0.008163302695052716,0.012578870230597415,0.0,0.0,-0.010969020852107306,-0.005797112075608216,-0.008968661352744583,0.006230543734639389,0.0
2025-09-25,-0.006389868187525432,-0.002861229548440992,-0.013889181725769854,0.006110861031979093,0.0,0.0,0.0,0.010929059852906027,0.0,0.014742267919173921,0.060363193620049715,0.005277052121341313,-0.014742267919173985,-0.03333648816952178,-0.024490996172794488,0.006006018469991941,-0.020478511345710583,0.038805621012266464,0.0,0.007782133222499861,0.024490996172794287,0.0,0.0041580060266276225,0.02040885176919942,0.007326033054169503,0.007326033054169503,-0.005830914636476384,-0.004514675980943624,0.0,-0.007168482740163348
2025-09-26,0.007980918946093454,-0.0057471367431362165,-0.0070175662009383764,-0.003487358598391753,-0.005602250310674478,-0.01671346543338964,0.008968618586220238,0.01617284365498859,-0.007547198166129499,-0.014742267919173985,0.03292475238659591,-0.015915440207621607,0.0,0.01680720250373278,0.008230491061099875,-0.01812736761737642,0.0,-0.0034662045390789404,0.004773274406909948,0.038027450069939746,-0.00809720241664192,-0.008163302695052731,0.0,0.02000064763127573,0.0,0.01269285768449719,0.017391725884584968,-0.004535150752048731,-0.006230543734639407,0.007168482740163504
2025-09-29,0.0015885990252141118,0.0,0.007017566200938237,-0.001748208835919989,0.005602250310674402,0.011173290180334477,0.0071174611259955806,0.021164791166404105,0.015037862537514834,0.0,-0.016326877398418056,0.015915440207621624,0.0049382769891932795,-0.01680720250373277,0.008163302695052716,-0.012270080925744142,0.0068728725305045495,-0.003478343987639026,-0.004773274406909872,0.007434971238750044,0.00809720241664188,0.0,0.0286317847508562,0.0,0.007272752393174878,-0.001803468251527333,-0.011560811248108578,0.013544211986473934,0.0,-0.014388723877542694
2025-09-30,-0.0015885990252140294,0.008608366291577263,-0.01408472687472389,0.005235567434311715,-0.005602250310674478,0.0,0.0017715202003403935,0.015584777987487237,0.022141104448373364,0.014742267919173921,-0.025001377964824916,0.02083412894626995,0.0,0.0,0.0,-0.006191964306195913,0.0,-0.0034904017446655343,0.0,0.01834912100756125,-0.00809720241664192,0.0,-0.004040405644838063,0.0,-0.021978885602798193,0.019661068164083598,0.028655228350540934,-0.013544211986474024,0.0,-0.0072727523931748195
2025-10-01,0.0031746028372556393,0.0,0.02797390860049385,0.0017391706786937546,0.005602250310674402,0.005540175253055282,0.012313206674383475,-0.0051680268307717405,0.007272752393174878,-0.004889980733338691,0.03319813715964508,0.00514139445852456,0.0,0.01680720250373278,-0.008163302695052731,0.0,0.0,0.0069687457323044065,0.004773274406909948,0.014440670482044405,0.039845870688558355,0.0,0.012072569651180509,0.0098522871858351,0.00738010015545396,0.008810579340706302,-0.02285811627493258,0.0045351507520485805,0.0,-0.007326033054169456
2025-10-02,0.0015835678354726888,-0.008608366291577265,-0.013889181725769854,-0.0017391706786937654,0.0,-0.005540175253055251,0.02247287622971556,-0.005194812051598307,0.014388723877542623,0.0,0.036076021992575466,0.0,0.0,0.04879011686415906,0.008163302695052716,0.01234582401175363,0.027028646259856202,-0.010471373065981707,0.00947873538604097,-0.010810905886807373,-0.007843170127777188,-0.008230491061099628,-0.004008017567521535,0.009756165867939136,0.007326033054169503,0.01911441963695651,0.005763699172500381,-0.004535150752048731,0.0,0.0
2025-10-03,0.0,0.022792987851500926,-0.0070175662009383764,0.013829075326952489,0.0,-0.016807102601408698,-0.006861083926436123,-0.010471290063899817,0.041964242256994175,-0.01980260859668333,0.007843170127777039,0.005115095676324177,0.04808625448947613,-0.04879011686415913,0.00809720241664188,0.0,-0.006688981750297861,0.006993029078342827,0.02790887272121241,0.0036166370397949996,0.0,0.0,0.008000035037559602,0.0,0.007272752393174878,-0.003448276018723596,-0.011560811248108578,0.009049826732992336,0.0,0.0
2025-10-06,0.009448879973770242,-0.005649727214967185,-0.014184621799781234,0.007695647636526172,0.0,0.02785699409877547,0.0,-0.03753788331971143,-0.020762054256274504,0.0,-0.003913895668890834,-0.010256490134848601,-0.009434135679107251,0.03278979077748378,-0.016260505111694693,0.012195261569588601,0.006688981750297954,-0.0034904017446655343,-0.023202873974104168,0.017889547963743282,-0.007905172057463813,0.0,-0.003992017470038185,0.0,-0.0072727523931748195,-0.006932430187221161,-0.005830914636476384,-0.009049826732992296,0.0,-0.007380100155453859
2025-10-07,0.0,0.00846266595045183,0.0071174611259955806,0.0017021670291690995,0.0,-0.011049891497366723,-0.003448276018723596,0.01086966167338728,-0.01408472687472389,-0.015113623287089257,0.0,-0.015584777987487312,-0.004750598454041881,-0.032789790777483716,-0.01652928566578902,-0.006079040349402174,0.0,0.00349040174466545,0.009345853047052903,-0.0035523982947536976,-0.024097528503317416,0.008230491061099654,0.0039920174700382215,0.009661902008876854,0.007272752393174878,0.0,-0.005865113711324928,0.0,0.0,0.0
2025-10-08,0.003129889972640981,-0.015569975653462239,0.0,0.0,0.0,0.032789857004866425,0.008598537971718516,0.0,-0.00711746112599564,-0.005089064567689072,0.0,0.015584777987487237,0.004750598454041804,0.0,0.0,0.035932045997938464,0.0,-0.0034904017446655343,-0.004662008442114251,-0.0035650628312419866,0.00809720241664188,0.0,0.003976144610294784,0.01904817766891014,-0.0072727523931748195,0.010380706205944773,0.0,0.0,-0.006269606921925834,0.0
2025-10-09,0.0,0.018375023954737033,0.0,0.007623937839456007,-0.005602250310674478,-0.027249681751811177,0.0034188034047501876,0.0,0.014184621799781118,0.01015236163435085,-0.015810591126645002,-0.01036283888237005,0.004728136931999134,0.0,0.0,0.1372011179174282,-0.006688981750297861,0.00349040174466545,0.009302383378101268,0.017699560667042275,-0.00809720241664192,0.008163302695052716,0.0,0.0,0.007272752393174878,0.0068610839264361964,0.0,0.009049826732992336,0.006269606921925908,0.0
2025-10-10,-0.0015637577716170101,-0.014104592900649393,-0.021506185003538344,-0.004228352137087425,0.0,-0.01671346543338964,-0.0017079814313090544,0.0,-0.0070671606737855944,0.01005032622042762,-0.008000035037559684,-0.005221939105117265,-0.009478735386040972,0.0,0.008298794604689132,0.025317783531102363,0.019934195951972208,0.0,0.0,0.0,-0.008163302695052731,-0.008163302695052731,-0.02004073173151355,-0.01904817766891028,0.0,-0.012037925958332108,0.005865113711324902,0.0,-0.006269606921925834,0.00738010015545396
2025-10-13,0.0,-0.022989496172240508,-0.0072727523931748195,-0.008510722134004892,0.005602250310674402,0.0222231816777012,-0.017241790132380867,0.0,-0.014285943866159048,-0.005012537031211045,-0.008064552083659107,-0.005249350958782499,-0.009569442282869082,-0.01680720250373277,0.04839649431693378,-0.005012537031211045,0.0,-0.0069930290783427355,0.004618941278365039,0.0,-0.02489752698831648,-0.008230491061099628,-0.004056796771803803,0.009569442282869345,0.0,0.0,-0.005865113711324928,0.0,0.0,-0.007380100155453859
2025-10-14,-0.014184583822308531,-0.0014545790029153365,0.007272752393174878,0.0017079814313087274,-0.005602250310674478,-0.011049891497366723,0.0017376596349698986,-0.02739901356655871,-0.014492993530554128,-0.015190150823567276,0.004040405644838229,-0.005277052121341222,0.014320040736911063,0.01680720250373278,-0.023905498144139285,-0.015190150823567276,-0.013245214201674278,0.0035026273336773027,-0.013921324656466415,-0.007042276122147227,-0.008438961181205271,0.0,0.00809720241664188,0.00947873538604097,0.007220241137379365,-0.0174525164723217,0.07368771119292226,-0.004514675980943624,0.006269606921925908,0.0
2025-10-15,0.0,-0.0073045925505308305,0.014388723877542623,-0.008569065357745216,0.04396314718520084,0.011049891497366831,0.0,-0.03390151970384093,0.021661476270717614,0.01015236163435085,0.03174866827191641,0.015748342185240974,0.12878087931997362,-0.03390162018676693,-0.024490996172794488,0.015190150823567363,0.013245214201674292,0.0069687457323044065,0.004662008442114341,0.007042276122147243,0.033336488169521845,0.0,-0.004040405644838063,0.04609117406932424,0.01428594386615902,0.0035149388672611323,0.03753788331971149,0.0,0.0,0.0
2025-10-16,0.0,-0.0014673852666562406,-0.021661476270717493,0.015371806060441228,-0.02173996550750004,0.08426032443098563,-0.003478343987639026,0.0057306692280980846,-0.007168482740163348,-0.005063297066661689,-0.03578907391675463,-0.015748342185241043,0.004158006026627401,0.0,-0.01666703592721668,-0.0101010862558781,0.025975462271824908,-0.006968745732304421,0.0,-0.0035149388672611106,-0.01652928566578902,0.008230491061099654,-0.004056796771803803,-0.018182301348111753,0.014084726874723943,-0.014134497835800392,0.0,0.0,-0.006269606921925834,-0.007434971238749889
2025-10-17,0.00790513421324536,-0.007369187845872206,-0.007326033054169456,0.0,-0.011049891497366276,0.029852934817111043,0.0,0.03922074197310949,-0.02181902658472355,-0.020513581533309483,-0.02874938513264526,-0.021391169524983083,0.020534582334214145,0.0,-0.008438961181205271,-0.005089064567689183,-0.025975462271824953,0.0,-0.02353058718020198,0.010507967945603783,-0.025317884400500992,0.0,-0.02053458233421425,-0.02790887272121242,-0.01408472687472389,-0.021583551304021554,-0.010582099318558446,0.0,0.0,0.0
2025-10-21,-0.007905134213245376,0.01176483002949803,0.0,0.0025391239055126105,0.0,-0.0298529348171109,-0.0069930290783427355,0.0,0.014598785447344208,0.01030942128929636,0.028749385132645223,0.016086122327765937,0.01612936642298423,-0.008658054700508611,0.008438961181205244,-0.01025649013484849,0.0,0.0069687457323044065,0.01886857873808785,0.003478343987639033,0.008510681896768206,0.0,0.004140788578061737,0.06394877436204216,0.0,0.00904986988655931,0.015831450277340973,0.0,0.0,-0.015037862537514927
2025-10-22,-0.003179649783782088,0.0029197072579049094,0.0,0.03161661970575053,0.0,-0.0412429807154693,-0.007042276122147227,0.0,-0.01459878544734433,0.005115095676324177,0.00806455208365907,-0.005333340889063155,0.0,0.03419143356474797,0.008368241322527527,-0.026111181067611195,-0.01993419595197219,0.0,-0.009389843352046762,-0.010471373065981707,-0.008510681896768226,-0.01652928566578902,0.0,0.00881062135360639,-0.00711746112599564,-0.001803468251527333,-0.01583145027734096,0.0,0.0,-0.030771720754924767
2025-10-23,0.0,-0.008784820969229423,0.0,0.0,0.0,-0.005277052121341222,0.007042276122147243,0.00547946039580478,0.014598785447344208,0.020202687854778384,0.06227696167920692,0.005333340889063095,0.07325048301113858,0.0,-0.008368241322527534,-0.02681123174126915,-0.006734025694352127,-0.003478343987639026,-0.004728136931999001,0.0173918090594474,0.008510681896768206,0.016529285665789057,-0.05085846949196495,-0.008810621353606442,0.014184621799781118,0.012556249460506517,0.005305047197217218,0.0,0.0,0.015504172207925323
2025-10-24,0.0,0.008784820969229357,0.0,-0.017348641458853134,0.0,-0.021391169524983083,-0.0017558831836880042,-0.010989176640116305,0.0,-0.02531778353110246,0.03339824789470168,0.010582099318558432,0.007407434082689608,-0.034191433564748075,0.008368241322527527,0.005420062216286035,0.006734025694352132,-0.0034904017446655343,0.014117980284045808,-0.0034542314543866653,-0.008510681896768226,0.008163302695052716,-0.017544293138656752,0.01754429313865675,-0.0070671606737855944,-0.01980265109553845,0.0,-0.004535150752048731,0.006269606921925908,0.007662865745610478
2025-10-27,0.0,0.0072621544968596765,-0.029852933931718725,0.02061928720273561,0.0,0.0,-0.0035211269991762668,-0.03371102572879788,0.0,0.005115095676324177,0.007272752393174878,0.01047129006389992,0.025502268443113072,0.03419143356474797,0.024692588360841736,-0.01634912206919242,0.0,0.0,-0.009389843352046762,0.0,0.0,0.0,-0.008888938939973515,-0.026433232078630325,0.014084726874723943,0.0,0.0,0.0,-0.006269606921925834,0.0
2025-10-28,-0.003189792214479489,-0.007262154496859721,0.0,-0.01729150027841432,0.0,-0.03297005343621879,0.007029899153266697,-0.04679218720457015,0.014388723877542623,0.005089064567689096,-0.0036297645952370152,-0.010471290063899817,0.0035906647494279758,0.008368241322527527,0.0,0.005479460395805221,-0.034132973033528226,0.0,0.0,-0.0174525164723217,0.0,0.0,-0.06453857080810949,0.008888938939973553,0.0,-0.0036429877979378762,-0.005305047197217205,0.018018488085736917,0.006269606921925908,-0.0076628657456105625
2025-10-29,0.0,-0.0014588228486537443,0.0,0.008271377199322874,0.0,0.011111215122715356,0.0034965037067047036,0.04679218720457015,0.014184621799781118,0.0,0.0,0.0,0.007142880821977302,0.0,-0.016393793756152603,-0.022100391762831448,0.006920435993465473,0.0,-0.019048177668910055,-0.010619558968539236,0.0,-0.008163302695052731,0.03738760810725329,0.0,0.0,0.0,0.005305047197217218,0.004454346091905558,-0.006269606921925834,0.0
2025-10-30,-0.0015987579262899214,0.001458822848653874,0.00754719816612951,0.014718119422967538,-0.005571039869659899,-0.01671346543338964,0.008688184927953417,0.02259981060608265,0.0,-0.005089064567689072,0.0,0.0,0.0687556126099297,0.0,0.016393793756152505,-0.028330479834180973,0.0,0.0,0.0,-0.0035650628312419866,0.0,0.0,0.027150962700856145,0.0,-0.0070175662009383764,-0.014706133209623379,-0.021391169524983083,0.013245214201674292,0.0,0.0
2025-10-31,0.0,0.0029112073785717086,0.014925635610135518,0.006472508512690916,0.011111215122714917,-0.005633812421074309,-0.013937577605060621,0.016620931367026824,0.0,-0.005115095676324061,0.014440670482044405,-0.005277052121341222,-0.020134889076731378,-0.008368241322527534,0.0,0.0,0.020478511345710722,0.0,0.009569442282869125,0.014184621799781118,0.0,0.0,0.06899290696590589,0.00881062135360639,0.0,0.0018500934227400983,-0.005420062216286015,0.013072069344937442,0.006269606921925908,0.015267548546999675
2025-11-03,0.0,0.021568067088182045,-0.014925635610135437,0.0040241657433444525,-0.005540175253055028,-0.011363747874334036,0.015666143618233135,-0.039220741973109464,0.013986311933242724,0.0,0.003577817990735309,0.06652068046808624,-0.006802740702696069,0.008368241322527527,-0.016393793756152603,-0.011560811248108578,0.006734025694352132,0.0,0.00947873538604097,0.007017566200938237,0.016949643077973472,-0.01652928566578902,0.024692588360841736,-0.0176995602935799,-0.0070671606737855944,0.016499027584821205,-0.0054495994571012365,0.0,-0.01257876994641129,0.044451719379062976
2025-11-04,0.0,0.004258307732981223,0.014925635610135518,0.004008036717607921,0.0,-0.017291480476206843,0.010309359945159592,-0.005730669228098182,0.006920435993465473,-0.010309421289296308,0.0,0.034066522938610365,-0.06340153413452373,0.0,0.008230491061099875,0.0,-0.013513706104480588,0.0,-0.009478735386040972,-0.021202188000719557,-0.008438961181205271,0.0,-0.04149979086457453,0.0,0.014084726874723943,-0.00913251856049572,-0.027702642073505927,-0.026317283546611645,0.012578769946411373,0.007220241137379365
2025-11-05,-0.008032202460952372,0.005649727214967146,0.00738010015545396,0.01823273230161902,0.0,0.011560811248108576,-0.01376956772726196,0.0057306692280980846,-0.0069204359934654305,0.01030942128929636,-0.036367609480340825,0.004773274406909948,0.014440670482044405,0.0,-0.02489752698831648,0.011560811248108576,0.0,0.0,-0.004773274406909872,-0.021661476270717493,-0.008510681896768226,0.0,-0.008510681896768226,-0.018018488085736913,-0.01408472687472389,-0.011070213527785451,0.0,-0.004454346091905699,-0.018927991377707634,-0.007220241137379281
2025-11-06,0.0,0.037322920058068164,-0.007380100155453859,0.004702235998314444,0.0,0.0170944171024322,-0.0069565431590236015,-0.02898750882400805,-0.006968745732304421,-0.005141394458524546,0.0,-0.014388724288892547,0.0,-0.03390162018676693,0.0,-0.011560811248108578,0.006779680410128444,0.0,0.004773274406909948,-0.02214110444837323,-0.008583735786265919,0.008298794604689352,-0.025975462271824953,-0.027651503984284922,0.014084726874723943,0.02020273208828114,0.0,0.013303952966471196,0.0,0.0
2025-11-07,0.0,0.0,0.0,0.0,0.0,0.016807102601408712,0.0034843207539046743,0.0,-0.0070175662009383764,0.0,-0.04546242130868979,-0.019512796067434328,-0.010810905886807373,0.0,0.016667035927216762,0.0,0.0,0.0,-0.004773274406909872,0.0037243954531247596,0.0,-0.008298794604689418,0.0087336717850503,0.0,0.0,-0.00546951416072432,-0.005633812421074309,-0.026787290300159524,0.0,-0.01459878544734433
2025-11-10,0.008032202460952435,0.02147737900149128,0.00738010015545396,-0.007849363948614787,-0.005571039869659899,-0.011173290180334456,0.006932430187221132,-0.005899716318173342,0.013986311933242724,0.00514139445852456,0.011560811779201754,0.009803990929980647,-0.0072727523931748195,0.0,0.0,0.011560811248108576,0.0,0.024180857661024534,0.009523872860951717,0.0037105757856250618,0.0,0.0,-0.017544293138656752,-0.009389843352046762,-0.0070175662009383764,-0.016590182632462012,0.011236062731748627,-0.004535150752048731,0.0,0.0
2025-11-11,0.019017987870154376,0.001327107285788164,-0.007380100155453859,0.01641303313675536,0.0055710398696598214,0.011173290180334477,-0.006932430187221161,0.0,-0.006968745732304421,0.0,0.026466638290737893,0.0048661851346001326,0.0,0.03390162018676702,-0.01666703592721668,-0.023256839595909927,-0.006779680410128465,0.020270944779137455,-0.004750598454041881,-0.003710575785625153,-0.017391726485559075,0.008298794604689352,-0.008888938939973515,0.0,-0.014184621799781234,0.0,0.0,-0.04652008272237262,0.0,0.014598785447344208
2025-11-12,-0.01582310001565857,-0.0146963413347363,0.014706133209623233,0.01691049299698271,0.0,0.0,0.008658095628435286,-0.005934800599554761,-0.021202188000719557,-0.010309421289296308,0.0,0.0,0.01449299353055419,0.0,-0.008438961181205271,-0.042048267218124935,-0.006825958405077668,0.04255957454946757,0.0,0.007407434082689608,0.0087336717850503,-0.008298794604689418,0.01769956029357998,-0.009478735386040972,0.0,0.0018569647049050592,-0.022599810606082692,-0.009569442282869082,0.012658384455781869,-0.0072727523931748195
2025-11-13,0.014252046742055354,0.0,0.007272752393174878,-0.009188417331775252,0.0,0.016529351893171517,-0.0017256654412140643,0.0,0.0071174611259955806,0.015424516965620439,0.0,0.014458069884836179,0.010733545571405274,0.0,-0.008510681896768226,-0.024845974668318813,0.0,0.009569517971307478,-0.004773274406909872,-0.01487014798131398,-0.008733671785050415,0.0,-0.0176995602935799,0.0,-0.007168482740163348,0.001853611080720024,0.0,0.004796167875959231,0.0,0.0
2025-11-14,-0.011067333697213829,-0.004045822528233577,0.0355909118782622,0.011472372153131651,0.0,-0.027702642073505927,0.0034482760187236026,0.011834516917728159,-0.014285943866159048,-0.010256490134848601,-0.01883292972883958,-0.024214235752775037,-0.01795378670878464,-0.008368241322527534,0.008510681896768206,-0.012658384455781838,-0.013793308523969885,0.0,-0.004796167875959173,0.0037383184454995756,0.0087336717850503,0.008298794604689352,-0.008968661352744359,-0.019231344291746142,0.0,-0.003710575785625153,-0.017291480476206843,0.0,-0.0063091630244854185,-0.02214110444837323
2025-11-17,0.0,0.020067575426214106,0.013889181725769988,0.01883294887430688,-0.005571039869659899,-0.022728229523506522,0.0068610839264361964,0.005865113711324902,0.02135310453994471,0.0,0.02626790096758945,-0.009852287185835272,0.0036166370397949996,0.0,0.008438961181205244,-0.006389868187525432,0.013793308523969955,-0.0031796497837821994,0.009569442282869125,0.011131829535814371,-0.008733671785050415,0.008230491061099654,-0.027398947339176118,0.028710079677787145,0.007168482740163504,0.02023981838551909,-0.011696028347801235,0.0,0.012578769946411373,0.007434971238750044
2025-11-18,0.0,0.007915600894365257,0.013698830935582138,0.00891542598410196,0.0,0.0,-0.008583694503945605,0.0,-0.02135310453994464,-0.0051680268307717405,-0.026267900967589467,0.0049382769891932795,-0.007246401635032083,0.0,-0.01694964307797349,0.01904825264330729,0.0,0.0,0.004750598454041804,-0.00740743408268955,0.017391726485559075,-0.01652928566578902,-0.01869222673014813,-0.01904817766891028,0.0071174611259955806,-0.00731264015282846,-0.011834516917728074,0.0,0.006230543734639389,-0.014925635610135437
2025-11-19,0.0015885990252141118,0.005242470886581297,0.0,0.034887225142181455,0.0,0.022728229523506394,0.005159036838266474,0.0,0.0,0.0,0.022557325181964363,0.0,-0.007299295494986557,0.0,0.0,-0.0063091630244854185,-0.013793308523969885,0.012658384455781869,0.009434135679107399,0.0037105757856250618,0.0,0.0,-0.028710079677787007,-0.0852646324506132,0.0,0.012762283155732744,0.0,-0.009615449881982605,-0.006230543734639407,0.007490664371385532
2025-11-20,0.004750560430467212,-0.0026178000096001106,0.013513706104480555,0.010657267514996408,0.0,-0.005633812421074309,-0.017301453220606597,0.0,0.007168482740163504,0.005168026830771692,0.022059696793186413,0.0,0.043017344634808614,-0.034191433564748075,0.0,-0.01273908961882177,0.006920435993465473,0.0,0.018605169261404868,0.025595522642593144,-0.017391726485559075,0.0,0.009661902008876854,0.0,0.007067160673785595,0.0,0.0,0.0,-0.006269606921925834,0.0
2025-11-21,-0.006339159455681144,-0.017184839752910415,0.013333518153242435,0.008444866437233241,-0.005602250310674478,-0.017094417102432247,0.0034843207539046743,0.02312239511268329,0.0,-0.02083412894626986,-0.0183491210075612,-0.024938924620469025,-0.024868043407205727,-0.008733671785050415,0.008510681896768206,-0.03922067647349926,-0.013889181725769854,0.0,0.00459770471269931,-0.014545697130018563,0.017391726485559075,0.0,0.0,-0.005249350958782723,0.0,0.005420105291322367,0.0,-0.009708805137453664,0.006269606921925908,-0.00749066437138548
2025-11-24,0.0015885990252141118,-0.03943406395456494,0.013158072193738468,0.009068716523513242,0.0,-0.005763699172500427,0.010380706205944773,0.0,0.0,0.01047129006389992,0.00738010015545374,0.0,0.02486804340720562,0.0,-0.008510681896768226,0.0066445364029446095,0.020762054256274358,-0.003149605828236556,0.013667625367167828,-0.04879020783583904,-0.02620234783916546,0.0,-0.0442332135047101,-0.010582099318558446,0.0,0.010752781208979089,-0.011976179932825855,-0.05001037286112454,0.0,-0.007547198166129499
2025-11-25,-0.012779790653020116,-0.005563291335453248,-0.006557394395008837,-0.006968629487037468,0.0,0.005763699172500381,-0.0017226105775094821,0.05014980182601543,0.0071174611259955806,0.0,0.010969020852107525,0.0,-0.0035149388672611106,0.042925105349798376,-0.008583735786265919,0.0,-0.013793308523969885,0.0,0.017937683425593834,0.015267548546999675,0.00881062135360639,-0.008368241322527534,-0.041031418945903154,-0.01069527888945819,0.013986311933242724,-0.012556249460506423,-0.036813938113964,0.03526810494195061,0.006230543734639389,0.0
2025-11-26,0.006410348654758594,0.04366310171855862,0.013072069344937223,0.0,0.0,0.0,0.013698830935582138,0.005420062216286035,0.014084726874723943,-0.010471290063899817,0.0036297645952369758,0.0,-0.014184621799781234,0.0,0.017094417683034057,0.013158072193738468,-0.006968745732304421,0.003149605828236448,0.04348507135785213,0.015037862537514834,0.017391726485559075,-0.008438961181205271,-0.03733763482139313,0.010695278889458152,0.02061926692904748,0.0018034682515272729,-0.006269606921925834,0.014742267919173921,-0.006230543734639407,0.02247283377626483
2025-11-27,0.009539013645775776,0.003997368454575504,0.012903392926887811,0.0006990722877145391,-0.005633812421074309,0.022728229523506394,0.018534592543423597,-0.01634912206919197,0.0,-0.005277052121341222,0.014388723877542623,0.0,0.0,0.0,-0.008510681896768226,0.044735927442049156,0.0,0.006269606921925908,0.03347599725037541,0.007434971238750044,-0.017391726485559075,0.008438961181205244,0.010810905654593712,0.010582099318558432,-0.020619266929047586,-0.02925260197484056,0.018692114962761144,0.02884812788038816,0.0,-0.014925635610135437
2025-11-28,0.0,-0.0026631148831158277,-0.006430884414196457,-0.014074881358831011,0.005633812421074211,0.005602250310674402,-0.006700186415441795,0.07410796279663481,-0.0355909118782622,0.015748342185240974,0.014184621799781118,-0.015267457310674819,-0.007168482740163348,-0.034191433564748075,-0.008583735786265919,-0.01257876994641129,-0.0070175662009383764,0.012422508040835311,0.06376655774762748,-0.04159394809873487,0.0,0.0,0.03174866827191641,-0.005277052121341222,-0.0139863119332428,0.011070213527785495,-0.025001277987246565,-0.023981942745788003,0.0,0.014925635610135518
2025-12-01,0.004735562565731005,0.04178155596653739,0.03174874397942956,0.005653720067806824,0.005602250310674402,0.011111215122715356,0.01003359912935739,-0.005115095676324061,-0.01459878544734433,-0.005221939105117265,0.010507967945603783,0.01020416024401317,0.02135310453994471,-0.035401893431374704,-0.017391726485559075,-0.01273908961882177,0.007017566200938237,0.030397448543120594,0.022901833413656536,-0.02739894861769571,0.017391726485559075,0.0,0.0606246254686803,-0.005305047197217205,0.020906747926708276,-0.012927178232690609,0.018809313681050693,0.028710079677787145,0.006230543734639389,0.0
2025-12-02,0.01096333169955489,0.02025383734307631,0.024692588966579433,-0.013480131985395627,0.0,-0.005540175253055251,0.023027310694710253,-0.02072617244601185,0.036104970450882526,0.0,-0.028270407736120336,0.04467239775171133,0.06805348091874334,0.09449085398443925,0.017391726485559075,-0.045909658223797126,-0.01408472687472389,0.0,0.014981538899453178,0.01964697897707497,0.008583735786265884,0.0,0.0,0.021053389382458338,0.0,-0.014981538899453343,0.0,-0.009478735386040972,-0.006230543734639407,0.0
2025-12-03,-0.0015588824577465342,-0.003766509177445185,-0.006116221220186404,0.019102133952229507,0.0,0.0,-0.006525302290037473,0.0,-0.021506185003538344,0.005221939105117212,-0.018083658279982224,0.004842620002853491,-0.04027386046153067,0.01626050511169458,-0.017391726485559075,-0.006734025694352127,0.0,0.008941929114742673,-0.018762257990639786,0.015444308209867733,0.016949643077973472,0.0,0.04785608889777288,0.005194812051598424,0.0,0.02238897298214292,0.0,-0.009569442282869082,0.0,0.00738010015545396
2025-12-04,0.009316828957018748,0.027297013535782136,0.006116221220186421,-0.0014025568528286052,0.0055710398696598214,0.021978951350272665,0.004897925378745511,0.0,0.014388723877542623,-0.015748342185241043,-0.02214110444837323,-0.019512796067434328,-0.02426468158995163,-0.016260505111694693,-0.0176995602935799,-0.013605638815206152,0.014084726874723943,-0.017964538303716717,-0.003795067191324629,-0.01156081177920181,-0.008438961181205271,0.0,-0.018868578738087744,0.015424516965620439,-0.0069204359934654305,0.005519744150000967,0.01234582401175363,0.009569442282869125,0.006230543734639389,0.007326033054169503
2025-12-05,0.0,-0.0073710924161569545,0.0,-0.0021074635611676128,0.0,0.021506184544051815,-0.0016299517969224507,0.010416751156715583,-0.007168482740163348,0.005277052121341313,0.01481507139420361,0.004914010196641934,-0.017699560667042254,-0.041847170066290046,-0.027150962700856176,-0.013793308523969885,0.0,0.009022609188974127,-0.0038096156100643833,0.007722038985425329,0.008438961181205244,0.0,-0.009569442282869305,-0.005115095676324061,0.013793308523969955,-0.0036764713455991146,0.006116221220186421,-0.009569442282869082,-0.006230543734639407,-0.007326033054169456
2025-12-08,-0.017147677740072524,0.0,-0.012270080925744142,0.009797096558315972,0.0,0.02624820143405664,-0.004906013071851137,-0.058683445831014425,-0.007220241137379281,0.0,0.010969020852107525,-0.014815071830292674,-0.05129324509047625,0.016949643077973472,-0.018519029369165625,-0.021053472607028428,0.013889181725769988,0.017804678380562166,0.007604682801388995,0.01147248135567501,-0.008438961181205271,0.0,-0.02927035506265089,-0.010309421289296308,-0.0068728725305046146,0.02724966038813905,-0.006116221220186404,0.0,0.006230543734639389,-0.01481507139420387
2025-12-09,0.0,-0.013656284114222816,0.0,0.004169597435837408,0.0,-0.026248201434056553,0.008163341780065591,0.058683445831014376,0.021506185003538333,-0.015915440207621607,-0.0183491210075612,-0.010000073797601792,0.018622493907199816,-0.02553337886423942,0.009302383378101268,0.014084726874723943,-0.013889181725769854,0.026126279275566988,-0.022989587532424898,0.011342265357453946,0.0,0.0,0.02927035506265104,-0.005194812051598307,0.0,-0.0017936779623585635,0.006116221220186421,-0.009661902008876995,0.00619196430619583,0.007434971238750044
2025-12-10,0.0,-0.017654918252155462,0.012270080925744102,-0.008356586543681422,0.0,0.0,-0.023027310694710146,0.005168026830771692,-0.00711746112599564,0.005333340889063095,0.0,0.005012537031210991,0.014652262710496907,0.0666914109642506,0.009216645991064322,0.0069687457323044065,0.0,-0.002869439679657161,0.0038684732099547887,-0.0344202821292203,-0.008510681896768226,0.0,0.0,-0.005221939105117153,-0.020906747926708304,0.0071556585758529145,-0.012270080925744142,0.009661902008877073,0.006153859705557772,-0.007434971238749889
2025-12-11,-0.0015736004587544382,0.0,0.006079040349402274,-0.0021000870364756108,-0.005571039869659899,0.015831450277340973,0.01813729119412244,-0.08607465433948723,0.014184621799781118,0.005305047197217218,0.011049825512574631,0.009950321410848074,-0.0183491210075612,-0.016260505111694693,0.0,0.027398947339175996,0.0,0.002869439679657085,-0.031375093227990605,0.019268401161701875,0.008510681896768206,0.0,-0.03922067647349903,0.010416751156715365,-0.014184621799781234,-0.005361980613494304,0.01834912127514641,0.0,0.0,0.0
2025-12-12,0.001573600458754368,0.005076148117122006,0.006042308797982336,0.004893382244703674,0.0,0.010416751156715583,0.012987183462619612,0.08090662750871545,0.013986311933242724,-0.005305047197217205,-0.0036697253571208693,0.0049382769891932795,0.00738010015545374,-0.050430905852555906,0.0,-0.048452419946204466,0.027588012661351986,0.011396123893397454,0.011881316667758822,0.01138540189257555,0.0,0.0,0.02955877446462218,0.005168026830771913,0.0,0.008920699758112995,0.0,0.009569442282869125,0.006116221220186421,0.007434971238750044
2025-12-15,-0.0063091630244854185,0.007566233103822139,-0.018237570367571024,0.0006971229766940289,0.0055710398696598214,0.005168026830771692,-0.004850411004754174,-0.04233432376182248,0.027398947339175996,0.0,0.007326033054169503,0.004914010196641934,0.007326033054169503,0.0,0.0,-0.014285943866159048,-0.041672739536076024,-0.020029262745555013,0.0,-0.01904826763818615,0.0,-0.008438961181205271,-0.03457131149583322,0.0,0.0,-0.014311500353597862,-0.012195261569588702,0.03738760810725329,-0.006116221220186404,0.02197888560279815
2025-12-16,0.0,-0.015190150823567389,0.012195261569588601,0.008327590308466967,0.0,-0.0314162282648283,0.0,-0.005420062216286015,0.013423007444649979,-0.01069527888945819,-0.0036563076970486936,-0.014815071830292674,0.0036429877979378892,0.017094417683034057,-0.009216645991064273,-0.014492993530554128,0.0348467811309983,0.0,0.0,0.0,0.0,0.0,-0.0050377891892164845,0.010256490134848532,0.0,0.00539080059548485,-0.01857636774639301,-0.018519029369165625,0.0,0.0
2025-12-17,0.0015809887829528176,0.013933050849376004,0.006042308797982336,0.0020710903291759376,-0.005571039869659899,0.005305047197217218,0.0064620518056136165,0.0,0.0,-0.010810905654593653,0.0036563076970486893,0.0,-0.0036429877979378762,-0.02575247238354272,0.027398947339175996,0.007272752393174878,-0.006872872530504391,-0.0028943552301342276,0.011741806919610978,0.0,-0.008510681896768226,0.01680720250373278,0.049271002693926556,0.0,0.0,0.0017905517431195744,-0.025317859565233025,0.013921324656466352,-0.012345824011753648,-0.0072727523931748195
2025-12-18,0.0015785684132960623,0.02484597577223529,0.0,0.0245243667592648,0.0055710398696598214,-0.010638388086280346,0.0,0.032088283862610374,-0.006688981750297861,0.005420062216286035,-0.007326033054169567,-0.004987536766390735,0.0036429877979378892,0.008658054700508674,0.0,0.021506185003538333,0.0,0.002894355230134138,0.007751969640620806,0.007662865745610478,0.0,0.0,-0.03922067647349903,0.0,0.0,0.008904727373611657,0.0,0.00459770471269931,0.0,-0.014706133209623379
2025-12-19,-0.014297328768314766,0.012195319899920686,-0.018237570367571024,0.004029583703356434,0.021978951350272665,-0.010752781438702633,0.023867496256644225,-0.04301734371551623,0.006688981750297954,0.005390843438307659,0.007326033054169503,0.014888598400041446,0.018018488472779662,-0.017391726485559075,0.008968661352744326,0.02105347260702841,0.0,0.0,-0.015564502101345714,0.0189042268934043,-0.008583735786265919,0.0,0.0,0.0,0.0,-0.00711746112599564,-0.01290339292688771,0.004576662532905499,0.018462045231939988,0.00738010015545396
2025-12-22,0.015873334137796822,0.012048384201170593,0.012195261569588601,0.002008687189360828,-0.016438776097217507,0.047502350592594174,0.006269606921925908,0.027101903507894546,0.02631728354661142,0.010695278889458152,-0.0036563076970486936,0.009803990929980647,-0.007168482740163348,0.0087336717850503,0.0,-0.021053472607028428,0.0,-0.0028943552301342276,0.023256840670592614,0.011173289684249525,-0.008658054700508611,0.0,0.0,0.005089064567689317,0.0,0.014184621799781118,-0.013072069344937237,0.027028646259856202,0.0,0.0
2025-12-23,0.0,0.0,0.0,-0.016863806268980725,-0.005540175253055028,0.0,0.0015612418611280088,0.026386730271521403,0.019293261114413214,0.010582099318558432,-0.0036697253571208693,-0.00980399092998061,-0.025502268443113117,-0.008733671785050415,0.0,-0.00711746112599564,-0.027973908600493886,0.002894355230134138,0.018975973919352566,0.00738010015545374,0.0,0.0,0.0,0.0,0.0,0.0017590556835731538,0.0,-0.013423007444650232,0.0,-0.01481507139420387
2025-12-24,0.004713317408039218,-0.0060060467651042275,-0.006079040349402174,0.015525151182009473,0.005540175253055062,0.0,0.0031152644246641497,0.015504233340894498,0.012658384455781869,0.00524935095878255,-0.018553389839703362,0.019512796067434404,-0.00740743408268955,0.0,0.0,0.0,0.02797390860049385,0.0028860021090210356,-0.01134226535745401,-0.018553389839703362,0.0,0.0,0.009950321410848074,0.0,0.0,0.003508772154090379,0.0,0.0134230074446502,0.0,0.007434971238750044
2025-12-26,0.0,-0.0024126016353442597,-0.006116221220186404,0.0046775691106705096,0.0,0.0,0.0,0.0,0.006269606921925908,0.0,0.0037383184454995756,0.0,-0.003724395453124868,-0.008810621353606442,0.0,0.0071174611259955806,-0.027973908600493886,0.0,0.007575786282511141,-0.007518825000828648,0.01724179048677462,-0.008368241322527534,0.0,0.00506329706666151,0.0,-0.008795165092549653,-0.006600677798729731,0.03493801861709743,-0.012270080925744142,-0.007434971238749889
2025-12-29,0.006250014291515601,-0.009708805137453664,0.024243588837562967,0.0013324757107203277,-0.005540175253055028,-0.015584777987487312,0.0,-0.010309421289296308,0.0,-0.005249350958782499,0.011131829535814371,-0.009708805137453664,-0.015037862537514927,-0.008888938939973515,0.0,0.0,-0.00711746112599564,-0.005780357339155367,-0.01904826763818615,0.0,0.0,0.008368241322527527,0.0,0.0,0.0071174611259955806,0.001765265939282923,0.013158072193738468,0.046129827922691984,-0.012422508040835292,0.0
2025-12-30,0.0,0.018127453537902183,0.0,0.006635686369612698,0.005540175253055062,-0.005249350958782499,0.009287983896571815,-0.005194812051598307,-0.01257876994641129,-0.005277052121341222,-0.0036968582970643505,0.0048661851346001326,-0.015267548546999533,0.0,-0.008968661352744359,-0.00711746112599564,-0.007168482740163348,0.002894355230134138,0.007662865745610478,0.014981538899453178,0.05001047276134278,-0.008368241322527534,0.0098522871858351,0.005037789189216557,0.0,-0.0053050893581823725,0.0,0.01626050511169458,0.0,0.0
2025-12-31,-0.014117905482333019,0.004778976851825036,0.005970161462833876,-0.0059701771840479905,-0.005540175253055028,-0.005277052121341222,0.001539681452440343,0.015504233340894498,0.012578769946411373,0.0,-0.014925635610135437,0.009661902008877073,0.02656709263901491,0.0,0.026668221646324243,0.0071174611259955806,0.03533941647318748,-0.0028943552301342276,0.007604682801388995,0.0,-0.02469258836084179,0.0,0.03846624554572604,-0.020305246499891422,0.0,-0.0035523982947536976,-0.013158072193738508,0.019960723563224925,0.018576367746392982,0.0
